Workbook

Sheet Story
A1: Limerick: is there enough zoned land to build 39,865 homes by 2040?
A2: Reads top to bottom: demand, what the Housing Land Register holds, where supply sits, how fast it is delivered, and how much more land to zone. Numbers are live; change levers on Inputs.
B5: Housing target 2026–40 | D5: Register: homes still to build | F5: Deliverable by 2040 (selected) | H5: Shortfall against fair share | J5: Land to zone (ha) | L5: City share of new land
B6: =target_total -> 39865 | D6: =reg_fut -> 22519 | F6: =o_sup -> 17245 | H6: =o_gap -> 22620 | J6: =o_ha -> 1035.4702 | L6: =o_citypct -> 0.52144013
B7: ="Scenario shown: "&dens_scn&" · tenure position: "&tenure_scn&" · split city / settlements / remainder: "&TEXT(fs_city,"0%")&" / "&TEXT(fs_set,"0%")&" / "&TEXT(fs_rem,"0%")&" (set on Inputs)" -> Scenario shown: Current density · tenure position: Working · split city / settlements / remainder: 70% / 24% / 6% (set on Inputs)
B9: 1 Demand: what has to be built
B10: ="Limerick needs "&TEXT(target_total,"#,##0")&" homes between 2026 and 2040, about "&TEXT(target_total/15,"#,##0")&" a year. On the "&LOWER(tenure_scn)&" tenure position that is "&TEXT(d_soc,"#,##0")&" social ("&TEXT(d_soc/target_total,"0%")&"), "&TEXT(d_aff,"#,##0")&" affordable ("&TEXT(d_aff/target_total,"0%")&"), "&TEXT(d_prs,"#,##0")&" private rented ("&TEXT(d_prs/target_total,"0%")&") and "&TEXT(d_buy,"#,##0")&" for buyers ("&TEXT(d_buy/target_total,"0%")&")." -> Limerick needs 39,865 homes between 2026 and 2040, about 2,658 a year. On the working tenure position that is 8,362 social (21%), 5,019 affordable (13%), 5,292 private rented (13%) and 21,191 for buyers (53%).
B11: ="The Council profile front-loads delivery: "&TEXT('1 Demand'!D22,"#,##0")&" homes in 2026–28 against "&TEXT('1 Demand'!C22,"#,##0")&" of modelled need, then paid back after 2035. The totals are not the risk. The risk is the wrong tenures and sizes." -> The Council profile front-loads delivery: 12,789 homes in 2026–28 against 7,957 of modelled need, then paid back after 2035. The totals are not the risk. The risk is the wrong tenures and sizes.
B12: ="Specialist need inside social: about "&TEXT('1 Demand'!D46,"#,##0")&" disability, "&TEXT('1 Demand'!E46,"#,##0")&" older persons, "&TEXT('1 Demand'!F46,"#,##0")&" Traveller-specific and "&TEXT('1 Demand'!G46,"#,##0")&" community dwellings over 2026–40. On size, the Council plan is "&TEXT('1 Demand'!G58,"0%")&" one-bed overall; need-based mix gives "&TEXT('1 Demand'!G57,"0%")&", and "&TEXT(mix_Social1,"0%")&" for social alone." -> Specialist need inside social: about 1,554 disability, 891 older persons, 92 Traveller-specific and 155 community dwellings over 2026–40. On size, the Council plan is 24% one-bed overall; need-based mix gives 31%, and 55% for social alone.
B14: 2 The register: what it holds
B15: ="The register has "&TEXT(reg_parcels,"#,##0")&" parcels and "&TEXT('2 Register'!C27,"#,##0")&" counted permissions. Consented homes total "&TEXT(reg_cons,"#,##0")&", of which "&TEXT(reg_comp,"#,##0")&" are complete. Council audit land and zoning estimates with no consent add "&TEXT(reg_unc,"#,##0")&" of capacity. Total supply is "&TEXT(reg_tot,"#,##0")&"; "&TEXT(reg_fut,"#,##0")&" are still to be built." -> The register has 446 parcels and 236 counted permissions. Consented homes total 10,500, of which 1,631 are complete. Council audit land and zoning estimates with no consent add 13,650 of capacity. Total supply is 24,150; 22,519 are still to be built.
B16: Parcels hold the land and permissions hold the consents, one permission to one parcel. Only Complete, Under construction, Permitted – not started and Stalled count; Expired and In planning are kept but not counted. The register also carries a quarterly GeoDirectory check of new addresses (see 2 Register).
B18: 3 Where the supply sits
B19: ="City Centre holds "&TEXT('3 Supply'!L7,"#,##0")&" homes of future supply ("&TEXT('3 Supply'!M7,"0%")&"), the rest of the city "&TEXT('3 Supply'!L8,"#,##0")&" ("&TEXT('3 Supply'!M8,"0%")&"), the 15 settlements "&TEXT('3 Supply'!L10,"#,##0")&" ("&TEXT('3 Supply'!M10,"0%")&") and the remainder of the county "&TEXT('3 Supply'!L11,"#,##0")&" ("&TEXT('3 Supply'!M11,"0%")&"). Only "&TEXT('3 Supply'!I7,"#,##0")&" City Centre homes have a consent; "&TEXT('3 Supply'!J7,"#,##0")&" sit on audit land with none." -> City Centre holds 4,127 homes of future supply (18%), the rest of the city 13,258 (59%), the 15 settlements 4,550 (20%) and the remainder of the county 584 (3%). Only 925 City Centre homes have a consent; 3,301 sit on audit land with none.
B20: ="In the settlements "&TEXT('3 Supply'!I10,"#,##0")&" homes are consented ("&TEXT('3 Supply'!I10/'3 Supply'!K10,"0%")&" of their total supply) and "&TEXT('3 Supply'!J10,"#,##0")&" are zoned-land estimates with no consent. Area-by-area detail for all 24 study areas is on 3b Study Areas." -> In the settlements 1,738 homes are consented (36% of their total supply) and 3,063 are zoned-land estimates with no consent. Area-by-area detail for all 24 study areas is on 3b Study Areas.
B21: ="The City Centre figure rests on a few large audit parcels. Across City Centre audit land with no consent, capacity works out at "&TEXT('3 Supply'!B47,"0")&" homes a hectare, against a register density band of 100+ on most of it. The largest parcel, "&TEXT('3 Supply'!A69,"@")&" ("&TEXT('3 Supply'!F69,"0")&" ha), works out at "&TEXT('3 Supply'!J69,"0")&". The density lever tests that gap." -> The City Centre figure rests on a few large audit parcels. Across City Centre audit land with no consent, capacity works out at 44 homes a hectare, against a register density band of 100+ on most of it. The largest parcel, CITY-107 (68 ha), works out at 37. The density lever tests that gap.
B23: 4 Delivery: how fast sites activate
B24: ="Of the units granted permission in 2018–23, "&TEXT(act_old,"0%")&" have started. Projected delivery from the register (scenario: "&dens_scn&") averages "&TEXT(v_pipe_26_30,"#,##0")&" a year in 2026–30, "&TEXT(v_avg2,"#,##0")&" in 2031–35 and "&TEXT(v_avg3,"#,##0")&" in 2036–40, against a Council profile of 4,263 a year to 2030." -> Of the units granted permission in 2018–23, 79% have started. Projected delivery from the register (scenario: Current density) averages 1,746 a year in 2026–30, 3,257 in 2031–35 and 2,970 in 2036–40, against a Council profile of 4,263 a year to 2030.
B25: ="Projected delivery to 2040 is "&TEXT(v_total,"#,##0")&" against a target of "&TEXT(target_total,"#,##0")&". Without any new zoning the gap in 2040 would be "&TEXT(-v_nonew_gap,"#,##0")&" homes. New land is sized to close that total, but it delivers from "&TEXT(new_s,"0")&", so the cumulative shortfall against the Council profile peaks at "&TEXT(-v_peak,"#,##0")&" homes in "&TEXT(v_peak_yr,"0")&"." -> Projected delivery to 2040 is 39,865 against a target of 39,865. Without any new zoning the gap in 2040 would be 22,619 homes. New land is sized to close that total, but it delivers from 2031, so the cumulative shortfall against the Council profile peaks at 12,586 homes in 2030.
B27: 5 Land: how much more to zone
B28: ="The fair-share test splits future demand "&TEXT(fs_city,"0%")&" city, "&TEXT(fs_set,"0%")&" settlements and "&TEXT(fs_rem,"0%")&" remainder of the county. Against that, the register delivers "&TEXT('5 Land Need'!B8,"#,##0")&" homes at current densities and "&TEXT('5 Land Need'!C8,"#,##0")&" at increased density, against "&TEXT('5 Land Need'!B7,"#,##0")&" required. The shortfall is "&TEXT('5 Land Need'!B9,"#,##0")&" and "&TEXT('5 Land Need'!C9,"#,##0")&" homes." -> The fair-share test splits future demand 70% city, 24% settlements and 6% remainder of the county. Against that, the register delivers 17,245 homes at current densities and 20,242 at increased density, against 39,865 required. The shortfall is 22,620 and 19,623 homes.
B29: ="Land to zone: "&TEXT('5 Land Need'!B16,"#,##0")&" ha at current densities (City Centre "&TEXT('5 Land Need'!B12,"#,##0")&", rest of city "&TEXT('5 Land Need'!B13,"#,##0")&", settlements "&TEXT('5 Land Need'!B14,"#,##0")&", remainder "&TEXT('5 Land Need'!B15,"#,##0")&") or "&TEXT('5 Land Need'!C16,"#,##0")&" ha with the City Centre at "&TEXT(cc_dph_inc,"0")&" homes a hectare (City Centre "&TEXT('5 Land Need'!C12,"#,##0")&", rest of city "&TEXT('5 Land Need'!C13,"#,##0")&", settlements "&TEXT('5 Land Need'!C14,"#,##0")&", remainder "&TEXT('5 Land Need'!C15,"#,##0")&")." -> Land to zone: 1,035 ha at current densities (City Centre 125, rest of city 415, settlements 375, remainder 120) or 924 ha with the City Centre at 100 homes a hectare (City Centre 13, rest of city 415, settlements 375, remainder 120).
B31: 6 Recommendation
B32: ="Zone about "&TEXT(o_ha,"#,##0")&" more hectares ("&dens_scn&"): "&TEXT(o_ha_city,"#,##0")&" ha ("&TEXT(o_citypct,"0%")&") in the city, "&TEXT(o_ha_set,"#,##0")&" ha in the settlements and "&TEXT(o_ha_rem,"#,##0")&" ha in the remainder of the county. At the planned tenure, the homes still to find are "&TEXT(t_shsoc,"0%")&" social, "&TEXT(t_shaff,"0%")&" affordable and "&TEXT(t_shpriv,"0%")&" private market." -> Zone about 1,035 more hectares (Current density): 540 ha (52%) in the city, 375 ha in the settlements and 120 ha in the remainder of the county. At the planned tenure, the homes still to find are 24% social, 15% affordable and 61% private market.
B33: The city share follows the fair-share principle (city about 70% of the county). The split of the other 30% between settlements and the remainder is a placeholder, as are realisation rates and timing. Check them against the county land audit and the 25 open register checks.
B35: Charts
B73: Sources: Limerick Housing Land Register (GeoPackage, register file date October 2026); Limerick Interim HNDA synopsis, Spatialis, October 2026 working draft. Realisation rates, timing and the city / county fair share are working assumptions or placeholders, marked on Inputs. Source not verified for the fair share.

Sheet Inputs
A1: Inputs and levers
A2: Change the yellow cells. Everything else in the workbook recalculates. Blue text = input; black = formula; green = link to another sheet.
B5: 1 Scenario switches
B6: Tenure position used as the plan | C6: Working | E6: Working = the middle position from the HNDA note (sums to the Council target). Lower / Upper normalise the published range ends to the same total.
B7: (index) | C7: =IF(tenure_scn="Lower",1,IF(tenure_scn="Upper",3,2)) -> 2
B8: Density scenario that drives the annual projection | C8: Current density | E8: Both scenarios are always shown side by side on 5 Land Need. This switch picks the one used on 4 Delivery and the Story page.
B9: (1 = increased) | C9: =IF(dens_scn="Increased density",1,0) -> 0
B10: Add housing-list need to social (taken from buyers) | C10: No | E10: HNDA note: 1,308 households on the list are not in the model. Yes moves them from buyers to social over 2026–35 so the total stays at target.
B11: Housing-list households to add | C11: 1308 | D11: homes | E11: Source: HNDA synopsis, social demand table (housing list note). Spread evenly 2026–35.
B12: 2 Target and fair share
B13: Housing target 2026–2040 | C13: 39865 | D13: homes | E13: Source: HNDA synopsis (Council target for 2026–40 equals the new HNDA need). The annual figures on 1 Demand are rounded and sum to 39,864.
B14: Completions 1 Jan – 30 Sep 2026 not yet in the register | C14: 0 | D14: homes | E14: Source not verified. The register holds no completion dates, so this is left at 0. Enter the figure when known.
B15: Supply from outside the register 2026–40 (small sites, vacancy, conversions) | C15: 0 | D15: homes | E15: Not in the register. Left at 0 so the model reflects the register as it stands.
B16: City share of future demand (Limerick City ≈ 70% of the county) | C16: 0.7 | E16: Fair-share principle from the project brief: the city is about 70% of the county, so future demand is accommodated in that proportion. Change to test other splits.
B17: Settlements share (the 15 key towns and large villages) | C17: 0.24 | E17: PLACEHOLDER. Source not verified. Assumes 80% of the non-city 30% goes to the 15 settlements. Council to set from the settlement strategy.
B18: Remainder of county share (everywhere outside the 24 study areas) | C18: 0.06 | E18: PLACEHOLDER. Source not verified. The other 20% of the non-city 30%.
B19: Total of the three shares (should be 100%) | C19: =city_share+set_share+rem_share -> 1 | E19: The model rescales the three shares to 100% if they do not add up.
B20: City share used | C20: =city_share/fs_tot -> 0.7
B21: Settlements share used | C21: =set_share/fs_tot -> 0.24
B22: Remainder share used | C22: =rem_share/fs_tot -> 0.06
B23: City Centre share of the City target | C23: 0.25 | E23: PLACEHOLDER. Source not verified. Set from the city centre strategy / Development Plan.
B24: 3 How much of each register layer is actually built by 2040 (realisation)
B25: Under construction | C25: 1 | E25: Working assumption.
B26: Permitted – not started | C26: 0.85 | E26: Working assumption. Evidence on 4 Delivery: share of units granted 2018–23 that have started.
B27: Stalled | C27: 0.5 | E27: Working assumption.
B28: Council audit land with no consent (unconsented capacity) | C28: 0.7 | E28: Working assumption. These parcels have no permission yet.
B29: Zoned land, no consent (county estimate) | C29: 0.6 | E29: Working assumption. Interim estimate in the register until the county audit arrives.
B30: Newly zoned land | C30: 0.8 | E30: Working assumption. Applied when sizing how much land to zone.
B31: Student (PBSA) units counted towards the target | C31: 1 | E31: The register counts PBSA units in its totals. Set to 0% if student schemes do not meet HNDA need.
B32: 4 Density
B33: City Centre density in the increased scenario | C33: 100 | D33: homes/ha | E33: Register density band for city centre parcels is "100+". Applied to unconsented audit land and to newly zoned City Centre land. 0 = no change.
B34: Rest of City density in the increased scenario | C34: 0 | D34: homes/ha | E34: 0 = no change from the register capacity.
B35: Density on newly zoned Rest of City land | C35: 34 | D35: homes/ha | E35: Register: median of 39 permitted city-suburb schemes of 10+ homes (zoned-land parcels, density_basis).
B36: Density on newly zoned county town land (fallback) | C36: 25 | D36: homes/ha | E36: Register: median of 102 permitted county town and village schemes of 10+ homes.
B37: Density on newly zoned county serviced sites (fallback) | C37: 19 | D37: homes/ha | E37: Register: lower quartile of permitted county schemes, serviced-site zoning.
B38: Density on newly zoned settlement land: override | C38: 0 | D38: homes/ha | E38: 0 = use the average zoning density the register already carries for each settlement (3b Study Areas), else the county blend above.
B39: Density on newly zoned remainder-of-county land: override | C39: 0 | D39: homes/ha | E39: 0 = register average for the remainder, else the county blend.
B40: Developable share of zoned land | C40: 0.91 | E40: Register: council city audit developable area / mapped area. Gross zoned hectares = net capacity / (density × this).
B41: 5 Timing of delivery (even spread between the start and end years)
B42: Register pipeline beyond 2030: spread to | C42: 2033 | D42: year | E42: Register holds one "2031+" figure. Working assumption.
B43: Stalled: start year | C43: 2028 | D43: year | E43: Working assumption.
B44: Stalled: end year | C44: 2030 | D44: year
B45: Unconsented audit land: start year | C45: 2028 | D45: year | E45: Working assumption. No permission yet, so not before the 2028 plan year.
B46: Unconsented audit land: end year | C46: 2040 | D46: year
B47: Zoned land with no consent: start year | C47: 2028 | D47: year | E47: Working assumption.
B48: Zoned land with no consent: end year | C48: 2040 | D48: year
B49: Newly zoned land: first completions | C49: 2031 | D49: year | E49: Working assumption: zoning, permission and build take until after the current plan period.
B50: Newly zoned land: end year | C50: 2040 | D50: year
B51: 6 Specialist need (HDAP 2027–2030 assessed need)
B52: Disability | C52: 490 | D52: homes | E52: Source: HNDA synopsis, specialist shares (HDAP Tables 8 and 9).
B53: Older persons | C53: 281 | D53: homes
B54: Traveller-specific | C54: 29 | D54: homes
B55: Community dwellings (H15) | C55: 49 | D55: homes
B56: Assessed social need, all categories | C56: 2637 | D56: homes | E56: Source: HNDA synopsis. Shares are held constant for every year.
B57: 7 Unit mix: share of homes by size, by tenure
B58: Social: 1 bed / 1p | C58: =1460/2637 -> 0.55365946 | D58: share | E58: HDAP assessed social need 2027–30 (1,460 / 483 / 479 / 215 of 2,637). HNDA synopsis.
B59: Social: 2 bed / 2p | C59: =483/2637 -> 0.18316268 | D59: share
B60: Social: 3 bed / 3p | C60: =479/2637 -> 0.18164581 | D60: share
B61: Social: 4+ bed / 4p+ | C61: =215/2637 -> 0.081532044 | D61: share
B62: Affordable: 1 bed / 1p | C62: =7739/32082 -> 0.24122561 | D62: share | E62: Council planned split 2026–35 (7,739 / 9,954 / 6,000 / 8,389 of 32,082). "ph" read as persons per household; confirm with the Council.
B63: Affordable: 2 bed / 2p | C63: =9954/32082 -> 0.31026744 | D63: share
B64: Affordable: 3 bed / 3p | C64: =6000/32082 -> 0.18702076 | D64: share
B65: Affordable: 4+ bed / 4p+ | C65: =8389/32082 -> 0.26148619 | D65: share
B66: Private rented: 1 bed / 1p | C66: =7739/32082 -> 0.24122561 | D66: share | E66: As affordable: Council planned split.
B67: Private rented: 2 bed / 2p | C67: =9954/32082 -> 0.31026744 | D67: share
B68: Private rented: 3 bed / 3p | C68: =6000/32082 -> 0.18702076 | D68: share
B69: Private rented: 4+ bed / 4p+ | C69: =8389/32082 -> 0.26148619 | D69: share
B70: Buyers: 1 bed / 1p | C70: =7739/32082 -> 0.24122561 | D70: share | E70: As affordable: Council planned split.
B71: Buyers: 2 bed / 2p | C71: =9954/32082 -> 0.31026744 | D71: share
B72: Buyers: 3 bed / 3p | C72: =6000/32082 -> 0.18702076 | D72: share
B73: Buyers: 4+ bed / 4p+ | C73: =8389/32082 -> 0.26148619 | D73: share
B74: 8 Legend
B75: Yellow cell, blue text: an input you can change. | C75: 123
B76: Black text: formula. Green text: link to another sheet.

Sheet 1 Demand
A1: 1 Demand: what Limerick has to build, 2026–2040
A2: Target, tenure, unit mix and specialist need from the Limerick Interim HNDA synopsis (Spatialis, October 2026 working draft). The rest of the workbook uses these totals.
A5: A Housing target by year and tenure (hard-coded from the HNDA synopsis, summary table 1)
A6: Year | B6: Core Strat. HST | C6: New HNDA need | D6: Council target | E6: Social Lower | F6: Social Working | G6: Social Upper | H6: Afford. Lower | I6: Afford. Working | J6: Afford. Upper | K6: PRS Lower | L6: PRS Working | M6: PRS Upper | N6: Buyers Lower | O6: Buyers Working | P6: Buyers Upper | R6: Social (plan) | S6: Affordable (plan) | T6: Private rented (plan) | U6: Buyers (plan) | V6: Housing list uplift | W6: Social (final) | X6: Buyers (final) | Y6: Total (check)
A7: 2026 | B7: 2598 | C7: 2617 | D7: 4263 | E7: 756 | F7: 964 | G7: 1208 | H7: 305 | I7: 543 | J7: 802 | K7: 300 | L7: 532 | M7: 785 | N7: 1832 | O7: 2224 | P7: 2701 | R7: =$D7*INDEX(E7:G7,sc_idx)/(INDEX(E7:G7,sc_idx)+INDEX(H7:J7,sc_idx)+INDEX(K7:M7,sc_idx)+INDEX(N7:P7,sc_idx)) -> 964 | S7: =$D7*INDEX(H7:J7,sc_idx)/(INDEX(E7:G7,sc_idx)+INDEX(H7:J7,sc_idx)+INDEX(K7:M7,sc_idx)+INDEX(N7:P7,sc_idx)) -> 543 | T7: =$D7*INDEX(K7:M7,sc_idx)/(INDEX(E7:G7,sc_idx)+INDEX(H7:J7,sc_idx)+INDEX(K7:M7,sc_idx)+INDEX(N7:P7,sc_idx)) -> 532 | U7: =$D7*INDEX(N7:P7,sc_idx)/(INDEX(E7:G7,sc_idx)+INDEX(H7:J7,sc_idx)+INDEX(K7:M7,sc_idx)+INDEX(N7:P7,sc_idx)) -> 2224 | V7: =IF(AND(hl_incl="Yes",A7<=2035),hl_total/10,0) -> 0 | W7: =R7+V7 -> 964 | X7: =U7-V7 -> 2224 | Y7: =W7+S7+T7+X7 -> 4263
A8: 2027 | B8: 2598 | C8: 2662 | D8: 4263 | E8: 756 | F8: 964 | G8: 1208 | H8: 305 | I8: 543 | J8: 802 | K8: 300 | L8: 532 | M8: 785 | N8: 1832 | O8: 2224 | P8: 2701 | R8: =$D8*INDEX(E8:G8,sc_idx)/(INDEX(E8:G8,sc_idx)+INDEX(H8:J8,sc_idx)+INDEX(K8:M8,sc_idx)+INDEX(N8:P8,sc_idx)) -> 964 | S8: =$D8*INDEX(H8:J8,sc_idx)/(INDEX(E8:G8,sc_idx)+INDEX(H8:J8,sc_idx)+INDEX(K8:M8,sc_idx)+INDEX(N8:P8,sc_idx)) -> 543 | T8: =$D8*INDEX(K8:M8,sc_idx)/(INDEX(E8:G8,sc_idx)+INDEX(H8:J8,sc_idx)+INDEX(K8:M8,sc_idx)+INDEX(N8:P8,sc_idx)) -> 532 | U8: =$D8*INDEX(N8:P8,sc_idx)/(INDEX(E8:G8,sc_idx)+INDEX(H8:J8,sc_idx)+INDEX(K8:M8,sc_idx)+INDEX(N8:P8,sc_idx)) -> 2224 | V8: =IF(AND(hl_incl="Yes",A8<=2035),hl_total/10,0) -> 0 | W8: =R8+V8 -> 964 | X8: =U8-V8 -> 2224 | Y8: =W8+S8+T8+X8 -> 4263
A9: 2028 | B9: 2598 | C9: 2678 | D9: 4263 | E9: 756 | F9: 964 | G9: 1208 | H9: 305 | I9: 543 | J9: 802 | K9: 300 | L9: 532 | M9: 785 | N9: 1832 | O9: 2224 | P9: 2701 | R9: =$D9*INDEX(E9:G9,sc_idx)/(INDEX(E9:G9,sc_idx)+INDEX(H9:J9,sc_idx)+INDEX(K9:M9,sc_idx)+INDEX(N9:P9,sc_idx)) -> 964 | S9: =$D9*INDEX(H9:J9,sc_idx)/(INDEX(E9:G9,sc_idx)+INDEX(H9:J9,sc_idx)+INDEX(K9:M9,sc_idx)+INDEX(N9:P9,sc_idx)) -> 543 | T9: =$D9*INDEX(K9:M9,sc_idx)/(INDEX(E9:G9,sc_idx)+INDEX(H9:J9,sc_idx)+INDEX(K9:M9,sc_idx)+INDEX(N9:P9,sc_idx)) -> 532 | U9: =$D9*INDEX(N9:P9,sc_idx)/(INDEX(E9:G9,sc_idx)+INDEX(H9:J9,sc_idx)+INDEX(K9:M9,sc_idx)+INDEX(N9:P9,sc_idx)) -> 2224 | V9: =IF(AND(hl_incl="Yes",A9<=2035),hl_total/10,0) -> 0 | W9: =R9+V9 -> 964 | X9: =U9-V9 -> 2224 | Y9: =W9+S9+T9+X9 -> 4263
A10: 2029 | C10: 2700 | D10: 4263 | E10: 756 | F10: 964 | G10: 1208 | H10: 305 | I10: 543 | J10: 802 | K10: 300 | L10: 532 | M10: 785 | N10: 1832 | O10: 2224 | P10: 2701 | R10: =$D10*INDEX(E10:G10,sc_idx)/(INDEX(E10:G10,sc_idx)+INDEX(H10:J10,sc_idx)+INDEX(K10:M10,sc_idx)+INDEX(N10:P10,sc_idx)) -> 964 | S10: =$D10*INDEX(H10:J10,sc_idx)/(INDEX(E10:G10,sc_idx)+INDEX(H10:J10,sc_idx)+INDEX(K10:M10,sc_idx)+INDEX(N10:P10,sc_idx)) -> 543 | T10: =$D10*INDEX(K10:M10,sc_idx)/(INDEX(E10:G10,sc_idx)+INDEX(H10:J10,sc_idx)+INDEX(K10:M10,sc_idx)+INDEX(N10:P10,sc_idx)) -> 532 | U10: =$D10*INDEX(N10:P10,sc_idx)/(INDEX(E10:G10,sc_idx)+INDEX(H10:J10,sc_idx)+INDEX(K10:M10,sc_idx)+INDEX(N10:P10,sc_idx)) -> 2224 | V10: =IF(AND(hl_incl="Yes",A10<=2035),hl_total/10,0) -> 0 | W10: =R10+V10 -> 964 | X10: =U10-V10 -> 2224 | Y10: =W10+S10+T10+X10 -> 4263
A11: 2030 | C11: 2749 | D11: 4263 | E11: 756 | F11: 964 | G11: 1208 | H11: 305 | I11: 543 | J11: 802 | K11: 300 | L11: 532 | M11: 785 | N11: 1832 | O11: 2224 | P11: 2701 | R11: =$D11*INDEX(E11:G11,sc_idx)/(INDEX(E11:G11,sc_idx)+INDEX(H11:J11,sc_idx)+INDEX(K11:M11,sc_idx)+INDEX(N11:P11,sc_idx)) -> 964 | S11: =$D11*INDEX(H11:J11,sc_idx)/(INDEX(E11:G11,sc_idx)+INDEX(H11:J11,sc_idx)+INDEX(K11:M11,sc_idx)+INDEX(N11:P11,sc_idx)) -> 543 | T11: =$D11*INDEX(K11:M11,sc_idx)/(INDEX(E11:G11,sc_idx)+INDEX(H11:J11,sc_idx)+INDEX(K11:M11,sc_idx)+INDEX(N11:P11,sc_idx)) -> 532 | U11: =$D11*INDEX(N11:P11,sc_idx)/(INDEX(E11:G11,sc_idx)+INDEX(H11:J11,sc_idx)+INDEX(K11:M11,sc_idx)+INDEX(N11:P11,sc_idx)) -> 2224 | V11: =IF(AND(hl_incl="Yes",A11<=2035),hl_total/10,0) -> 0 | W11: =R11+V11 -> 964 | X11: =U11-V11 -> 2224 | Y11: =W11+S11+T11+X11 -> 4263
A12: 2031 | C12: 2532 | D12: 2168 | E12: 385 | F12: 490 | G12: 614 | H12: 155 | I12: 276 | J12: 408 | K12: 153 | L12: 271 | M12: 399 | N12: 932 | O12: 1131 | P12: 1374 | R12: =$D12*INDEX(E12:G12,sc_idx)/(INDEX(E12:G12,sc_idx)+INDEX(H12:J12,sc_idx)+INDEX(K12:M12,sc_idx)+INDEX(N12:P12,sc_idx)) -> 490 | S12: =$D12*INDEX(H12:J12,sc_idx)/(INDEX(E12:G12,sc_idx)+INDEX(H12:J12,sc_idx)+INDEX(K12:M12,sc_idx)+INDEX(N12:P12,sc_idx)) -> 276 | T12: =$D12*INDEX(K12:M12,sc_idx)/(INDEX(E12:G12,sc_idx)+INDEX(H12:J12,sc_idx)+INDEX(K12:M12,sc_idx)+INDEX(N12:P12,sc_idx)) -> 271 | U12: =$D12*INDEX(N12:P12,sc_idx)/(INDEX(E12:G12,sc_idx)+INDEX(H12:J12,sc_idx)+INDEX(K12:M12,sc_idx)+INDEX(N12:P12,sc_idx)) -> 1131 | V12: =IF(AND(hl_incl="Yes",A12<=2035),hl_total/10,0) -> 0 | W12: =R12+V12 -> 490 | X12: =U12-V12 -> 1131 | Y12: =W12+S12+T12+X12 -> 2168
A13: 2032 | C13: 2541 | D13: 2168 | E13: 385 | F13: 490 | G13: 614 | H13: 155 | I13: 276 | J13: 408 | K13: 153 | L13: 271 | M13: 399 | N13: 932 | O13: 1131 | P13: 1374 | R13: =$D13*INDEX(E13:G13,sc_idx)/(INDEX(E13:G13,sc_idx)+INDEX(H13:J13,sc_idx)+INDEX(K13:M13,sc_idx)+INDEX(N13:P13,sc_idx)) -> 490 | S13: =$D13*INDEX(H13:J13,sc_idx)/(INDEX(E13:G13,sc_idx)+INDEX(H13:J13,sc_idx)+INDEX(K13:M13,sc_idx)+INDEX(N13:P13,sc_idx)) -> 276 | T13: =$D13*INDEX(K13:M13,sc_idx)/(INDEX(E13:G13,sc_idx)+INDEX(H13:J13,sc_idx)+INDEX(K13:M13,sc_idx)+INDEX(N13:P13,sc_idx)) -> 271 | U13: =$D13*INDEX(N13:P13,sc_idx)/(INDEX(E13:G13,sc_idx)+INDEX(H13:J13,sc_idx)+INDEX(K13:M13,sc_idx)+INDEX(N13:P13,sc_idx)) -> 1131 | V13: =IF(AND(hl_incl="Yes",A13<=2035),hl_total/10,0) -> 0 | W13: =R13+V13 -> 490 | X13: =U13-V13 -> 1131 | Y13: =W13+S13+T13+X13 -> 2168
A14: 2033 | C14: 2530 | D14: 2168 | E14: 385 | F14: 490 | G14: 614 | H14: 155 | I14: 276 | J14: 408 | K14: 153 | L14: 271 | M14: 399 | N14: 932 | O14: 1131 | P14: 1374 | R14: =$D14*INDEX(E14:G14,sc_idx)/(INDEX(E14:G14,sc_idx)+INDEX(H14:J14,sc_idx)+INDEX(K14:M14,sc_idx)+INDEX(N14:P14,sc_idx)) -> 490 | S14: =$D14*INDEX(H14:J14,sc_idx)/(INDEX(E14:G14,sc_idx)+INDEX(H14:J14,sc_idx)+INDEX(K14:M14,sc_idx)+INDEX(N14:P14,sc_idx)) -> 276 | T14: =$D14*INDEX(K14:M14,sc_idx)/(INDEX(E14:G14,sc_idx)+INDEX(H14:J14,sc_idx)+INDEX(K14:M14,sc_idx)+INDEX(N14:P14,sc_idx)) -> 271 | U14: =$D14*INDEX(N14:P14,sc_idx)/(INDEX(E14:G14,sc_idx)+INDEX(H14:J14,sc_idx)+INDEX(K14:M14,sc_idx)+INDEX(N14:P14,sc_idx)) -> 1131 | V14: =IF(AND(hl_incl="Yes",A14<=2035),hl_total/10,0) -> 0 | W14: =R14+V14 -> 490 | X14: =U14-V14 -> 1131 | Y14: =W14+S14+T14+X14 -> 2168
A15: 2034 | C15: 2518 | D15: 2168 | E15: 385 | F15: 490 | G15: 614 | H15: 155 | I15: 276 | J15: 408 | K15: 153 | L15: 271 | M15: 399 | N15: 932 | O15: 1131 | P15: 1374 | R15: =$D15*INDEX(E15:G15,sc_idx)/(INDEX(E15:G15,sc_idx)+INDEX(H15:J15,sc_idx)+INDEX(K15:M15,sc_idx)+INDEX(N15:P15,sc_idx)) -> 490 | S15: =$D15*INDEX(H15:J15,sc_idx)/(INDEX(E15:G15,sc_idx)+INDEX(H15:J15,sc_idx)+INDEX(K15:M15,sc_idx)+INDEX(N15:P15,sc_idx)) -> 276 | T15: =$D15*INDEX(K15:M15,sc_idx)/(INDEX(E15:G15,sc_idx)+INDEX(H15:J15,sc_idx)+INDEX(K15:M15,sc_idx)+INDEX(N15:P15,sc_idx)) -> 271 | U15: =$D15*INDEX(N15:P15,sc_idx)/(INDEX(E15:G15,sc_idx)+INDEX(H15:J15,sc_idx)+INDEX(K15:M15,sc_idx)+INDEX(N15:P15,sc_idx)) -> 1131 | V15: =IF(AND(hl_incl="Yes",A15<=2035),hl_total/10,0) -> 0 | W15: =R15+V15 -> 490 | X15: =U15-V15 -> 1131 | Y15: =W15+S15+T15+X15 -> 2168
A16: 2035 | C16: 3584 | D16: 2095 | E16: 372 | F16: 474 | G16: 594 | H16: 150 | I16: 267 | J16: 394 | K16: 148 | L16: 262 | M16: 386 | N16: 900 | O16: 1093 | P16: 1327 | R16: =$D16*INDEX(E16:G16,sc_idx)/(INDEX(E16:G16,sc_idx)+INDEX(H16:J16,sc_idx)+INDEX(K16:M16,sc_idx)+INDEX(N16:P16,sc_idx)) -> 473.77385 | S16: =$D16*INDEX(H16:J16,sc_idx)/(INDEX(E16:G16,sc_idx)+INDEX(H16:J16,sc_idx)+INDEX(K16:M16,sc_idx)+INDEX(N16:P16,sc_idx)) -> 266.87261 | T16: =$D16*INDEX(K16:M16,sc_idx)/(INDEX(E16:G16,sc_idx)+INDEX(H16:J16,sc_idx)+INDEX(K16:M16,sc_idx)+INDEX(N16:P16,sc_idx)) -> 261.875 | U16: =$D16*INDEX(N16:P16,sc_idx)/(INDEX(E16:G16,sc_idx)+INDEX(H16:J16,sc_idx)+INDEX(K16:M16,sc_idx)+INDEX(N16:P16,sc_idx)) -> 1092.4785 | V16: =IF(AND(hl_incl="Yes",A16<=2035),hl_total/10,0) -> 0 | W16: =R16+V16 -> 473.77385 | X16: =U16-V16 -> 1092.4785 | Y16: =W16+S16+T16+X16 -> 2095
A17: 2036 | C17: 2600 | D17: 1587 | E17: 241 | F17: 241 | G17: 241 | H17: 159 | I17: 159 | J17: 159 | K17: 273 | L17: 273 | M17: 273 | N17: 914 | O17: 914 | P17: 914 | R17: =$D17*INDEX(E17:G17,sc_idx)/(INDEX(E17:G17,sc_idx)+INDEX(H17:J17,sc_idx)+INDEX(K17:M17,sc_idx)+INDEX(N17:P17,sc_idx)) -> 241 | S17: =$D17*INDEX(H17:J17,sc_idx)/(INDEX(E17:G17,sc_idx)+INDEX(H17:J17,sc_idx)+INDEX(K17:M17,sc_idx)+INDEX(N17:P17,sc_idx)) -> 159 | T17: =$D17*INDEX(K17:M17,sc_idx)/(INDEX(E17:G17,sc_idx)+INDEX(H17:J17,sc_idx)+INDEX(K17:M17,sc_idx)+INDEX(N17:P17,sc_idx)) -> 273 | U17: =$D17*INDEX(N17:P17,sc_idx)/(INDEX(E17:G17,sc_idx)+INDEX(H17:J17,sc_idx)+INDEX(K17:M17,sc_idx)+INDEX(N17:P17,sc_idx)) -> 914 | V17: =IF(AND(hl_incl="Yes",A17<=2035),hl_total/10,0) -> 0 | W17: =R17+V17 -> 241 | X17: =U17-V17 -> 914 | Y17: =W17+S17+T17+X17 -> 1587
A18: 2037 | C18: 2580 | D18: 1574 | E18: 227 | F18: 227 | G18: 227 | H18: 189 | I18: 189 | J18: 189 | K18: 252 | L18: 252 | M18: 252 | N18: 907 | O18: 907 | P18: 907 | R18: =$D18*INDEX(E18:G18,sc_idx)/(INDEX(E18:G18,sc_idx)+INDEX(H18:J18,sc_idx)+INDEX(K18:M18,sc_idx)+INDEX(N18:P18,sc_idx)) -> 226.85587 | S18: =$D18*INDEX(H18:J18,sc_idx)/(INDEX(E18:G18,sc_idx)+INDEX(H18:J18,sc_idx)+INDEX(K18:M18,sc_idx)+INDEX(N18:P18,sc_idx)) -> 188.88 | T18: =$D18*INDEX(K18:M18,sc_idx)/(INDEX(E18:G18,sc_idx)+INDEX(H18:J18,sc_idx)+INDEX(K18:M18,sc_idx)+INDEX(N18:P18,sc_idx)) -> 251.84 | U18: =$D18*INDEX(N18:P18,sc_idx)/(INDEX(E18:G18,sc_idx)+INDEX(H18:J18,sc_idx)+INDEX(K18:M18,sc_idx)+INDEX(N18:P18,sc_idx)) -> 906.42413 | V18: =IF(AND(hl_incl="Yes",A18<=2035),hl_total/10,0) -> 0 | W18: =R18+V18 -> 226.85587 | X18: =U18-V18 -> 906.42413 | Y18: =W18+S18+T18+X18 -> 1574
A19: 2038 | C19: 2549 | D19: 1555 | E19: 224 | F19: 224 | G19: 224 | H19: 187 | I19: 187 | J19: 187 | K19: 249 | L19: 249 | M19: 249 | N19: 896 | O19: 896 | P19: 896 | R19: =$D19*INDEX(E19:G19,sc_idx)/(INDEX(E19:G19,sc_idx)+INDEX(H19:J19,sc_idx)+INDEX(K19:M19,sc_idx)+INDEX(N19:P19,sc_idx)) -> 223.85604 | S19: =$D19*INDEX(H19:J19,sc_idx)/(INDEX(E19:G19,sc_idx)+INDEX(H19:J19,sc_idx)+INDEX(K19:M19,sc_idx)+INDEX(N19:P19,sc_idx)) -> 186.87982 | T19: =$D19*INDEX(K19:M19,sc_idx)/(INDEX(E19:G19,sc_idx)+INDEX(H19:J19,sc_idx)+INDEX(K19:M19,sc_idx)+INDEX(N19:P19,sc_idx)) -> 248.83997 | U19: =$D19*INDEX(N19:P19,sc_idx)/(INDEX(E19:G19,sc_idx)+INDEX(H19:J19,sc_idx)+INDEX(K19:M19,sc_idx)+INDEX(N19:P19,sc_idx)) -> 895.42416 | V19: =IF(AND(hl_incl="Yes",A19<=2035),hl_total/10,0) -> 0 | W19: =R19+V19 -> 223.85604 | X19: =U19-V19 -> 895.42416 | Y19: =W19+S19+T19+X19 -> 1555
A20: 2039 | C20: 2525 | D20: 1541 | E20: 210 | F20: 210 | G20: 210 | H20: 200 | I20: 200 | J20: 200 | K20: 257 | L20: 257 | M20: 257 | N20: 874 | O20: 874 | P20: 874 | R20: =$D20*INDEX(E20:G20,sc_idx)/(INDEX(E20:G20,sc_idx)+INDEX(H20:J20,sc_idx)+INDEX(K20:M20,sc_idx)+INDEX(N20:P20,sc_idx)) -> 210 | S20: =$D20*INDEX(H20:J20,sc_idx)/(INDEX(E20:G20,sc_idx)+INDEX(H20:J20,sc_idx)+INDEX(K20:M20,sc_idx)+INDEX(N20:P20,sc_idx)) -> 200 | T20: =$D20*INDEX(K20:M20,sc_idx)/(INDEX(E20:G20,sc_idx)+INDEX(H20:J20,sc_idx)+INDEX(K20:M20,sc_idx)+INDEX(N20:P20,sc_idx)) -> 257 | U20: =$D20*INDEX(N20:P20,sc_idx)/(INDEX(E20:G20,sc_idx)+INDEX(H20:J20,sc_idx)+INDEX(K20:M20,sc_idx)+INDEX(N20:P20,sc_idx)) -> 874 | V20: =IF(AND(hl_incl="Yes",A20<=2035),hl_total/10,0) -> 0 | W20: =R20+V20 -> 210 | X20: =U20-V20 -> 874 | Y20: =W20+S20+T20+X20 -> 1541
A21: 2040 | C21: 2499 | D21: 1525 | E21: 207 | F21: 207 | G21: 207 | H21: 198 | I21: 198 | J21: 198 | K21: 255 | L21: 255 | M21: 255 | N21: 865 | O21: 865 | P21: 865 | R21: =$D21*INDEX(E21:G21,sc_idx)/(INDEX(E21:G21,sc_idx)+INDEX(H21:J21,sc_idx)+INDEX(K21:M21,sc_idx)+INDEX(N21:P21,sc_idx)) -> 207 | S21: =$D21*INDEX(H21:J21,sc_idx)/(INDEX(E21:G21,sc_idx)+INDEX(H21:J21,sc_idx)+INDEX(K21:M21,sc_idx)+INDEX(N21:P21,sc_idx)) -> 198 | T21: =$D21*INDEX(K21:M21,sc_idx)/(INDEX(E21:G21,sc_idx)+INDEX(H21:J21,sc_idx)+INDEX(K21:M21,sc_idx)+INDEX(N21:P21,sc_idx)) -> 255 | U21: =$D21*INDEX(N21:P21,sc_idx)/(INDEX(E21:G21,sc_idx)+INDEX(H21:J21,sc_idx)+INDEX(K21:M21,sc_idx)+INDEX(N21:P21,sc_idx)) -> 865 | V21: =IF(AND(hl_incl="Yes",A21<=2035),hl_total/10,0) -> 0 | W21: =R21+V21 -> 207 | X21: =U21-V21 -> 865 | Y21: =W21+S21+T21+X21 -> 1525
A22: 2026–28 | B22: =SUM(B7:B9) -> 7794 | C22: =SUM(C7:C9) -> 7957 | D22: =SUM(D7:D9) -> 12789 | E22: =SUM(E7:E9) -> 2268 | F22: =SUM(F7:F9) -> 2892 | G22: =SUM(G7:G9) -> 3624 | H22: =SUM(H7:H9) -> 915 | I22: =SUM(I7:I9) -> 1629 | ... P22: =SUM(P7:P9) -> 8103 | R22: =SUM(R7:R9) -> 2892 | S22: =SUM(S7:S9) -> 1629 | T22: =SUM(T7:T9) -> 1596 | U22: =SUM(U7:U9) -> 6672 | V22: =SUM(V7:V9) -> 0 | W22: =SUM(W7:W9) -> 2892 | X22: =SUM(X7:X9) -> 6672 | Y22: =SUM(Y7:Y9) -> 12789
A23: 2029–35 | B23: =SUM(B10:B16) -> 0 | C23: =SUM(C10:C16) -> 19154 | D23: =SUM(D10:D16) -> 19293 | E23: =SUM(E10:E16) -> 3424 | F23: =SUM(F10:F16) -> 4362 | G23: =SUM(G10:G16) -> 5466 | H23: =SUM(H10:H16) -> 1380 | I23: =SUM(I10:I16) -> 2457 | ... P23: =SUM(P10:P16) -> 12225 | R23: =SUM(R10:R16) -> 4361.7739 | S23: =SUM(S10:S16) -> 2456.8726 | T23: =SUM(T10:T16) -> 2409.875 | U23: =SUM(U10:U16) -> 10064.479 | V23: =SUM(V10:V16) -> 0 | W23: =SUM(W10:W16) -> 4361.7739 | X23: =SUM(X10:X16) -> 10064.479 | Y23: =SUM(Y10:Y16) -> 19293
A24: 2036–40 | B24: =SUM(B17:B21) -> 0 | C24: =SUM(C17:C21) -> 12753 | D24: =SUM(D17:D21) -> 7782 | E24: =SUM(E17:E21) -> 1109 | F24: =SUM(F17:F21) -> 1109 | G24: =SUM(G17:G21) -> 1109 | H24: =SUM(H17:H21) -> 933 | I24: =SUM(I17:I21) -> 933 | ... P24: =SUM(P17:P21) -> 4456 | R24: =SUM(R17:R21) -> 1108.7119 | S24: =SUM(S17:S21) -> 932.75982 | T24: =SUM(T17:T21) -> 1285.68 | U24: =SUM(U17:U21) -> 4454.8483 | V24: =SUM(V17:V21) -> 0 | W24: =SUM(W17:W21) -> 1108.7119 | X24: =SUM(X17:X21) -> 4454.8483 | Y24: =SUM(Y17:Y21) -> 7782
A25: 2026–40 | B25: =SUM(B7:B21) -> 7794 | C25: =SUM(C7:C21) -> 39864 | D25: =SUM(D7:D21) -> 39864 | E25: =SUM(E7:E21) -> 6801 | F25: =SUM(F7:F21) -> 8363 | G25: =SUM(G7:G21) -> 10199 | H25: =SUM(H7:H21) -> 3228 | I25: =SUM(I7:I21) -> 5019 | ... P25: =SUM(P7:P21) -> 24784 | R25: =SUM(R7:R21) -> 8362.4858 | S25: =SUM(S7:S21) -> 5018.6324 | T25: =SUM(T7:T21) -> 5291.555 | U25: =SUM(U7:U21) -> 21191.327 | V25: =SUM(V7:V21) -> 0 | W25: =SUM(W7:W21) -> 8362.4858 | X25: =SUM(X7:X21) -> 21191.327 | Y25: =SUM(Y7:Y21) -> 39864
A26: Share of total | R26: =R25/$D$25 -> 0.20977538 | S26: =S25/$D$25 -> 0.12589385 | T26: =T25/$D$25 -> 0.13274019 | U26: =U25/$D$25 -> 0.53159058 | W26: =W25/$D$25 -> 0.20977538 | X26: =X25/$D$25 -> 0.53159058
A27: Source: HNDA synopsis, "Housing target by year and tenure". Council target 2026–35 is the front-loaded profile (32,082); 2036–40 is reduced so 2026–40 equals the new HNDA need of 39,865. Lower and upper are the ends of the Council's published range per tenure. Working is a Spatialis working assumption, not a Council figure. Plan columns normalise the chosen position to the Council target each year, so Lower and Upper still sum to the target. The published 2026–40 total is 39,865; the rounded annual figures sum to 39,864 (shown in row 25). Core Strategy HST: Development Plan 2022–2028, 2,598 a year; no later adopted all-tenure target in the source documents.
A29: B Social demand and specialist need (shares from the HDAP assessment on Inputs)
A30: Year | B30: Social (final) | C30: General needs | D30: Disability | E30: Older persons | F30: Traveller-specific | G30: Community dwellings (H15) | H30: HDAP social planned
A31: =A7 -> 2026 | B31: =W7 -> 964 | C31: =B31-SUM(D31:G31) -> 653.63367 | D31: =B31*h_dis/h_all -> 179.1278 | E31: =B31*h_old/h_all -> 102.72431 | F31: =B31*h_trav/h_all -> 10.601441 | G31: =B31*h_com/h_all -> 17.91278
A32: =A8 -> 2027 | B32: =W8 -> 964 | C32: =B32-SUM(D32:G32) -> 653.63367 | D32: =B32*h_dis/h_all -> 179.1278 | E32: =B32*h_old/h_all -> 102.72431 | F32: =B32*h_trav/h_all -> 10.601441 | G32: =B32*h_com/h_all -> 17.91278 | H32: 569
A33: =A9 -> 2028 | B33: =W9 -> 964 | C33: =B33-SUM(D33:G33) -> 653.63367 | D33: =B33*h_dis/h_all -> 179.1278 | E33: =B33*h_old/h_all -> 102.72431 | F33: =B33*h_trav/h_all -> 10.601441 | G33: =B33*h_com/h_all -> 17.91278 | H33: 751
A34: =A10 -> 2029 | B34: =W10 -> 964 | C34: =B34-SUM(D34:G34) -> 653.63367 | D34: =B34*h_dis/h_all -> 179.1278 | E34: =B34*h_old/h_all -> 102.72431 | F34: =B34*h_trav/h_all -> 10.601441 | G34: =B34*h_com/h_all -> 17.91278 | H34: 885
A35: =A11 -> 2030 | B35: =W11 -> 964 | C35: =B35-SUM(D35:G35) -> 653.63367 | D35: =B35*h_dis/h_all -> 179.1278 | E35: =B35*h_old/h_all -> 102.72431 | F35: =B35*h_trav/h_all -> 10.601441 | G35: =B35*h_com/h_all -> 17.91278 | H35: 602
A36: =A12 -> 2031 | B36: =W12 -> 490 | C36: =B36-SUM(D36:G36) -> 332.24118 | D36: =B36*h_dis/h_all -> 91.050436 | E36: =B36*h_old/h_all -> 52.214638 | F36: =B36*h_trav/h_all -> 5.3886993 | G36: =B36*h_com/h_all -> 9.1050436
A37: =A13 -> 2032 | B37: =W13 -> 490 | C37: =B37-SUM(D37:G37) -> 332.24118 | D37: =B37*h_dis/h_all -> 91.050436 | E37: =B37*h_old/h_all -> 52.214638 | F37: =B37*h_trav/h_all -> 5.3886993 | G37: =B37*h_com/h_all -> 9.1050436
A38: =A14 -> 2033 | B38: =W14 -> 490 | C38: =B38-SUM(D38:G38) -> 332.24118 | D38: =B38*h_dis/h_all -> 91.050436 | E38: =B38*h_old/h_all -> 52.214638 | F38: =B38*h_trav/h_all -> 5.3886993 | G38: =B38*h_com/h_all -> 9.1050436
A39: =A15 -> 2034 | B39: =W15 -> 490 | C39: =B39-SUM(D39:G39) -> 332.24118 | D39: =B39*h_dis/h_all -> 91.050436 | E39: =B39*h_old/h_all -> 52.214638 | F39: =B39*h_trav/h_all -> 5.3886993 | G39: =B39*h_com/h_all -> 9.1050436
A40: =A16 -> 2035 | B40: =W16 -> 473.77385 | C40: =B40-SUM(D40:G40) -> 321.23916 | D40: =B40*h_dis/h_all -> 88.035339 | E40: =B40*h_old/h_all -> 50.485572 | F40: =B40*h_trav/h_all -> 5.2102548 | G40: =B40*h_com/h_all -> 8.8035339
A41: =A17 -> 2036 | B41: =W17 -> 241 | C41: =B41-SUM(D41:G41) -> 163.40842 | D41: =B41*h_dis/h_all -> 44.781949 | E41: =B41*h_old/h_all -> 25.681077 | F41: =B41*h_trav/h_all -> 2.6503603 | G41: =B41*h_com/h_all -> 4.4781949
A42: =A18 -> 2037 | B42: =W18 -> 226.85587 | C42: =B42-SUM(D42:G42) -> 153.81809 | D42: =B42*h_dis/h_all -> 42.153727 | E42: =B42*h_old/h_all -> 24.173872 | F42: =B42*h_trav/h_all -> 2.4948124 | G42: =B42*h_com/h_all -> 4.2153727
A43: =A19 -> 2038 | B43: =W19 -> 223.85604 | C43: =B43-SUM(D43:G43) -> 151.78407 | D43: =B43*h_dis/h_all -> 41.596306 | E43: =B43*h_old/h_all -> 23.854208 | F43: =B43*h_trav/h_all -> 2.4618222 | G43: =B43*h_com/h_all -> 4.1596306
A44: =A20 -> 2039 | B44: =W20 -> 210 | C44: =B44-SUM(D44:G44) -> 142.38908 | D44: =B44*h_dis/h_all -> 39.021615 | E44: =B44*h_old/h_all -> 22.377702 | F44: =B44*h_trav/h_all -> 2.3094425 | G44: =B44*h_com/h_all -> 3.9021615
A45: =A21 -> 2040 | B45: =W21 -> 207 | C45: =B45-SUM(D45:G45) -> 140.35495 | D45: =B45*h_dis/h_all -> 38.464164 | E45: =B45*h_old/h_all -> 22.05802 | F45: =B45*h_trav/h_all -> 2.2764505 | G45: =B45*h_com/h_all -> 3.8464164
A46: 2026–40 | B46: =SUM(B31:B45) -> 8362.4858 | C46: =SUM(C31:C45) -> 5670.1269 | D46: =SUM(D31:D45) -> 1553.8938 | E46: =SUM(E31:E45) -> 891.11054 | F46: =SUM(F31:F45) -> 91.965145 | G46: =SUM(G31:G45) -> 155.38938 | H46: =SUM(H31:H45) -> 2807
A47: Share | C47: =C46/$B$46 -> 0.67804323 | D47: =D46/$B$46 -> 0.18581722 | E47: =E46/$B$46 -> 0.10656049 | F47: =F46/$B$46 -> 0.010997345 | G47: =G46/$B$46 -> 0.018581722
A48: Memo: specialist need if the housing list is added to social (HNDA note basis) | B48: =SUM(W7:W21)-SUMPRODUCT((A7:A21<=2035)*V7:V21)+IF(hl_incl="Yes",0,hl_total) -> 9670.4858 | D48: =$B$48*h_dis/h_all -> 1796.9427 | E48: =$B$48*h_old/h_all -> 1030.4917 | F48: =$B$48*h_trav/h_all -> 106.34967 | G48: =$B$48*h_com/h_all -> 179.69427
A49: Source: HNDA synopsis "Social housing demand by need type". Specialist categories may overlap (an older person with a disability); the HDAP counts them separately. HDAP social planned 2027–30 (all categories) is 2,807 in the HNDA note; the planned specialist homes are disability 164, older persons 202, Traveller-specific 9, community dwellings 42. The housing-list range checks in the note suggest older-person need could be 18.7% of social rather than 10.7%.
A51: C Unit mix 2026–2040: what each tenure needs, set from the mix table on Inputs
A52: Tenure | B52: Homes 2026–40 | C52: 1 bed / 1p | D52: 2 bed / 2p | E52: 3 bed / 3p | F52: 4+ bed | G52: 1 bed % | H52: 2 bed % | I52: 3 bed % | J52: 4+ bed %
A53: Social | B53: =B46 -> 8362.4858 | C53: =$B53*mix_Social1 -> 4629.9694 | D53: =$B53*mix_Social2 -> 1531.6953 | E53: =$B53*mix_Social3 -> 1519.0105 | F53: =$B53*mix_Social4 -> 681.81056 | G53: =C53/$B53 -> 0.55365946 | H53: =D53/$B53 -> 0.18316268 | I53: =E53/$B53 -> 0.18164581 | J53: =F53/$B53 -> 0.081532044
A54: Affordable | B54: =S25 -> 5018.6324 | C54: =$B54*mix_Affordable1 -> 1210.6227 | D54: =$B54*mix_Affordable2 -> 1557.1182 | E54: =$B54*mix_Affordable3 -> 938.58845 | F54: =$B54*mix_Affordable4 -> 1312.3031 | G54: =C54/$B54 -> 0.24122561 | H54: =D54/$B54 -> 0.31026744 | I54: =E54/$B54 -> 0.18702076 | J54: =F54/$B54 -> 0.26148619
A55: Private rented | B55: =T25 -> 5291.555 | C55: =$B55*mix_Privaterented1 -> 1276.4586 | D55: =$B55*mix_Privaterented2 -> 1641.7972 | E55: =$B55*mix_Privaterented3 -> 989.63063 | F55: =$B55*mix_Privaterented4 -> 1383.6686 | G55: =C55/$B55 -> 0.24122561 | H55: =D55/$B55 -> 0.31026744 | I55: =E55/$B55 -> 0.18702076 | J55: =F55/$B55 -> 0.26148619
A56: Buyers | B56: =X25 -> 21191.327 | C56: =$B56*mix_Buyers1 -> 5111.8907 | D56: =$B56*mix_Buyers2 -> 6574.9787 | E56: =$B56*mix_Buyers3 -> 3963.218 | F56: =$B56*mix_Buyers4 -> 5541.2393 | G56: =C56/$B56 -> 0.24122561 | H56: =D56/$B56 -> 0.31026744 | I56: =E56/$B56 -> 0.18702076 | J56: =F56/$B56 -> 0.26148619
A57: Need-based mix, all tenures | B57: =SUM(B53:B56) -> 39864 | C57: =SUM(C53:C56) -> 12228.941 | D57: =SUM(D53:D56) -> 11305.59 | E57: =SUM(E53:E56) -> 7410.4476 | F57: =SUM(F53:F56) -> 8919.0215 | G57: =C57/$B57 -> 0.30676654 | H57: =D57/$B57 -> 0.28360399 | I57: =E57/$B57 -> 0.18589323 | J57: =F57/$B57 -> 0.22373624
A58: Council planned mix 2026–35 | B58: =SUM(C58:F58) -> 32082 | C58: 7739 | D58: 9954 | E58: 6000 | F58: 8389 | G58: =C58/SUM($C$58:$F$58) -> 0.24122561 | H58: =D58/SUM($C$58:$F$58) -> 0.31026744 | I58: =E58/SUM($C$58:$F$58) -> 0.18702076 | J58: =F58/SUM($C$58:$F$58) -> 0.26148619
A59: Difference (points) | G59: =G57-G58 -> 0.06554093 | H59: =H57-H58 -> -0.026663448 | I59: =I57-I58 -> -0.0011275321 | J59: =J57-J58 -> -0.03774995
A60: Source for the planned mix: HNDA synopsis, Interim HNDA Bed Split sheet (categories read as persons per household, not confirmed as bedrooms). Social need uses the HDAP assessed need shares; the other tenures use the Council planned split because no better source exists. The housing-list and HDAP evidence says social need is mostly one-bed (55% of HDAP assessed need; 47% of the list).

Sheet 2 Register
A1: 2 The Housing Land Register: what it holds and how it is divided
A2: Limerick Housing Land Register (GeoPackage): 446 parcels, 265 permissions, quarterly GeoDirectory check. All numbers below are live formulas on the Data sheets.
A5: A Structure: parcels carry the land, permissions carry the consents
A6: Parcels | B6: One row per piece of land. Four kinds: Council audit parcels (the city land audit, ref CITY-n); reinstated audit parcels; consent parcels outside the audit (PC-ref, drawn from the planning boundary); and zoned-land estimates for new residential zoning with no consent (interim until the county audit replaces them).
A7: Permissions | B7: One row per permission, each on exactly one parcel. Only Complete, Under construction, Permitted – not started and Stalled count as consented. Expired and In planning are held but not counted.
A8: Totals | B8: Consented units + unconsented capacity (council capacity less consented units, floored at zero) = total supply. Future supply = total supply less homes already complete. Totals are calculated, never typed, with no double counting.
A9: Progress | B9: Status comes from CIS and building control. GeoDirectory moves a scheme to Complete when new built addresses reach 95% of its units. Each quarter the build is rerun and mismatches go to the register_checks list.
A11: B Parcels by source and scope
A12: Parcel source | B12: Scope | C12: Parcels | D12: Developable ha | E12: Council / zoning capacity | F12: Complete | G12: Under constr. | H12: Permitted not started | I12: Stalled | J12: Consented | K12: Unconsented capacity | L12: Total supply | M12: Future supply
A13: Council audit | B13: City | C13: =COUNTIFS(dp_src,$A13,dp_scope,$B13) -> 131 | D13: =SUMIFS(dp_area,dp_src,$A13,dp_scope,$B13) -> 312.219 | E13: =SUMIFS(dp_cap,dp_src,$A13,dp_scope,$B13) -> 13927 | F13: =SUMIFS(dp_comp,dp_src,$A13,dp_scope,$B13) -> 76 | G13: =SUMIFS(dp_uc,dp_src,$A13,dp_scope,$B13) -> 1635 | H13: =SUMIFS(dp_pns,dp_src,$A13,dp_scope,$B13) -> 3483 | I13: =SUMIFS(dp_stl,dp_src,$A13,dp_scope,$B13) -> 31 | J13: =SUMIFS(dp_cons,dp_src,$A13,dp_scope,$B13) -> 5225 | K13: =SUMIFS(dp_unc,dp_src,$A13,dp_scope,$B13) -> 10005 | L13: =SUMIFS(dp_tot,dp_src,$A13,dp_scope,$B13) -> 15230 | M13: =SUMIFS(dp_fut,dp_src,$A13,dp_scope,$B13) -> 15154
A14: Council audit – reinstated | B14: City | C14: =COUNTIFS(dp_src,$A14,dp_scope,$B14) -> 3 | D14: =SUMIFS(dp_area,dp_src,$A14,dp_scope,$B14) -> 3.993 | E14: =SUMIFS(dp_cap,dp_src,$A14,dp_scope,$B14) -> 165 | F14: =SUMIFS(dp_comp,dp_src,$A14,dp_scope,$B14) -> 0 | G14: =SUMIFS(dp_uc,dp_src,$A14,dp_scope,$B14) -> 0 | H14: =SUMIFS(dp_pns,dp_src,$A14,dp_scope,$B14) -> 27 | I14: =SUMIFS(dp_stl,dp_src,$A14,dp_scope,$B14) -> 0 | J14: =SUMIFS(dp_cons,dp_src,$A14,dp_scope,$B14) -> 27 | K14: =SUMIFS(dp_unc,dp_src,$A14,dp_scope,$B14) -> 138 | L14: =SUMIFS(dp_tot,dp_src,$A14,dp_scope,$B14) -> 165 | M14: =SUMIFS(dp_fut,dp_src,$A14,dp_scope,$B14) -> 165
A15: Planning consent – not in council audit | B15: City | C15: =COUNTIFS(dp_src,$A15,dp_scope,$B15) -> 103 | D15: =SUMIFS(dp_area,dp_src,$A15,dp_scope,$B15) -> 102.379 | E15: =SUMIFS(dp_cap,dp_src,$A15,dp_scope,$B15) -> 0 | F15: =SUMIFS(dp_comp,dp_src,$A15,dp_scope,$B15) -> 1260 | G15: =SUMIFS(dp_uc,dp_src,$A15,dp_scope,$B15) -> 1319 | H15: =SUMIFS(dp_pns,dp_src,$A15,dp_scope,$B15) -> 700 | I15: =SUMIFS(dp_stl,dp_src,$A15,dp_scope,$B15) -> 0 | J15: =SUMIFS(dp_cons,dp_src,$A15,dp_scope,$B15) -> 3279 | K15: =SUMIFS(dp_unc,dp_src,$A15,dp_scope,$B15) -> 0 | L15: =SUMIFS(dp_tot,dp_src,$A15,dp_scope,$B15) -> 3279 | M15: =SUMIFS(dp_fut,dp_src,$A15,dp_scope,$B15) -> 2019
A16: Zoned land – no consent (estimate) | B16: City | C16: =COUNTIFS(dp_src,$A16,dp_scope,$B16) -> 5 | D16: =SUMIFS(dp_area,dp_src,$A16,dp_scope,$B16) -> 1.384 | E16: =SUMIFS(dp_cap,dp_src,$A16,dp_scope,$B16) -> 47 | F16: =SUMIFS(dp_comp,dp_src,$A16,dp_scope,$B16) -> 0 | G16: =SUMIFS(dp_uc,dp_src,$A16,dp_scope,$B16) -> 0 | H16: =SUMIFS(dp_pns,dp_src,$A16,dp_scope,$B16) -> 0 | I16: =SUMIFS(dp_stl,dp_src,$A16,dp_scope,$B16) -> 0 | J16: =SUMIFS(dp_cons,dp_src,$A16,dp_scope,$B16) -> 0 | K16: =SUMIFS(dp_unc,dp_src,$A16,dp_scope,$B16) -> 47 | L16: =SUMIFS(dp_tot,dp_src,$A16,dp_scope,$B16) -> 47 | M16: =SUMIFS(dp_fut,dp_src,$A16,dp_scope,$B16) -> 47
A17: Planning consent – not in council audit | B17: County | C17: =COUNTIFS(dp_src,$A17,dp_scope,$B17) -> 85 | D17: =SUMIFS(dp_area,dp_src,$A17,dp_scope,$B17) -> 116.115 | E17: =SUMIFS(dp_cap,dp_src,$A17,dp_scope,$B17) -> 0 | F17: =SUMIFS(dp_comp,dp_src,$A17,dp_scope,$B17) -> 295 | G17: =SUMIFS(dp_uc,dp_src,$A17,dp_scope,$B17) -> 757 | H17: =SUMIFS(dp_pns,dp_src,$A17,dp_scope,$B17) -> 792 | I17: =SUMIFS(dp_stl,dp_src,$A17,dp_scope,$B17) -> 125 | J17: =SUMIFS(dp_cons,dp_src,$A17,dp_scope,$B17) -> 1969 | K17: =SUMIFS(dp_unc,dp_src,$A17,dp_scope,$B17) -> 0 | L17: =SUMIFS(dp_tot,dp_src,$A17,dp_scope,$B17) -> 1969 | M17: =SUMIFS(dp_fut,dp_src,$A17,dp_scope,$B17) -> 1674
A18: Zoned land – no consent (estimate) | B18: County | C18: =COUNTIFS(dp_src,$A18,dp_scope,$B18) -> 119 | D18: =SUMIFS(dp_area,dp_src,$A18,dp_scope,$B18) -> 148.073 | E18: =SUMIFS(dp_cap,dp_src,$A18,dp_scope,$B18) -> 3460 | F18: =SUMIFS(dp_comp,dp_src,$A18,dp_scope,$B18) -> 0 | G18: =SUMIFS(dp_uc,dp_src,$A18,dp_scope,$B18) -> 0 | H18: =SUMIFS(dp_pns,dp_src,$A18,dp_scope,$B18) -> 0 | I18: =SUMIFS(dp_stl,dp_src,$A18,dp_scope,$B18) -> 0 | J18: =SUMIFS(dp_cons,dp_src,$A18,dp_scope,$B18) -> 0 | K18: =SUMIFS(dp_unc,dp_src,$A18,dp_scope,$B18) -> 3460 | L18: =SUMIFS(dp_tot,dp_src,$A18,dp_scope,$B18) -> 3460 | M18: =SUMIFS(dp_fut,dp_src,$A18,dp_scope,$B18) -> 3460
A19: Register total | C19: =SUM(C13:C18) -> 446 | D19: =SUM(D13:D18) -> 684.163 | E19: =SUM(E13:E18) -> 17599 | F19: =SUM(F13:F18) -> 1631 | G19: =SUM(G13:G18) -> 3711 | H19: =SUM(H13:H18) -> 5002 | I19: =SUM(I13:I18) -> 156 | J19: =SUM(J13:J18) -> 10500 | ... M19: =SUM(M13:M18) -> 22519
A21: C Consent tracking: permissions by status
A22: Status | B22: Counts toward totals? | C22: Permissions | D22: Units | E22: % of counted units | F22: Student bedspaces (memo)
A23: Complete | B23: Yes | C23: =COUNTIFS(dm_status,A23) -> 66 | D23: =SUMIFS(dm_units,dm_status,A23) -> 1631 | E23: =D23/$D$27 -> 0.15533333 | F23: =SUMIFS(dm_beds,dm_status,A23) -> 0
A24: Under construction | B24: Yes | C24: =COUNTIFS(dm_status,A24) -> 78 | D24: =SUMIFS(dm_units,dm_status,A24) -> 3711 | E24: =D24/$D$27 -> 0.35342857 | F24: =SUMIFS(dm_beds,dm_status,A24) -> 202
A25: Permitted – not started | B25: Yes | C25: =COUNTIFS(dm_status,A25) -> 88 | D25: =SUMIFS(dm_units,dm_status,A25) -> 5002 | E25: =D25/$D$27 -> 0.47638095 | F25: =SUMIFS(dm_beds,dm_status,A25) -> 1940
A26: Stalled | B26: Yes | C26: =COUNTIFS(dm_status,A26) -> 4 | D26: =SUMIFS(dm_units,dm_status,A26) -> 156 | E26: =D26/$D$27 -> 0.014857143 | F26: =SUMIFS(dm_beds,dm_status,A26) -> 0
A27: Consented (counted) | C27: =SUM(C23:C26) -> 236 | D27: =SUM(D23:D26) -> 10500 | E27: =D27/$D$27 -> 1 | F27: =SUM(F23:F26) -> 2142
A28: Expired – not started | B28: No | C28: =COUNTIFS(dm_status,A28) -> 14 | D28: =SUMIFS(dm_units,dm_status,A28) -> 311
A29: In planning | B29: No | C29: =COUNTIFS(dm_status,A29) -> 15 | D29: =SUMIFS(dm_units,dm_status,A29) -> 263
A30: Check: counted units equal the parcel-level consented total | D30: =D27-reg_cons -> 0
A32: D Parcel progress and evidence on the ground
A33: Parcel status (register) | B33: Parcels | C33: Of which City | D33: Of which County
A34: Built out | B34: =COUNTIFS(dp_pstat,A34) -> 50 | C34: =COUNTIFS(dp_pstat,A34,dp_scope,"City") -> 30 | D34: =COUNTIFS(dp_pstat,A34,dp_scope,"County") -> 20
A35: Partly built | B35: =COUNTIFS(dp_pstat,A35) -> 7 | C35: =COUNTIFS(dp_pstat,A35,dp_scope,"City") -> 5 | D35: =COUNTIFS(dp_pstat,A35,dp_scope,"County") -> 2
A36: Consented – not built | B36: =COUNTIFS(dp_pstat,A36) -> 145 | C36: =COUNTIFS(dp_pstat,A36,dp_scope,"City") -> 89 | D36: =COUNTIFS(dp_pstat,A36,dp_scope,"County") -> 56
A37: No consent | B37: =COUNTIFS(dp_pstat,A37) -> 244 | C37: =COUNTIFS(dp_pstat,A37,dp_scope,"City") -> 118 | D37: =COUNTIFS(dp_pstat,A37,dp_scope,"County") -> 126
A38: GeoDirectory new residential addresses on register parcels since 2019 | B38: =SUM(dp_geodnew) -> 2889
A39: Consented parcels flagged "Consented above capacity" (council capacity below consent) | B39: =COUNTIFS(dp_flag,"Consented above capacity") -> 14
A41: E Open data checks in the register (register_checks sheet)
A42: Check | B42: Count
A43: GeoDirectory: Fewer addresses than units – check | B43: 14
A44: GeoDirectory: No new addresses found – check location | B44: 7
A45: GeoDirectory: Under construction – check | B45: 4
A46: Counts typed from the register_checks table at the file date. Each one needs a person to confirm status or location; they do not change totals until confirmed.

Sheet 3 Supply
A1: 3 Land supply: capacity, pipeline and progress by location
A2: City Centre, rest of the city, the 15 settlements and the remainder of the county. Live formulas on Data_Parcels and Data_Perms. Area-by-area detail is on 3b Study Areas.
A5: A Register position by location
A6: Location | B6: Parcels | C6: Developable ha | D6: Capacity (audit + zoning est.) | E6: Complete | F6: Under constr. | G6: Permitted not started | H6: Stalled | I6: Consented | J6: Unconsented capacity | K6: Total supply | L6: Future supply (not yet built) | M6: % of future supply | N6: Memo: expired + in planning (not counted)
A7: City Centre | B7: =COUNTIFS(dp_geo,"City Centre") -> 56 | C7: =SUMIFS(dp_area,dp_geo,"City Centre") -> 80.92 | D7: =SUMIFS(dp_cap,dp_geo,"City Centre") -> 3633 | E7: =SUMIFS(dp_comp,dp_geo,"City Centre") -> 99 | F7: =SUMIFS(dp_uc,dp_geo,"City Centre") -> 111 | G7: =SUMIFS(dp_pns,dp_geo,"City Centre") -> 715 | H7: =SUMIFS(dp_stl,dp_geo,"City Centre") -> 0 | I7: =SUMIFS(dp_cons,dp_geo,"City Centre") -> 925 | J7: =SUMIFS(dp_unc,dp_geo,"City Centre") -> 3301 | K7: =SUMIFS(dp_tot,dp_geo,"City Centre") -> 4226 | L7: =SUMIFS(dp_fut,dp_geo,"City Centre") -> 4127 | M7: =L7/$L$13 -> 0.18326746 | N7: =SUMIFS(dp_exp,dp_geo,"City Centre")+SUMIFS(dp_inpl,dp_geo,"City Centre") -> 85
A8: Rest of City | B8: =COUNTIFS(dp_geo,"Rest of City") -> 186 | C8: =SUMIFS(dp_area,dp_geo,"Rest of City") -> 339.055 | D8: =SUMIFS(dp_cap,dp_geo,"Rest of City") -> 10506 | E8: =SUMIFS(dp_comp,dp_geo,"Rest of City") -> 1237 | F8: =SUMIFS(dp_uc,dp_geo,"Rest of City") -> 2843 | G8: =SUMIFS(dp_pns,dp_geo,"Rest of City") -> 3495 | H8: =SUMIFS(dp_stl,dp_geo,"Rest of City") -> 31 | I8: =SUMIFS(dp_cons,dp_geo,"Rest of City") -> 7606 | J8: =SUMIFS(dp_unc,dp_geo,"Rest of City") -> 6889 | K8: =SUMIFS(dp_tot,dp_geo,"Rest of City") -> 14495 | L8: =SUMIFS(dp_fut,dp_geo,"Rest of City") -> 13258 | M8: =L8/$L$13 -> 0.58874728 | N8: =SUMIFS(dp_exp,dp_geo,"Rest of City")+SUMIFS(dp_inpl,dp_geo,"Rest of City") -> 308
A9: City total | B9: =B7+B8 -> 242 | C9: =C7+C8 -> 419.975 | D9: =D7+D8 -> 14139 | E9: =E7+E8 -> 1336 | F9: =F7+F8 -> 2954 | G9: =G7+G8 -> 4210 | H9: =H7+H8 -> 31 | I9: =I7+I8 -> 8531 | ... L9: =L7+L8 -> 17385 | M9: =L9/$L$13 -> 0.77201474 | N9: =N7+N8 -> 393
A10: Settlements (15) | B10: =COUNTIFS(dp_geo,"Settlements") -> 157 | C10: =SUMIFS(dp_area,dp_geo,"Settlements") -> 225.481 | D10: =SUMIFS(dp_cap,dp_geo,"Settlements") -> 3063 | E10: =SUMIFS(dp_comp,dp_geo,"Settlements") -> 251 | F10: =SUMIFS(dp_uc,dp_geo,"Settlements") -> 651 | G10: =SUMIFS(dp_pns,dp_geo,"Settlements") -> 711 | H10: =SUMIFS(dp_stl,dp_geo,"Settlements") -> 125 | I10: =SUMIFS(dp_cons,dp_geo,"Settlements") -> 1738 | J10: =SUMIFS(dp_unc,dp_geo,"Settlements") -> 3063 | K10: =SUMIFS(dp_tot,dp_geo,"Settlements") -> 4801 | L10: =SUMIFS(dp_fut,dp_geo,"Settlements") -> 4550 | M10: =L10/$L$13 -> 0.2020516 | N10: =SUMIFS(dp_exp,dp_geo,"Settlements")+SUMIFS(dp_inpl,dp_geo,"Settlements") -> 127
A11: Remainder of county | B11: =COUNTIFS(dp_geo,"Remainder of County") -> 47 | C11: =SUMIFS(dp_area,dp_geo,"Remainder of County") -> 38.707 | D11: =SUMIFS(dp_cap,dp_geo,"Remainder of County") -> 397 | E11: =SUMIFS(dp_comp,dp_geo,"Remainder of County") -> 44 | F11: =SUMIFS(dp_uc,dp_geo,"Remainder of County") -> 106 | G11: =SUMIFS(dp_pns,dp_geo,"Remainder of County") -> 81 | H11: =SUMIFS(dp_stl,dp_geo,"Remainder of County") -> 0 | I11: =SUMIFS(dp_cons,dp_geo,"Remainder of County") -> 231 | J11: =SUMIFS(dp_unc,dp_geo,"Remainder of County") -> 397 | K11: =SUMIFS(dp_tot,dp_geo,"Remainder of County") -> 628 | L11: =SUMIFS(dp_fut,dp_geo,"Remainder of County") -> 584 | M11: =L11/$L$13 -> 0.025933656 | N11: =SUMIFS(dp_exp,dp_geo,"Remainder of County")+SUMIFS(dp_inpl,dp_geo,"Remainder of County") -> 54
A12: County total | B12: =B10+B11 -> 204 | C12: =C10+C11 -> 264.188 | D12: =D10+D11 -> 3460 | E12: =E10+E11 -> 295 | F12: =F10+F11 -> 757 | G12: =G10+G11 -> 792 | H12: =H10+H11 -> 125 | I12: =I10+I11 -> 1969 | ... L12: =L10+L11 -> 5134 | M12: =L12/$L$13 -> 0.22798526 | N12: =N10+N11 -> 181
A13: Register total | B13: =B9+B12 -> 446 | C13: =C9+C12 -> 684.163 | D13: =D9+D12 -> 17599 | E13: =E9+E12 -> 1631 | F13: =F9+F12 -> 3711 | G13: =G9+G12 -> 5002 | H13: =H9+H12 -> 156 | I13: =I9+I12 -> 10500 | ... L13: =L9+L12 -> 22519 | M13: =L13/$L$13 -> 1 | N13: =N9+N12 -> 574
A14: Check against register tab | L14: =L13-reg_fut -> 0
A15: City Centre = parcels in the City Centre neighbourhood. Rest of City = the other eight city neighbourhoods. Settlements = parcels assigned to one of the 15 study settlements (6 key towns, 9 large villages). Remainder = county parcels outside every study catchment. Capacity is blank on consent parcels (their capacity is the consented units).
A17: B Future supply by layer (homes still to be built)
A18: Layer | B18: City Centre | C18: Rest of City | D18: Settlements | E18: Remainder of County | F18: Total | G18: % of total
A19: Consented pipeline: under construction | B19: =SUMIFS(dp_uc,dp_geo,"City Centre") -> 111 | C19: =SUMIFS(dp_uc,dp_geo,"Rest of City") -> 2843 | D19: =SUMIFS(dp_uc,dp_geo,"Settlements") -> 651 | E19: =SUMIFS(dp_uc,dp_geo,"Remainder of County") -> 106 | F19: =SUM(B19:E19) -> 3711 | G19: =F19/$F$25 -> 0.16479417
A20: Consented pipeline: permitted, not started | B20: =SUMIFS(dp_pns,dp_geo,"City Centre") -> 715 | C20: =SUMIFS(dp_pns,dp_geo,"Rest of City") -> 3495 | D20: =SUMIFS(dp_pns,dp_geo,"Settlements") -> 711 | E20: =SUMIFS(dp_pns,dp_geo,"Remainder of County") -> 81 | F20: =SUM(B20:E20) -> 5002 | G20: =F20/$F$25 -> 0.22212354
A21: Consented pipeline: stalled | B21: =SUMIFS(dp_stl,dp_geo,"City Centre") -> 0 | C21: =SUMIFS(dp_stl,dp_geo,"Rest of City") -> 31 | D21: =SUMIFS(dp_stl,dp_geo,"Settlements") -> 125 | E21: =SUMIFS(dp_stl,dp_geo,"Remainder of County") -> 0 | F21: =SUM(B21:E21) -> 156 | G21: =F21/$F$25 -> 0.0069274835
A22: Council audit land, no consent | B22: =SUMIFS(dp_unc,dp_geo,"City Centre",dp_grp,"Audit") -> 3301 | C22: =SUMIFS(dp_unc,dp_geo,"Rest of City",dp_grp,"Audit") -> 6842 | D22: =SUMIFS(dp_unc,dp_geo,"Settlements",dp_grp,"Audit") -> 0 | E22: =SUMIFS(dp_unc,dp_geo,"Remainder of County",dp_grp,"Audit") -> 0 | F22: =SUM(B22:E22) -> 10143 | G22: =F22/$F$25 -> 0.45041965
A23: Zoned land, no consent (estimate) | B23: =SUMIFS(dp_unc,dp_geo,"City Centre",dp_grp,"Zoned") -> 0 | C23: =SUMIFS(dp_unc,dp_geo,"Rest of City",dp_grp,"Zoned") -> 47 | D23: =SUMIFS(dp_unc,dp_geo,"Settlements",dp_grp,"Zoned") -> 3063 | E23: =SUMIFS(dp_unc,dp_geo,"Remainder of County",dp_grp,"Zoned") -> 397 | F23: =SUM(B23:E23) -> 3507 | G23: =F23/$F$25 -> 0.15573516
A24: Consent parcels outside the audit: unconsented capacity | B24: =SUMIFS(dp_unc,dp_geo,"City Centre",dp_grp,"Consent") -> 0 | C24: =SUMIFS(dp_unc,dp_geo,"Rest of City",dp_grp,"Consent") -> 0 | D24: =SUMIFS(dp_unc,dp_geo,"Settlements",dp_grp,"Consent") -> 0 | E24: =SUMIFS(dp_unc,dp_geo,"Remainder of County",dp_grp,"Consent") -> 0 | F24: =SUM(B24:E24) -> 0 | G24: =F24/$F$25 -> 0
A25: Future supply | B25: =SUM(B19:B24) -> 4127 | C25: =SUM(C19:C24) -> 13258 | D25: =SUM(D19:D24) -> 4550 | E25: =SUM(E19:E24) -> 584 | F25: =SUM(F19:F24) -> 22519 | G25: =F25/$F$25 -> 1
A26: Check: layers less future supply in table A | F26: =F25-L13 -> 0
A28: C City neighbourhoods and county
A29: Neighbourhood / area | B29: Parcels | C29: Developable ha (audit) | D29: Audit capacity | E29: Consented | F29: Unconsented capacity | G29: Future supply | H29: Effective density, audit land (homes/ha)
A30: City Centre | B30: =COUNTIFS(dp_nbhd,A30) -> 56 | C30: =SUMIFS(dp_area,dp_nbhd,A30,dp_grp,"Audit") -> 77.639 | D30: =SUMIFS(dp_cap,dp_nbhd,A30,dp_grp,"Audit") -> 3633 | E30: =SUMIFS(dp_cons,dp_nbhd,A30) -> 925 | F30: =SUMIFS(dp_unc,dp_nbhd,A30) -> 3301 | G30: =SUMIFS(dp_fut,dp_nbhd,A30) -> 4127 | H30: =IF(C30>0,D30/C30,0) -> 46.793493
A31: Caherdavin | B31: =COUNTIFS(dp_nbhd,A31) -> 33 | C31: =SUMIFS(dp_area,dp_nbhd,A31,dp_grp,"Audit") -> 47.86 | D31: =SUMIFS(dp_cap,dp_nbhd,A31,dp_grp,"Audit") -> 1933 | E31: =SUMIFS(dp_cons,dp_nbhd,A31) -> 1298 | F31: =SUMIFS(dp_unc,dp_nbhd,A31) -> 938 | G31: =SUMIFS(dp_fut,dp_nbhd,A31) -> 2084 | H31: =IF(C31>0,D31/C31,0) -> 40.388634
A32: Castletroy/Annacotty | B32: =COUNTIFS(dp_nbhd,A32) -> 32 | C32: =SUMIFS(dp_area,dp_nbhd,A32,dp_grp,"Audit") -> 56.808 | D32: =SUMIFS(dp_cap,dp_nbhd,A32,dp_grp,"Audit") -> 2355 | E32: =SUMIFS(dp_cons,dp_nbhd,A32) -> 2810 | F32: =SUMIFS(dp_unc,dp_nbhd,A32) -> 1193 | G32: =SUMIFS(dp_fut,dp_nbhd,A32) -> 3387 | H32: =IF(C32>0,D32/C32,0) -> 41.455429
A33: Dooradoyle | B33: =COUNTIFS(dp_nbhd,A33) -> 36 | C33: =SUMIFS(dp_area,dp_nbhd,A33,dp_grp,"Audit") -> 80.257 | D33: =SUMIFS(dp_cap,dp_nbhd,A33,dp_grp,"Audit") -> 3699 | E33: =SUMIFS(dp_cons,dp_nbhd,A33) -> 1920 | F33: =SUMIFS(dp_unc,dp_nbhd,A33) -> 2806 | G33: =SUMIFS(dp_fut,dp_nbhd,A33) -> 4616 | H33: =IF(C33>0,D33/C33,0) -> 46.089438
A34: Southhill | B34: =COUNTIFS(dp_nbhd,A34) -> 31 | C34: =SUMIFS(dp_area,dp_nbhd,A34,dp_grp,"Audit") -> 18.641 | D34: =SUMIFS(dp_cap,dp_nbhd,A34,dp_grp,"Audit") -> 956 | E34: =SUMIFS(dp_cons,dp_nbhd,A34) -> 754 | F34: =SUMIFS(dp_unc,dp_nbhd,A34) -> 683 | G34: =SUMIFS(dp_fut,dp_nbhd,A34) -> 1148 | H34: =IF(C34>0,D34/C34,0) -> 51.284802
A35: Singland/Garryowen | B35: =COUNTIFS(dp_nbhd,A35) -> 28 | C35: =SUMIFS(dp_area,dp_nbhd,A35,dp_grp,"Audit") -> 13.036 | D35: =SUMIFS(dp_cap,dp_nbhd,A35,dp_grp,"Audit") -> 615 | E35: =SUMIFS(dp_cons,dp_nbhd,A35) -> 269 | F35: =SUMIFS(dp_unc,dp_nbhd,A35) -> 492 | G35: =SUMIFS(dp_fut,dp_nbhd,A35) -> 732 | H35: =IF(C35>0,D35/C35,0) -> 47.177048
A36: Corbally/Grove Island | B36: =COUNTIFS(dp_nbhd,A36) -> 12 | C36: =SUMIFS(dp_area,dp_nbhd,A36,dp_grp,"Audit") -> 16.707 | D36: =SUMIFS(dp_cap,dp_nbhd,A36,dp_grp,"Audit") -> 646 | E36: =SUMIFS(dp_cons,dp_nbhd,A36) -> 90 | F36: =SUMIFS(dp_unc,dp_nbhd,A36) -> 599 | G36: =SUMIFS(dp_fut,dp_nbhd,A36) -> 665 | H36: =IF(C36>0,D36/C36,0) -> 38.666427
A37: Ballinacurra | B37: =COUNTIFS(dp_nbhd,A37) -> 9 | C37: =SUMIFS(dp_area,dp_nbhd,A37,dp_grp,"Audit") -> 4.53 | D37: =SUMIFS(dp_cap,dp_nbhd,A37,dp_grp,"Audit") -> 203 | E37: =SUMIFS(dp_cons,dp_nbhd,A37) -> 415 | F37: =SUMIFS(dp_unc,dp_nbhd,A37) -> 153 | G37: =SUMIFS(dp_fut,dp_nbhd,A37) -> 551 | H37: =IF(C37>0,D37/C37,0) -> 44.812362
A38: Kings Island | B38: =COUNTIFS(dp_nbhd,A38) -> 5 | C38: =SUMIFS(dp_area,dp_nbhd,A38,dp_grp,"Audit") -> 0.734 | D38: =SUMIFS(dp_cap,dp_nbhd,A38,dp_grp,"Audit") -> 52 | E38: =SUMIFS(dp_cons,dp_nbhd,A38) -> 50 | F38: =SUMIFS(dp_unc,dp_nbhd,A38) -> 25 | G38: =SUMIFS(dp_fut,dp_nbhd,A38) -> 75 | H38: =IF(C38>0,D38/C38,0) -> 70.844687
A39: Settlements (15) | B39: =COUNTIFS(dp_geo,"Settlements") -> 157 | C39: =SUMIFS(dp_area,dp_geo,"Settlements",dp_grp,"Audit") -> 0 | D39: =SUMIFS(dp_cap,dp_geo,"Settlements",dp_grp,"Audit") -> 0 | E39: =SUMIFS(dp_cons,dp_geo,"Settlements") -> 1738 | F39: =SUMIFS(dp_unc,dp_geo,"Settlements") -> 3063 | G39: =SUMIFS(dp_fut,dp_geo,"Settlements") -> 4550 | H39: n/a (zoning estimates)
A40: Remainder of county | B40: =COUNTIFS(dp_geo,"Remainder of County") -> 47 | C40: =SUMIFS(dp_area,dp_geo,"Remainder of County",dp_grp,"Audit") -> 0 | D40: =SUMIFS(dp_cap,dp_geo,"Remainder of County",dp_grp,"Audit") -> 0 | E40: =SUMIFS(dp_cons,dp_geo,"Remainder of County") -> 231 | F40: =SUMIFS(dp_unc,dp_geo,"Remainder of County") -> 397 | G40: =SUMIFS(dp_fut,dp_geo,"Remainder of County") -> 584 | H40: n/a (zoning estimates)
A41: Total | B41: =SUM(B30:B40) -> 446 | C41: =SUM(C30:C40) -> 316.212 | D41: =SUM(D30:D40) -> 14092 | E41: =SUM(E30:E40) -> 10500 | F41: =SUM(F30:F40) -> 13650 | G41: =SUM(G30:G40) -> 22519 | H41: =IF(C41>0,D41/C41,0) -> 44.565039
A43: D Density the register assumes on unconsented land
A44: Measure | B44: City Centre | C44: Rest of City | D44: Settlements | E44: Remainder of County
A45: Unconsented audit capacity (homes) | B45: =SUMIFS(dp_unc,dp_geo,"City Centre",dp_grp,"Audit") -> 3301 | C45: =SUMIFS(dp_unc,dp_geo,"Rest of City",dp_grp,"Audit") -> 6842 | D45: =SUMIFS(dp_unc,dp_geo,"Settlements",dp_grp,"Audit") -> 0 | E45: =SUMIFS(dp_unc,dp_geo,"Remainder of County",dp_grp,"Audit") -> 0
A46: Unconsented developable area (ha) | B46: =SUMIFS(dp_uarea,dp_geo,"City Centre",dp_grp,"Audit") -> 75.817688 | C46: =SUMIFS(dp_uarea,dp_geo,"Rest of City",dp_grp,"Audit") -> 155.17739 | D46: =SUMIFS(dp_uarea,dp_geo,"Settlements",dp_grp,"Audit") -> 0 | E46: =SUMIFS(dp_uarea,dp_geo,"Remainder of County",dp_grp,"Audit") -> 0
A47: Effective density on that land (homes/ha) | B47: =IF(B46>0,B45/B46,0) -> 43.538653 | C47: =IF(C46>0,C45/C46,0) -> 44.091474 | D47: =IF(D46>0,D45/D46,0) -> 0 | E47: =IF(E46>0,E45/E46,0) -> 0
A48: Zoned-land (no consent) capacity (homes) | B48: =SUMIFS(dp_unc,dp_geo,"City Centre",dp_grp,"Zoned") -> 0 | C48: =SUMIFS(dp_unc,dp_geo,"Rest of City",dp_grp,"Zoned") -> 47 | D48: =SUMIFS(dp_unc,dp_geo,"Settlements",dp_grp,"Zoned") -> 3063 | E48: =SUMIFS(dp_unc,dp_geo,"Remainder of County",dp_grp,"Zoned") -> 397
A49: Zoned-land area (ha) | B49: =SUMIFS(dp_uarea,dp_geo,"City Centre",dp_grp,"Zoned") -> 0 | C49: =SUMIFS(dp_uarea,dp_geo,"Rest of City",dp_grp,"Zoned") -> 1.384 | D49: =SUMIFS(dp_uarea,dp_geo,"Settlements",dp_grp,"Zoned") -> 130.492 | E49: =SUMIFS(dp_uarea,dp_geo,"Remainder of County",dp_grp,"Zoned") -> 17.581
A50: Average zoning density on that land (homes/ha) | B50: =IF(B49>0,B48/B49,0) -> 0 | C50: =IF(C49>0,C48/C49,0) -> 33.959538 | D50: =IF(D49>0,D48/D49,0) -> 23.472703 | E50: =IF(E49>0,E48/E49,0) -> 22.581196
A51: The register caps capacity at a council estimate (area × density band). The City Centre's largest parcel carries the "100+" band but a capacity that works out at far fewer homes per hectare. That is the gap the density lever on Inputs tests.
A53: E Consented pipeline by tenure, delivery body and route (not yet complete)
A54: Tenure | B54: Under constr. | C54: Permitted not started | D54: Stalled | E54: Total | F54: % of total
A55: Social | B55: =SUMIFS(dm_units,dm_tenure,$A55,dm_status,"Under construction") -> 642 | C55: =SUMIFS(dm_units,dm_tenure,$A55,dm_status,"Permitted – not started") -> 217 | D55: =SUMIFS(dm_units,dm_tenure,$A55,dm_status,"Stalled") -> 0 | E55: =SUM(B55:D55) -> 859 | F55: =E55/$E$59 -> 0.096854211
A56: Affordable / cost rental | B56: =SUMIFS(dm_units,dm_tenure,$A56,dm_status,"Under construction") -> 0 | C56: =SUMIFS(dm_units,dm_tenure,$A56,dm_status,"Permitted – not started") -> 316 | D56: =SUMIFS(dm_units,dm_tenure,$A56,dm_status,"Stalled") -> 0 | E56: =SUM(B56:D56) -> 316 | F56: =E56/$E$59 -> 0.035629722
A57: Market (incl. Part V) | B57: =SUMIFS(dm_units,dm_tenure,$A57,dm_status,"Under construction") -> 3043 | C57: =SUMIFS(dm_units,dm_tenure,$A57,dm_status,"Permitted – not started") -> 3783 | D57: =SUMIFS(dm_units,dm_tenure,$A57,dm_status,"Stalled") -> 125 | E57: =SUM(B57:D57) -> 6951 | F57: =E57/$E$59 -> 0.78374112
A58: Student (PBSA) | B58: =SUMIFS(dm_units,dm_tenure,$A58,dm_status,"Under construction") -> 26 | C58: =SUMIFS(dm_units,dm_tenure,$A58,dm_status,"Permitted – not started") -> 686 | D58: =SUMIFS(dm_units,dm_tenure,$A58,dm_status,"Stalled") -> 31 | E58: =SUM(B58:D58) -> 743 | F58: =E58/$E$59 -> 0.083774946
A59: Total | B59: =SUM(B55:B58) -> 3711 | C59: =SUM(C55:C58) -> 5002 | D59: =SUM(D55:D58) -> 156 | E59: =SUM(E55:E58) -> 8869 | F59: =E59/$E$59 -> 1
A61: Delivery body | B61: Units | C61: % of total | E61: Planning route | F61: Units | G61: % of total
A62: Private | B62: =SUMIFS(dm_units,dm_body,A62,dm_live,1) -> 7694 | C62: =B62/$E$59 -> 0.86751607 | E62: Standard planning application | F62: =SUMIFS(dm_units,dm_route,E62,dm_live,1) -> 4285 | G62: =F62/$E$59 -> 0.48314353
A63: Local authority | B63: =SUMIFS(dm_units,dm_body,A63,dm_live,1) -> 686 | C63: =B63/$E$59 -> 0.077348066 | E63: LRD | F63: =SUMIFS(dm_units,dm_route,E63,dm_live,1) -> 3003 | G63: =F63/$E$59 -> 0.33859511
A64: Approved housing body | B64: =SUMIFS(dm_units,dm_body,A64,dm_live,1) -> 204 | C64: =B64/$E$59 -> 0.023001466 | E64: Part 8 / council | F64: =SUMIFS(dm_units,dm_route,E64,dm_live,1) -> 661 | G64: =F64/$E$59 -> 0.074529259
A65: Land Development Agency | B65: =SUMIFS(dm_units,dm_body,A65,dm_live,1) -> 285 | C65: =B65/$E$59 -> 0.032134401 | E65: SHD (An Bord Pleanála) | F65: =SUMIFS(dm_units,dm_route,E65,dm_live,1) -> 920 | G65: =F65/$E$59 -> 0.1037321
A67: F Strategic sites: largest parcels by future supply (list fixed when the model was built)
A68: Parcel | B68: Local name | C68: Location | D68: Zoning | E68: Site type | F68: Developable ha | G68: Capacity | H68: Consented | I68: Unconsented | J68: Effective homes/ha
A69: CITY-107 | B69: =IFERROR(INDEX(dp_lname,MATCH($A69,dp_id,0))&"","") -> City Centre | C69: =IFERROR(INDEX(dp_geo,MATCH($A69,dp_id,0))&"","") -> City Centre | D69: =IFERROR(INDEX(dp_zoning,MATCH($A69,dp_id,0))&"","") -> City C | E69: =IFERROR(INDEX(dp_stype,MATCH($A69,dp_id,0))&"","") -> Brownfield | F69: =INDEX(dp_area,MATCH($A69,dp_id,0)) -> 68.48 | G69: =INDEX(dp_cap,MATCH($A69,dp_id,0)) -> 2500 | H69: =INDEX(dp_cons,MATCH($A69,dp_id,0)) -> 11 | I69: =INDEX(dp_unc,MATCH($A69,dp_id,0)) -> 2489 | J69: =IF(F69>0,G69/F69,0) -> 36.507009
A70: CITY-144 | B70: =IFERROR(INDEX(dp_lname,MATCH($A70,dp_id,0))&"","") -> Dooradoyle | C70: =IFERROR(INDEX(dp_geo,MATCH($A70,dp_id,0))&"","") -> Rest of City | D70: =IFERROR(INDEX(dp_zoning,MATCH($A70,dp_id,0))&"","") -> New Resi | E70: =IFERROR(INDEX(dp_stype,MATCH($A70,dp_id,0))&"","") -> Greenfield | F70: =INDEX(dp_area,MATCH($A70,dp_id,0)) -> 31.95 | G70: =INDEX(dp_cap,MATCH($A70,dp_id,0)) -> 1747 | H70: =INDEX(dp_cons,MATCH($A70,dp_id,0)) -> 351 | I70: =INDEX(dp_unc,MATCH($A70,dp_id,0)) -> 1396 | J70: =IF(F70>0,G70/F70,0) -> 54.679186
A71: CITY-57 | B71: =IFERROR(INDEX(dp_lname,MATCH($A71,dp_id,0))&"","") -> Castletroy | C71: =IFERROR(INDEX(dp_geo,MATCH($A71,dp_id,0))&"","") -> Rest of City | D71: =IFERROR(INDEX(dp_zoning,MATCH($A71,dp_id,0))&"","") -> New Resi | E71: =IFERROR(INDEX(dp_stype,MATCH($A71,dp_id,0))&"","") -> Infill | F71: =INDEX(dp_area,MATCH($A71,dp_id,0)) -> 12.36 | G71: =INDEX(dp_cap,MATCH($A71,dp_id,0)) -> 508 | H71: =INDEX(dp_cons,MATCH($A71,dp_id,0)) -> 523 | I71: =INDEX(dp_unc,MATCH($A71,dp_id,0)) -> 0 | J71: =IF(F71>0,G71/F71,0) -> 41.100324
A72: CITY-22 | B72: =IFERROR(INDEX(dp_lname,MATCH($A72,dp_id,0))&"","") -> Northside | C72: =IFERROR(INDEX(dp_geo,MATCH($A72,dp_id,0))&"","") -> City Centre | D72: =IFERROR(INDEX(dp_zoning,MATCH($A72,dp_id,0))&"","") -> City C | E72: =IFERROR(INDEX(dp_stype,MATCH($A72,dp_id,0))&"","") -> Brownfield | F72: =INDEX(dp_area,MATCH($A72,dp_id,0)) -> 3.919 | G72: =INDEX(dp_cap,MATCH($A72,dp_id,0)) -> 500 | H72: =INDEX(dp_cons,MATCH($A72,dp_id,0)) -> 0 | I72: =INDEX(dp_unc,MATCH($A72,dp_id,0)) -> 500 | J72: =IF(F72>0,G72/F72,0) -> 127.58357
A73: CITY-71 | B73: =IFERROR(INDEX(dp_lname,MATCH($A73,dp_id,0))&"","") -> Castletroy | C73: =IFERROR(INDEX(dp_geo,MATCH($A73,dp_id,0))&"","") -> Rest of City | D73: =IFERROR(INDEX(dp_zoning,MATCH($A73,dp_id,0))&"","") -> New Resi | E73: =IFERROR(INDEX(dp_stype,MATCH($A73,dp_id,0))&"","") -> Infill | F73: =INDEX(dp_area,MATCH($A73,dp_id,0)) -> 3.167 | G73: =INDEX(dp_cap,MATCH($A73,dp_id,0)) -> 141 | H73: =INDEX(dp_cons,MATCH($A73,dp_id,0)) -> 465 | I73: =INDEX(dp_unc,MATCH($A73,dp_id,0)) -> 0 | J73: =IF(F73>0,G73/F73,0) -> 44.521629
A74: CITY-151 | B74: =IFERROR(INDEX(dp_lname,MATCH($A74,dp_id,0))&"","") -> Dooradoyle | C74: =IFERROR(INDEX(dp_geo,MATCH($A74,dp_id,0))&"","") -> Rest of City | D74: =IFERROR(INDEX(dp_zoning,MATCH($A74,dp_id,0))&"","") -> New Resi | E74: =IFERROR(INDEX(dp_stype,MATCH($A74,dp_id,0))&"","") -> Greenfield | F74: =INDEX(dp_area,MATCH($A74,dp_id,0)) -> 10.98 | G74: =INDEX(dp_cap,MATCH($A74,dp_id,0)) -> 462 | H74: =INDEX(dp_cons,MATCH($A74,dp_id,0)) -> 0 | I74: =INDEX(dp_unc,MATCH($A74,dp_id,0)) -> 462 | J74: =IF(F74>0,G74/F74,0) -> 42.076503
A75: CITY-7 | B75: =IFERROR(INDEX(dp_lname,MATCH($A75,dp_id,0))&"","") -> Northside | C75: =IFERROR(INDEX(dp_geo,MATCH($A75,dp_id,0))&"","") -> Rest of City | D75: =IFERROR(INDEX(dp_zoning,MATCH($A75,dp_id,0))&"","") -> New Resi | E75: =IFERROR(INDEX(dp_stype,MATCH($A75,dp_id,0))&"","") -> Greenfield | F75: =INDEX(dp_area,MATCH($A75,dp_id,0)) -> 11.8 | G75: =INDEX(dp_cap,MATCH($A75,dp_id,0)) -> 413 | H75: =INDEX(dp_cons,MATCH($A75,dp_id,0)) -> 251 | I75: =INDEX(dp_unc,MATCH($A75,dp_id,0)) -> 162 | J75: =IF(F75>0,G75/F75,0) -> 35
A76: CITY-76 | B76: =IFERROR(INDEX(dp_lname,MATCH($A76,dp_id,0))&"","") -> Garryowen | C76: =IFERROR(INDEX(dp_geo,MATCH($A76,dp_id,0))&"","") -> Rest of City | D76: =IFERROR(INDEX(dp_zoning,MATCH($A76,dp_id,0))&"","") -> Mixed Use | E76: =IFERROR(INDEX(dp_stype,MATCH($A76,dp_id,0))&"","") -> Brownfield | F76: =INDEX(dp_area,MATCH($A76,dp_id,0)) -> 3.169 | G76: =INDEX(dp_cap,MATCH($A76,dp_id,0)) -> 245 | H76: =INDEX(dp_cons,MATCH($A76,dp_id,0)) -> 403 | I76: =INDEX(dp_unc,MATCH($A76,dp_id,0)) -> 0 | J76: =IF(F76>0,G76/F76,0) -> 77.311455
A77: CITY-136 | B77: =IFERROR(INDEX(dp_lname,MATCH($A77,dp_id,0))&"","") -> Dooradoyle | C77: =IFERROR(INDEX(dp_geo,MATCH($A77,dp_id,0))&"","") -> Rest of City | D77: =IFERROR(INDEX(dp_zoning,MATCH($A77,dp_id,0))&"","") -> New Resi | E77: =IFERROR(INDEX(dp_stype,MATCH($A77,dp_id,0))&"","") -> Greenfield | F77: =INDEX(dp_area,MATCH($A77,dp_id,0)) -> 8.559 | G77: =INDEX(dp_cap,MATCH($A77,dp_id,0)) -> 384 | H77: =INDEX(dp_cons,MATCH($A77,dp_id,0)) -> 384 | I77: =INDEX(dp_unc,MATCH($A77,dp_id,0)) -> 0 | J77: =IF(F77>0,G77/F77,0) -> 44.865054
A78: CITY-70 | B78: =IFERROR(INDEX(dp_lname,MATCH($A78,dp_id,0))&"","") -> Castletroy | C78: =IFERROR(INDEX(dp_geo,MATCH($A78,dp_id,0))&"","") -> Rest of City | D78: =IFERROR(INDEX(dp_zoning,MATCH($A78,dp_id,0))&"","") -> New Resi | E78: =IFERROR(INDEX(dp_stype,MATCH($A78,dp_id,0))&"","") -> Greenfield | F78: =INDEX(dp_area,MATCH($A78,dp_id,0)) -> 8.56 | G78: =INDEX(dp_cap,MATCH($A78,dp_id,0)) -> 375 | H78: =INDEX(dp_cons,MATCH($A78,dp_id,0)) -> 0 | I78: =INDEX(dp_unc,MATCH($A78,dp_id,0)) -> 375 | J78: =IF(F78>0,G78/F78,0) -> 43.808411
A79: CITY-133 | B79: =IFERROR(INDEX(dp_lname,MATCH($A79,dp_id,0))&"","") -> Dock Rd | C79: =IFERROR(INDEX(dp_geo,MATCH($A79,dp_id,0))&"","") -> Rest of City | D79: =IFERROR(INDEX(dp_zoning,MATCH($A79,dp_id,0))&"","") -> New Resi | E79: =IFERROR(INDEX(dp_stype,MATCH($A79,dp_id,0))&"","") -> Infill | F79: =INDEX(dp_area,MATCH($A79,dp_id,0)) -> 1.22 | G79: =INDEX(dp_cap,MATCH($A79,dp_id,0)) -> 55 | H79: =INDEX(dp_cons,MATCH($A79,dp_id,0)) -> 371 | I79: =INDEX(dp_unc,MATCH($A79,dp_id,0)) -> 0 | J79: =IF(F79>0,G79/F79,0) -> 45.081967
A80: CITY-69 | B80: =IFERROR(INDEX(dp_lname,MATCH($A80,dp_id,0))&"","") -> Castletroy | C80: =IFERROR(INDEX(dp_geo,MATCH($A80,dp_id,0))&"","") -> Rest of City | D80: =IFERROR(INDEX(dp_zoning,MATCH($A80,dp_id,0))&"","") -> New Resi | E80: =IFERROR(INDEX(dp_stype,MATCH($A80,dp_id,0))&"","") -> Greenfield | F80: =INDEX(dp_area,MATCH($A80,dp_id,0)) -> 8.746 | G80: =INDEX(dp_cap,MATCH($A80,dp_id,0)) -> 310 | H80: =INDEX(dp_cons,MATCH($A80,dp_id,0)) -> 0 | I80: =INDEX(dp_unc,MATCH($A80,dp_id,0)) -> 310 | J80: =IF(F80>0,G80/F80,0) -> 35.444775

Sheet 3b Study Areas
A1: 3b Study areas: land capacity and consents for the 24 areas and the county remainder
A2: 9 city neighbourhoods, 6 key towns, 9 large villages (15 settlements) and everything outside them. Each parcel sits in the one catchment it overlaps most (as in the register catchment_summary).
A5: A Capacity and consents by study area
A6: Study area | B6: Type | C6: Parcels | D6: Developable ha | E6: Complete | F6: Under constr. | G6: Permitted not started | H6: Stalled | I6: Consented (counted) | J6: Unconsented capacity | K6: of which zoned-land estimate | L6: Total supply | M6: Future supply (not yet built) | N6: Consented share of total supply | O6: Consented, not yet built, share of future supply | P6: Memo: expired + in planning | Q6: New GeoDirectory addresses since 2019 | R6: Effective weight (helper)
A7: City Centre | B7: City neighbourhood | C7: =COUNTIFS(dp_catch,$A7) -> 56 | D7: =SUMIFS(dp_area,dp_catch,$A7) -> 80.92 | E7: =SUMIFS(dp_comp,dp_catch,$A7) -> 99 | F7: =SUMIFS(dp_uc,dp_catch,$A7) -> 111 | G7: =SUMIFS(dp_pns,dp_catch,$A7) -> 715 | H7: =SUMIFS(dp_stl,dp_catch,$A7) -> 0 | I7: =SUMIFS(dp_cons,dp_catch,$A7) -> 925 | J7: =SUMIFS(dp_unc,dp_catch,$A7) -> 3301 | K7: =SUMIFS(dp_unc,dp_catch,$A7,dp_grp,"Zoned") -> 0 | L7: =SUMIFS(dp_tot,dp_catch,$A7) -> 4226 | M7: =SUMIFS(dp_fut,dp_catch,$A7) -> 4127 | N7: =IF(L7>0,I7/L7,0) -> 0.2188831 | O7: =IF(M7>0,(F7+G7+H7)/M7,0) -> 0.20014538 | P7: =SUMIFS(dp_exp,dp_catch,$A7)+SUMIFS(dp_inpl,dp_catch,$A7) -> 85 | Q7: =SUMIFS(dp_geodnew,dp_catch,$A7) -> 47
A8: Caherdavin | B8: City neighbourhood | C8: =COUNTIFS(dp_catch,$A8) -> 33 | D8: =SUMIFS(dp_area,dp_catch,$A8) -> 64.726 | E8: =SUMIFS(dp_comp,dp_catch,$A8) -> 152 | F8: =SUMIFS(dp_uc,dp_catch,$A8) -> 539 | G8: =SUMIFS(dp_pns,dp_catch,$A8) -> 576 | H8: =SUMIFS(dp_stl,dp_catch,$A8) -> 31 | I8: =SUMIFS(dp_cons,dp_catch,$A8) -> 1298 | J8: =SUMIFS(dp_unc,dp_catch,$A8) -> 938 | K8: =SUMIFS(dp_unc,dp_catch,$A8,dp_grp,"Zoned") -> 0 | L8: =SUMIFS(dp_tot,dp_catch,$A8) -> 2236 | M8: =SUMIFS(dp_fut,dp_catch,$A8) -> 2084 | N8: =IF(L8>0,I8/L8,0) -> 0.58050089 | O8: =IF(M8>0,(F8+G8+H8)/M8,0) -> 0.54990403 | P8: =SUMIFS(dp_exp,dp_catch,$A8)+SUMIFS(dp_inpl,dp_catch,$A8) -> 46 | Q8: =SUMIFS(dp_geodnew,dp_catch,$A8) -> 294
A9: Castletroy/Annacotty | B9: City neighbourhood | C9: =COUNTIFS(dp_catch,$A9) -> 32 | D9: =SUMIFS(dp_area,dp_catch,$A9) -> 99.594 | E9: =SUMIFS(dp_comp,dp_catch,$A9) -> 616 | F9: =SUMIFS(dp_uc,dp_catch,$A9) -> 604 | G9: =SUMIFS(dp_pns,dp_catch,$A9) -> 1590 | H9: =SUMIFS(dp_stl,dp_catch,$A9) -> 0 | I9: =SUMIFS(dp_cons,dp_catch,$A9) -> 2810 | J9: =SUMIFS(dp_unc,dp_catch,$A9) -> 1193 | K9: =SUMIFS(dp_unc,dp_catch,$A9,dp_grp,"Zoned") -> 5 | L9: =SUMIFS(dp_tot,dp_catch,$A9) -> 4003 | M9: =SUMIFS(dp_fut,dp_catch,$A9) -> 3387 | N9: =IF(L9>0,I9/L9,0) -> 0.70197352 | O9: =IF(M9>0,(F9+G9+H9)/M9,0) -> 0.64777089 | P9: =SUMIFS(dp_exp,dp_catch,$A9)+SUMIFS(dp_inpl,dp_catch,$A9) -> 149 | Q9: =SUMIFS(dp_geodnew,dp_catch,$A9) -> 923
A10: Dooradoyle | B10: City neighbourhood | C10: =COUNTIFS(dp_catch,$A10) -> 36 | D10: =SUMIFS(dp_area,dp_catch,$A10) -> 103.808 | E10: =SUMIFS(dp_comp,dp_catch,$A10) -> 110 | F10: =SUMIFS(dp_uc,dp_catch,$A10) -> 1121 | G10: =SUMIFS(dp_pns,dp_catch,$A10) -> 689 | H10: =SUMIFS(dp_stl,dp_catch,$A10) -> 0 | I10: =SUMIFS(dp_cons,dp_catch,$A10) -> 1920 | J10: =SUMIFS(dp_unc,dp_catch,$A10) -> 2806 | K10: =SUMIFS(dp_unc,dp_catch,$A10,dp_grp,"Zoned") -> 14 | L10: =SUMIFS(dp_tot,dp_catch,$A10) -> 4726 | M10: =SUMIFS(dp_fut,dp_catch,$A10) -> 4616 | N10: =IF(L10>0,I10/L10,0) -> 0.40626322 | O10: =IF(M10>0,(F10+G10+H10)/M10,0) -> 0.39211438 | P10: =SUMIFS(dp_exp,dp_catch,$A10)+SUMIFS(dp_inpl,dp_catch,$A10) -> 0 | Q10: =SUMIFS(dp_geodnew,dp_catch,$A10) -> 436
A11: Southhill | B11: City neighbourhood | C11: =COUNTIFS(dp_catch,$A11) -> 31 | D11: =SUMIFS(dp_area,dp_catch,$A11) -> 29.859 | E11: =SUMIFS(dp_comp,dp_catch,$A11) -> 289 | F11: =SUMIFS(dp_uc,dp_catch,$A11) -> 47 | G11: =SUMIFS(dp_pns,dp_catch,$A11) -> 418 | H11: =SUMIFS(dp_stl,dp_catch,$A11) -> 0 | I11: =SUMIFS(dp_cons,dp_catch,$A11) -> 754 | J11: =SUMIFS(dp_unc,dp_catch,$A11) -> 683 | K11: =SUMIFS(dp_unc,dp_catch,$A11,dp_grp,"Zoned") -> 0 | L11: =SUMIFS(dp_tot,dp_catch,$A11) -> 1437 | M11: =SUMIFS(dp_fut,dp_catch,$A11) -> 1148 | N11: =IF(L11>0,I11/L11,0) -> 0.52470424 | O11: =IF(M11>0,(F11+G11+H11)/M11,0) -> 0.40505226 | P11: =SUMIFS(dp_exp,dp_catch,$A11)+SUMIFS(dp_inpl,dp_catch,$A11) -> 73 | Q11: =SUMIFS(dp_geodnew,dp_catch,$A11) -> 256
A12: Singland/Garryowen | B12: City neighbourhood | C12: =COUNTIFS(dp_catch,$A12) -> 28 | D12: =SUMIFS(dp_area,dp_catch,$A12) -> 15.581 | E12: =SUMIFS(dp_comp,dp_catch,$A12) -> 29 | F12: =SUMIFS(dp_uc,dp_catch,$A12) -> 108 | G12: =SUMIFS(dp_pns,dp_catch,$A12) -> 132 | H12: =SUMIFS(dp_stl,dp_catch,$A12) -> 0 | I12: =SUMIFS(dp_cons,dp_catch,$A12) -> 269 | J12: =SUMIFS(dp_unc,dp_catch,$A12) -> 492 | K12: =SUMIFS(dp_unc,dp_catch,$A12,dp_grp,"Zoned") -> 23 | L12: =SUMIFS(dp_tot,dp_catch,$A12) -> 761 | M12: =SUMIFS(dp_fut,dp_catch,$A12) -> 732 | N12: =IF(L12>0,I12/L12,0) -> 0.35348226 | O12: =IF(M12>0,(F12+G12+H12)/M12,0) -> 0.32786885 | P12: =SUMIFS(dp_exp,dp_catch,$A12)+SUMIFS(dp_inpl,dp_catch,$A12) -> 4 | Q12: =SUMIFS(dp_geodnew,dp_catch,$A12) -> 72
A13: Corbally/Grove Island | B13: City neighbourhood | C13: =COUNTIFS(dp_catch,$A13) -> 12 | D13: =SUMIFS(dp_area,dp_catch,$A13) -> 19.019 | E13: =SUMIFS(dp_comp,dp_catch,$A13) -> 24 | F13: =SUMIFS(dp_uc,dp_catch,$A13) -> 26 | G13: =SUMIFS(dp_pns,dp_catch,$A13) -> 40 | H13: =SUMIFS(dp_stl,dp_catch,$A13) -> 0 | I13: =SUMIFS(dp_cons,dp_catch,$A13) -> 90 | J13: =SUMIFS(dp_unc,dp_catch,$A13) -> 599 | K13: =SUMIFS(dp_unc,dp_catch,$A13,dp_grp,"Zoned") -> 0 | L13: =SUMIFS(dp_tot,dp_catch,$A13) -> 689 | M13: =SUMIFS(dp_fut,dp_catch,$A13) -> 665 | N13: =IF(L13>0,I13/L13,0) -> 0.13062409 | O13: =IF(M13>0,(F13+G13+H13)/M13,0) -> 0.09924812 | P13: =SUMIFS(dp_exp,dp_catch,$A13)+SUMIFS(dp_inpl,dp_catch,$A13) -> 6 | Q13: =SUMIFS(dp_geodnew,dp_catch,$A13) -> 15
A14: Ballinacurra | B14: City neighbourhood | C14: =COUNTIFS(dp_catch,$A14) -> 9 | D14: =SUMIFS(dp_area,dp_catch,$A14) -> 5.562 | E14: =SUMIFS(dp_comp,dp_catch,$A14) -> 17 | F14: =SUMIFS(dp_uc,dp_catch,$A14) -> 398 | G14: =SUMIFS(dp_pns,dp_catch,$A14) -> 0 | H14: =SUMIFS(dp_stl,dp_catch,$A14) -> 0 | I14: =SUMIFS(dp_cons,dp_catch,$A14) -> 415 | J14: =SUMIFS(dp_unc,dp_catch,$A14) -> 153 | K14: =SUMIFS(dp_unc,dp_catch,$A14,dp_grp,"Zoned") -> 5 | L14: =SUMIFS(dp_tot,dp_catch,$A14) -> 568 | M14: =SUMIFS(dp_fut,dp_catch,$A14) -> 551 | N14: =IF(L14>0,I14/L14,0) -> 0.7306338 | O14: =IF(M14>0,(F14+G14+H14)/M14,0) -> 0.72232305 | P14: =SUMIFS(dp_exp,dp_catch,$A14)+SUMIFS(dp_inpl,dp_catch,$A14) -> 0 | Q14: =SUMIFS(dp_geodnew,dp_catch,$A14) -> 327
A15: Kings Island | B15: City neighbourhood | C15: =COUNTIFS(dp_catch,$A15) -> 5 | D15: =SUMIFS(dp_area,dp_catch,$A15) -> 0.906 | E15: =SUMIFS(dp_comp,dp_catch,$A15) -> 0 | F15: =SUMIFS(dp_uc,dp_catch,$A15) -> 0 | G15: =SUMIFS(dp_pns,dp_catch,$A15) -> 50 | H15: =SUMIFS(dp_stl,dp_catch,$A15) -> 0 | I15: =SUMIFS(dp_cons,dp_catch,$A15) -> 50 | J15: =SUMIFS(dp_unc,dp_catch,$A15) -> 25 | K15: =SUMIFS(dp_unc,dp_catch,$A15,dp_grp,"Zoned") -> 0 | L15: =SUMIFS(dp_tot,dp_catch,$A15) -> 75 | M15: =SUMIFS(dp_fut,dp_catch,$A15) -> 75 | N15: =IF(L15>0,I15/L15,0) -> 0.66666667 | O15: =IF(M15>0,(F15+G15+H15)/M15,0) -> 0.66666667 | P15: =SUMIFS(dp_exp,dp_catch,$A15)+SUMIFS(dp_inpl,dp_catch,$A15) -> 30 | Q15: =SUMIFS(dp_geodnew,dp_catch,$A15) -> 0
A16: Newcastle West | B16: Key town | C16: =COUNTIFS(dp_catch,$A16) -> 27 | D16: =SUMIFS(dp_area,dp_catch,$A16) -> 58.216 | E16: =SUMIFS(dp_comp,dp_catch,$A16) -> 6 | F16: =SUMIFS(dp_uc,dp_catch,$A16) -> 166 | G16: =SUMIFS(dp_pns,dp_catch,$A16) -> 55 | H16: =SUMIFS(dp_stl,dp_catch,$A16) -> 53 | I16: =SUMIFS(dp_cons,dp_catch,$A16) -> 280 | J16: =SUMIFS(dp_unc,dp_catch,$A16) -> 1179 | K16: =SUMIFS(dp_unc,dp_catch,$A16,dp_grp,"Zoned") -> 1179 | L16: =SUMIFS(dp_tot,dp_catch,$A16) -> 1459 | M16: =SUMIFS(dp_fut,dp_catch,$A16) -> 1453 | N16: =IF(L16>0,I16/L16,0) -> 0.19191227 | O16: =IF(M16>0,(F16+G16+H16)/M16,0) -> 0.18857536 | P16: =SUMIFS(dp_exp,dp_catch,$A16)+SUMIFS(dp_inpl,dp_catch,$A16) -> 30 | Q16: =SUMIFS(dp_geodnew,dp_catch,$A16) -> 88
A17: Abbeyfeale | B17: Key town | C17: =COUNTIFS(dp_catch,$A17) -> 10 | D17: =SUMIFS(dp_area,dp_catch,$A17) -> 11.181 | E17: =SUMIFS(dp_comp,dp_catch,$A17) -> 0 | F17: =SUMIFS(dp_uc,dp_catch,$A17) -> 0 | G17: =SUMIFS(dp_pns,dp_catch,$A17) -> 87 | H17: =SUMIFS(dp_stl,dp_catch,$A17) -> 0 | I17: =SUMIFS(dp_cons,dp_catch,$A17) -> 87 | J17: =SUMIFS(dp_unc,dp_catch,$A17) -> 176 | K17: =SUMIFS(dp_unc,dp_catch,$A17,dp_grp,"Zoned") -> 176 | L17: =SUMIFS(dp_tot,dp_catch,$A17) -> 263 | M17: =SUMIFS(dp_fut,dp_catch,$A17) -> 263 | N17: =IF(L17>0,I17/L17,0) -> 0.33079848 | O17: =IF(M17>0,(F17+G17+H17)/M17,0) -> 0.33079848 | P17: =SUMIFS(dp_exp,dp_catch,$A17)+SUMIFS(dp_inpl,dp_catch,$A17) -> 48 | Q17: =SUMIFS(dp_geodnew,dp_catch,$A17) -> 0
A18: Rathkeale | B18: Key town | C18: =COUNTIFS(dp_catch,$A18) -> 11 | D18: =SUMIFS(dp_area,dp_catch,$A18) -> 8.243 | E18: =SUMIFS(dp_comp,dp_catch,$A18) -> 0 | F18: =SUMIFS(dp_uc,dp_catch,$A18) -> 11 | G18: =SUMIFS(dp_pns,dp_catch,$A18) -> 0 | H18: =SUMIFS(dp_stl,dp_catch,$A18) -> 0 | I18: =SUMIFS(dp_cons,dp_catch,$A18) -> 11 | J18: =SUMIFS(dp_unc,dp_catch,$A18) -> 189 | K18: =SUMIFS(dp_unc,dp_catch,$A18,dp_grp,"Zoned") -> 189 | L18: =SUMIFS(dp_tot,dp_catch,$A18) -> 200 | M18: =SUMIFS(dp_fut,dp_catch,$A18) -> 200 | N18: =IF(L18>0,I18/L18,0) -> 0.055 | O18: =IF(M18>0,(F18+G18+H18)/M18,0) -> 0.055 | P18: =SUMIFS(dp_exp,dp_catch,$A18)+SUMIFS(dp_inpl,dp_catch,$A18) -> 0 | Q18: =SUMIFS(dp_geodnew,dp_catch,$A18) -> 0
... A31: Rest of county | B31: Rest of county | C31: =COUNTIFS(dp_catch,$A31) -> 47 | D31: =SUMIFS(dp_area,dp_catch,$A31) -> 38.707 | E31: =SUMIFS(dp_comp,dp_catch,$A31) -> 44 | F31: =SUMIFS(dp_uc,dp_catch,$A31) -> 106 | G31: =SUMIFS(dp_pns,dp_catch,$A31) -> 81 | H31: =SUMIFS(dp_stl,dp_catch,$A31) -> 0 | I31: =SUMIFS(dp_cons,dp_catch,$A31) -> 231 | J31: =SUMIFS(dp_unc,dp_catch,$A31) -> 397 | K31: =SUMIFS(dp_unc,dp_catch,$A31,dp_grp,"Zoned") -> 397 | L31: =SUMIFS(dp_tot,dp_catch,$A31) -> 628 | M31: =SUMIFS(dp_fut,dp_catch,$A31) -> 584 | N31: =IF(L31>0,I31/L31,0) -> 0.36783439 | O31: =IF(M31>0,(F31+G31+H31)/M31,0) -> 0.32020548 | P31: =SUMIFS(dp_exp,dp_catch,$A31)+SUMIFS(dp_inpl,dp_catch,$A31) -> 54 | Q31: =SUMIFS(dp_geodnew,dp_catch,$A31) -> 89
A32: Total, all areas | C32: =SUM(C7:C31) -> 446 | D32: =SUM(D7:D31) -> 684.163 | E32: =SUM(E7:E31) -> 1631 | F32: =SUM(F7:F31) -> 3711 | G32: =SUM(G7:G31) -> 5002 | H32: =SUM(H7:H31) -> 156 | I32: =SUM(I7:I31) -> 10500 | J32: =SUM(J7:J31) -> 13650 | ... M32: =SUM(M7:M31) -> 22519 | N32: =IF(L32>0,I32/L32,0) -> 0.43478261 | O32: =IF(M32>0,(F32+G32+H32)/M32,0) -> 0.3938452 | P32: =SUM(P7:P31) -> 574 | Q32: =SUM(Q7:Q31) -> 2889
A33: Check against register (future supply) | M33: =M32-reg_fut -> 0
A35: Subtotal by type | C35: Parcels | D35: Developable ha | E35: Complete | F35: Under constr. | G35: Permitted not started | H35: Stalled | I35: Consented (counted) | J35: Unconsented capacity | K35: of which zoned-land estimate | L35: Total supply | M35: Future supply (not yet built) | N35: Consented share of total supply | O35: Consented, not yet built, share of future supply
A36: City neighbourhood | C36: =SUMIFS(C$7:C$31,$B$7:$B$31,$A36) -> 242 | D36: =SUMIFS(D$7:D$31,$B$7:$B$31,$A36) -> 419.975 | E36: =SUMIFS(E$7:E$31,$B$7:$B$31,$A36) -> 1336 | F36: =SUMIFS(F$7:F$31,$B$7:$B$31,$A36) -> 2954 | G36: =SUMIFS(G$7:G$31,$B$7:$B$31,$A36) -> 4210 | H36: =SUMIFS(H$7:H$31,$B$7:$B$31,$A36) -> 31 | I36: =SUMIFS(I$7:I$31,$B$7:$B$31,$A36) -> 8531 | J36: =SUMIFS(J$7:J$31,$B$7:$B$31,$A36) -> 10190 | ... M36: =SUMIFS(M$7:M$31,$B$7:$B$31,$A36) -> 17385 | N36: =IF(L36>0,I36/L36,0) -> 0.45569147 | O36: =IF(M36>0,(F36+G36+H36)/M36,0) -> 0.41386253
A37: Key town | C37: =SUMIFS(C$7:C$31,$B$7:$B$31,$A37) -> 80 | D37: =SUMIFS(D$7:D$31,$B$7:$B$31,$A37) -> 125.614 | E37: =SUMIFS(E$7:E$31,$B$7:$B$31,$A37) -> 88 | F37: =SUMIFS(F$7:F$31,$B$7:$B$31,$A37) -> 321 | G37: =SUMIFS(G$7:G$31,$B$7:$B$31,$A37) -> 156 | H37: =SUMIFS(H$7:H$31,$B$7:$B$31,$A37) -> 53 | I37: =SUMIFS(I$7:I$31,$B$7:$B$31,$A37) -> 618 | J37: =SUMIFS(J$7:J$31,$B$7:$B$31,$A37) -> 2297 | ... M37: =SUMIFS(M$7:M$31,$B$7:$B$31,$A37) -> 2827 | N37: =IF(L37>0,I37/L37,0) -> 0.21200686 | O37: =IF(M37>0,(F37+G37+H37)/M37,0) -> 0.18747789
A38: Large village | C38: =SUMIFS(C$7:C$31,$B$7:$B$31,$A38) -> 77 | D38: =SUMIFS(D$7:D$31,$B$7:$B$31,$A38) -> 99.867 | E38: =SUMIFS(E$7:E$31,$B$7:$B$31,$A38) -> 163 | F38: =SUMIFS(F$7:F$31,$B$7:$B$31,$A38) -> 330 | G38: =SUMIFS(G$7:G$31,$B$7:$B$31,$A38) -> 555 | H38: =SUMIFS(H$7:H$31,$B$7:$B$31,$A38) -> 72 | I38: =SUMIFS(I$7:I$31,$B$7:$B$31,$A38) -> 1120 | J38: =SUMIFS(J$7:J$31,$B$7:$B$31,$A38) -> 766 | ... M38: =SUMIFS(M$7:M$31,$B$7:$B$31,$A38) -> 1723 | N38: =IF(L38>0,I38/L38,0) -> 0.59384942 | O38: =IF(M38>0,(F38+G38+H38)/M38,0) -> 0.55542658
A39: Rest of county | C39: =SUMIFS(C$7:C$31,$B$7:$B$31,$A39) -> 47 | D39: =SUMIFS(D$7:D$31,$B$7:$B$31,$A39) -> 38.707 | E39: =SUMIFS(E$7:E$31,$B$7:$B$31,$A39) -> 44 | F39: =SUMIFS(F$7:F$31,$B$7:$B$31,$A39) -> 106 | G39: =SUMIFS(G$7:G$31,$B$7:$B$31,$A39) -> 81 | H39: =SUMIFS(H$7:H$31,$B$7:$B$31,$A39) -> 0 | I39: =SUMIFS(I$7:I$31,$B$7:$B$31,$A39) -> 231 | J39: =SUMIFS(J$7:J$31,$B$7:$B$31,$A39) -> 397 | ... M39: =SUMIFS(M$7:M$31,$B$7:$B$31,$A39) -> 584 | N39: =IF(L39>0,I39/L39,0) -> 0.36783439 | O39: =IF(M39>0,(F39+G39+H39)/M39,0) -> 0.32020548
A40: Askeaton is one of the 15 study settlements but the register has no parcels in its catchment, so it shows zero. Edge-of-settlement parcels (within 500 m) are assigned to the nearest settlement by the register. Totals reconcile to the register catchment_summary.
A42: B Average zoning density the register carries for zoned land (homes per net hectare)
A43: Area type | C43: Zoned parcels | D43: Zoned area (ha) | E43: Zoned capacity (homes) | F43: Average zoning density
A44: City neighbourhoods | C44: =COUNTIFS(dp_ctype,"City neighbourhood",dp_grp,"Zoned") -> 5 | D44: =SUMIFS(dp_uarea,dp_ctype,"City neighbourhood",dp_grp,"Zoned") -> 1.384 | E44: =SUMIFS(dp_unc,dp_ctype,"City neighbourhood",dp_grp,"Zoned") -> 47 | F44: =IF(D44>0,E44/D44,0) -> 33.959538
A45: Key towns | C45: =COUNTIFS(dp_ctype,"Key town",dp_grp,"Zoned") -> 60 | D45: =SUMIFS(dp_uarea,dp_ctype,"Key town",dp_grp,"Zoned") -> 97.058 | E45: =SUMIFS(dp_unc,dp_ctype,"Key town",dp_grp,"Zoned") -> 2297 | F45: =IF(D45>0,E45/D45,0) -> 23.666261
A46: Large villages | C46: =COUNTIFS(dp_ctype,"Large village",dp_grp,"Zoned") -> 40 | D46: =SUMIFS(dp_uarea,dp_ctype,"Large village",dp_grp,"Zoned") -> 33.434 | E46: =SUMIFS(dp_unc,dp_ctype,"Large village",dp_grp,"Zoned") -> 766 | F46: =IF(D46>0,E46/D46,0) -> 22.910809
A47: Remainder of county | C47: =COUNTIFS(dp_ctype,"Rest of county",dp_grp,"Zoned") -> 19 | D47: =SUMIFS(dp_uarea,dp_ctype,"Rest of county",dp_grp,"Zoned") -> 17.581 | E47: =SUMIFS(dp_unc,dp_ctype,"Rest of county",dp_grp,"Zoned") -> 397 | F47: =IF(D47>0,E47/D47,0) -> 22.581196
A48: Zoned-land capacity in the register = zoned area × developable share × density, using the median of permitted schemes (25 homes/ha towns and villages, 19 serviced sites, 34 city suburbs). The average here is the net density the register already applies and is the default for newly zoned land.
A50: C Settlements: fair-share requirement, supply and land to zone (the 15 settlements, not netted against each other)
A51: Settlements requirement to 2040 (homes) | C51: =(target_total-ytd-windfall)*fs_set -> 9567.6
A52: Settlement | B52: Type | C52: Future supply (register) | D52: Default share (pro rata to supply) | E52: Override share (optional) | F52: Share used | G52: Requirement (homes) | H52: Deliverable by 2040 | I52: Shortfall | J52: Surplus | K52: Density on new land (homes/ha) | L52: New capacity needed (after realisation) | M52: Land to zone (ha)
A53: Newcastle West | B53: Key town | C53: =SUMIFS(dp_fut,dp_catch,$A53) -> 1453 | D53: =IF(SUM($C$53:$C$67)>0,C53/SUM($C$53:$C$67),1/15) -> 0.31934066 | F53: =R53/SUM($R$53:$R$67) -> 0.31934066 | G53: =$C$51*F53 -> 3055.3237 | H53: =SUMIFS(dp_uc,dp_catch,$A53)*r_uc+SUMIFS(dp_pns,dp_catch,$A53)*r_pns+SUMIFS(dp_stl,dp_catch,$A53)*r_stl-(1-pbsa)*SUMIFS(dm_units,dm_catch,$A53,dm_tenure,"Student (PBSA)",dm_live,1)+SUMIFS(dp_unc,dp_catch,$A53,dp_grp,"Audit")*r_unc+SUMIFS(dp_unc,dp_catch,$A53,dp_grp,"Zoned")*r_zon -> 946.65 | I53: =MAX(0,G53-H53) -> 2108.6737 | J53: =MAX(0,H53-G53) -> 0 | K53: =IF(set_dph_ovr>0,set_dph_ovr,IFERROR(SUMIFS(dp_unc,dp_catch,$A53,dp_grp,"Zoned")/SUMIFS(dp_uarea,dp_catch,$A53,dp_grp,"Zoned"),new_cty)) -> 24.431182 | L53: =I53/r_new -> 2635.8421 | M53: =IF(K53>0,L53/(K53*dev_share),0) -> 118.55872 | R53: =IF(ISNUMBER(E53),E53,D53) -> 0.31934066
A54: Abbeyfeale | B54: Key town | C54: =SUMIFS(dp_fut,dp_catch,$A54) -> 263 | D54: =IF(SUM($C$53:$C$67)>0,C54/SUM($C$53:$C$67),1/15) -> 0.057802198 | F54: =R54/SUM($R$53:$R$67) -> 0.057802198 | G54: =$C$51*F54 -> 553.02831 | H54: =SUMIFS(dp_uc,dp_catch,$A54)*r_uc+SUMIFS(dp_pns,dp_catch,$A54)*r_pns+SUMIFS(dp_stl,dp_catch,$A54)*r_stl-(1-pbsa)*SUMIFS(dm_units,dm_catch,$A54,dm_tenure,"Student (PBSA)",dm_live,1)+SUMIFS(dp_unc,dp_catch,$A54,dp_grp,"Audit")*r_unc+SUMIFS(dp_unc,dp_catch,$A54,dp_grp,"Zoned")*r_zon -> 179.55 | I54: =MAX(0,G54-H54) -> 373.47831 | J54: =MAX(0,H54-G54) -> 0 | K54: =IF(set_dph_ovr>0,set_dph_ovr,IFERROR(SUMIFS(dp_unc,dp_catch,$A54,dp_grp,"Zoned")/SUMIFS(dp_uarea,dp_catch,$A54,dp_grp,"Zoned"),new_cty)) -> 22.80679 | L54: =I54/r_new -> 466.84788 | M54: =IF(K54>0,L54/(K54*dev_share),0) -> 22.494163 | R54: =IF(ISNUMBER(E54),E54,D54) -> 0.057802198
A55: Rathkeale | B55: Key town | C55: =SUMIFS(dp_fut,dp_catch,$A55) -> 200 | D55: =IF(SUM($C$53:$C$67)>0,C55/SUM($C$53:$C$67),1/15) -> 0.043956044 | F55: =R55/SUM($R$53:$R$67) -> 0.043956044 | G55: =$C$51*F55 -> 420.55385 | H55: =SUMIFS(dp_uc,dp_catch,$A55)*r_uc+SUMIFS(dp_pns,dp_catch,$A55)*r_pns+SUMIFS(dp_stl,dp_catch,$A55)*r_stl-(1-pbsa)*SUMIFS(dm_units,dm_catch,$A55,dm_tenure,"Student (PBSA)",dm_live,1)+SUMIFS(dp_unc,dp_catch,$A55,dp_grp,"Audit")*r_unc+SUMIFS(dp_unc,dp_catch,$A55,dp_grp,"Zoned")*r_zon -> 124.4 | I55: =MAX(0,G55-H55) -> 296.15385 | J55: =MAX(0,H55-G55) -> 0 | K55: =IF(set_dph_ovr>0,set_dph_ovr,IFERROR(SUMIFS(dp_unc,dp_catch,$A55,dp_grp,"Zoned")/SUMIFS(dp_uarea,dp_catch,$A55,dp_grp,"Zoned"),new_cty)) -> 23.487014 | L55: =I55/r_new -> 370.19231 | M55: =IF(K55>0,L55/(K55*dev_share),0) -> 17.320411 | R55: =IF(ISNUMBER(E55),E55,D55) -> 0.043956044
A56: Kilmallock | B56: Key town | C56: =SUMIFS(dp_fut,dp_catch,$A56) -> 425 | D56: =IF(SUM($C$53:$C$67)>0,C56/SUM($C$53:$C$67),1/15) -> 0.093406593 | F56: =R56/SUM($R$53:$R$67) -> 0.093406593 | G56: =$C$51*F56 -> 893.67692 | H56: =SUMIFS(dp_uc,dp_catch,$A56)*r_uc+SUMIFS(dp_pns,dp_catch,$A56)*r_pns+SUMIFS(dp_stl,dp_catch,$A56)*r_stl-(1-pbsa)*SUMIFS(dm_units,dm_catch,$A56,dm_tenure,"Student (PBSA)",dm_live,1)+SUMIFS(dp_unc,dp_catch,$A56,dp_grp,"Audit")*r_unc+SUMIFS(dp_unc,dp_catch,$A56,dp_grp,"Zoned")*r_zon -> 283 | I56: =MAX(0,G56-H56) -> 610.67692 | J56: =MAX(0,H56-G56) -> 0 | K56: =IF(set_dph_ovr>0,set_dph_ovr,IFERROR(SUMIFS(dp_unc,dp_catch,$A56,dp_grp,"Zoned")/SUMIFS(dp_uarea,dp_catch,$A56,dp_grp,"Zoned"),new_cty)) -> 22.432859 | L56: =I56/r_new -> 763.34615 | M56: =IF(K56>0,L56/(K56*dev_share),0) -> 37.393446 | R56: =IF(ISNUMBER(E56),E56,D56) -> 0.093406593
A57: Castleconnell | B57: Key town | C57: =SUMIFS(dp_fut,dp_catch,$A57) -> 296 | D57: =IF(SUM($C$53:$C$67)>0,C57/SUM($C$53:$C$67),1/15) -> 0.065054945 | F57: =R57/SUM($R$53:$R$67) -> 0.065054945 | G57: =$C$51*F57 -> 622.41969 | H57: =SUMIFS(dp_uc,dp_catch,$A57)*r_uc+SUMIFS(dp_pns,dp_catch,$A57)*r_pns+SUMIFS(dp_stl,dp_catch,$A57)*r_stl-(1-pbsa)*SUMIFS(dm_units,dm_catch,$A57,dm_tenure,"Student (PBSA)",dm_live,1)+SUMIFS(dp_unc,dp_catch,$A57,dp_grp,"Audit")*r_unc+SUMIFS(dp_unc,dp_catch,$A57,dp_grp,"Zoned")*r_zon -> 210.7 | I57: =MAX(0,G57-H57) -> 411.71969 | J57: =MAX(0,H57-G57) -> 0 | K57: =IF(set_dph_ovr>0,set_dph_ovr,IFERROR(SUMIFS(dp_unc,dp_catch,$A57,dp_grp,"Zoned")/SUMIFS(dp_uarea,dp_catch,$A57,dp_grp,"Zoned"),new_cty)) -> 22.584148 | L57: =I57/r_new -> 514.64962 | M57: =IF(K57>0,L57/(K57*dev_share),0) -> 25.041858 | R57: =IF(ISNUMBER(E57),E57,D57) -> 0.065054945
A58: Caherconlish | B58: Key town | C58: =SUMIFS(dp_fut,dp_catch,$A58) -> 190 | D58: =IF(SUM($C$53:$C$67)>0,C58/SUM($C$53:$C$67),1/15) -> 0.041758242 | F58: =R58/SUM($R$53:$R$67) -> 0.041758242 | G58: =$C$51*F58 -> 399.52615 | H58: =SUMIFS(dp_uc,dp_catch,$A58)*r_uc+SUMIFS(dp_pns,dp_catch,$A58)*r_pns+SUMIFS(dp_stl,dp_catch,$A58)*r_stl-(1-pbsa)*SUMIFS(dm_units,dm_catch,$A58,dm_tenure,"Student (PBSA)",dm_live,1)+SUMIFS(dp_unc,dp_catch,$A58,dp_grp,"Audit")*r_unc+SUMIFS(dp_unc,dp_catch,$A58,dp_grp,"Zoned")*r_zon -> 114 | I58: =MAX(0,G58-H58) -> 285.52615 | J58: =MAX(0,H58-G58) -> 0 | K58: =IF(set_dph_ovr>0,set_dph_ovr,IFERROR(SUMIFS(dp_unc,dp_catch,$A58,dp_grp,"Zoned")/SUMIFS(dp_uarea,dp_catch,$A58,dp_grp,"Zoned"),new_cty)) -> 23.747032 | L58: =I58/r_new -> 356.90769 | M58: =IF(K58>0,L58/(K58*dev_share),0) -> 16.516012 | R58: =IF(ISNUMBER(E58),E58,D58) -> 0.041758242
A59: Adare | B59: Large village | C59: =SUMIFS(dp_fut,dp_catch,$A59) -> 417 | D59: =IF(SUM($C$53:$C$67)>0,C59/SUM($C$53:$C$67),1/15) -> 0.091648352 | F59: =R59/SUM($R$53:$R$67) -> 0.091648352 | G59: =$C$51*F59 -> 876.85477 | H59: =SUMIFS(dp_uc,dp_catch,$A59)*r_uc+SUMIFS(dp_pns,dp_catch,$A59)*r_pns+SUMIFS(dp_stl,dp_catch,$A59)*r_stl-(1-pbsa)*SUMIFS(dm_units,dm_catch,$A59,dm_tenure,"Student (PBSA)",dm_live,1)+SUMIFS(dp_unc,dp_catch,$A59,dp_grp,"Audit")*r_unc+SUMIFS(dp_unc,dp_catch,$A59,dp_grp,"Zoned")*r_zon -> 308.95 | I59: =MAX(0,G59-H59) -> 567.90477 | J59: =MAX(0,H59-G59) -> 0 | K59: =IF(set_dph_ovr>0,set_dph_ovr,IFERROR(SUMIFS(dp_unc,dp_catch,$A59,dp_grp,"Zoned")/SUMIFS(dp_uarea,dp_catch,$A59,dp_grp,"Zoned"),new_cty)) -> 22.795083 | L59: =I59/r_new -> 709.88096 | M59: =IF(K59>0,L59/(K59*dev_share),0) -> 34.221809 | R59: =IF(ISNUMBER(E59),E59,D59) -> 0.091648352
A60: Askeaton | B60: Large village | C60: =SUMIFS(dp_fut,dp_catch,$A60) -> 0 | D60: =IF(SUM($C$53:$C$67)>0,C60/SUM($C$53:$C$67),1/15) -> 0 | F60: =R60/SUM($R$53:$R$67) -> 0 | G60: =$C$51*F60 -> 0 | H60: =SUMIFS(dp_uc,dp_catch,$A60)*r_uc+SUMIFS(dp_pns,dp_catch,$A60)*r_pns+SUMIFS(dp_stl,dp_catch,$A60)*r_stl-(1-pbsa)*SUMIFS(dm_units,dm_catch,$A60,dm_tenure,"Student (PBSA)",dm_live,1)+SUMIFS(dp_unc,dp_catch,$A60,dp_grp,"Audit")*r_unc+SUMIFS(dp_unc,dp_catch,$A60,dp_grp,"Zoned")*r_zon -> 0 | I60: =MAX(0,G60-H60) -> 0 | J60: =MAX(0,H60-G60) -> 0 | K60: =IF(set_dph_ovr>0,set_dph_ovr,IFERROR(SUMIFS(dp_unc,dp_catch,$A60,dp_grp,"Zoned")/SUMIFS(dp_uarea,dp_catch,$A60,dp_grp,"Zoned"),new_cty)) -> 23.335861 | L60: =I60/r_new -> 0 | M60: =IF(K60>0,L60/(K60*dev_share),0) -> 0 | R60: =IF(ISNUMBER(E60),E60,D60) -> 0
A61: Bruff | B61: Large village | C61: =SUMIFS(dp_fut,dp_catch,$A61) -> 152 | D61: =IF(SUM($C$53:$C$67)>0,C61/SUM($C$53:$C$67),1/15) -> 0.033406593 | F61: =R61/SUM($R$53:$R$67) -> 0.033406593 | G61: =$C$51*F61 -> 319.62092 | H61: =SUMIFS(dp_uc,dp_catch,$A61)*r_uc+SUMIFS(dp_pns,dp_catch,$A61)*r_pns+SUMIFS(dp_stl,dp_catch,$A61)*r_stl-(1-pbsa)*SUMIFS(dm_units,dm_catch,$A61,dm_tenure,"Student (PBSA)",dm_live,1)+SUMIFS(dp_unc,dp_catch,$A61,dp_grp,"Audit")*r_unc+SUMIFS(dp_unc,dp_catch,$A61,dp_grp,"Zoned")*r_zon -> 118.9 | I61: =MAX(0,G61-H61) -> 200.72092 | J61: =MAX(0,H61-G61) -> 0 | K61: =IF(set_dph_ovr>0,set_dph_ovr,IFERROR(SUMIFS(dp_unc,dp_catch,$A61,dp_grp,"Zoned")/SUMIFS(dp_uarea,dp_catch,$A61,dp_grp,"Zoned"),new_cty)) -> 22.12766 | L61: =I61/r_new -> 250.90115 | M61: =IF(K61>0,L61/(K61*dev_share),0) -> 12.460222 | R61: =IF(ISNUMBER(E61),E61,D61) -> 0.033406593
A62: Cappamore | B62: Large village | C62: =SUMIFS(dp_fut,dp_catch,$A62) -> 53 | D62: =IF(SUM($C$53:$C$67)>0,C62/SUM($C$53:$C$67),1/15) -> 0.011648352 | F62: =R62/SUM($R$53:$R$67) -> 0.011648352 | G62: =$C$51*F62 -> 111.44677 | H62: =SUMIFS(dp_uc,dp_catch,$A62)*r_uc+SUMIFS(dp_pns,dp_catch,$A62)*r_pns+SUMIFS(dp_stl,dp_catch,$A62)*r_stl-(1-pbsa)*SUMIFS(dm_units,dm_catch,$A62,dm_tenure,"Student (PBSA)",dm_live,1)+SUMIFS(dp_unc,dp_catch,$A62,dp_grp,"Audit")*r_unc+SUMIFS(dp_unc,dp_catch,$A62,dp_grp,"Zoned")*r_zon -> 42.35 | I62: =MAX(0,G62-H62) -> 69.096769 | J62: =MAX(0,H62-G62) -> 0 | K62: =IF(set_dph_ovr>0,set_dph_ovr,IFERROR(SUMIFS(dp_unc,dp_catch,$A62,dp_grp,"Zoned")/SUMIFS(dp_uarea,dp_catch,$A62,dp_grp,"Zoned"),new_cty)) -> 21.89781 | L62: =I62/r_new -> 86.370962 | M62: =IF(K62>0,L62/(K62*dev_share),0) -> 4.3343669 | R62: =IF(ISNUMBER(E62),E62,D62) -> 0.011648352
A63: Croom | B63: Large village | C63: =SUMIFS(dp_fut,dp_catch,$A63) -> 313 | D63: =IF(SUM($C$53:$C$67)>0,C63/SUM($C$53:$C$67),1/15) -> 0.068791209 | F63: =R63/SUM($R$53:$R$67) -> 0.068791209 | G63: =$C$51*F63 -> 658.16677 | H63: =SUMIFS(dp_uc,dp_catch,$A63)*r_uc+SUMIFS(dp_pns,dp_catch,$A63)*r_pns+SUMIFS(dp_stl,dp_catch,$A63)*r_stl-(1-pbsa)*SUMIFS(dm_units,dm_catch,$A63,dm_tenure,"Student (PBSA)",dm_live,1)+SUMIFS(dp_unc,dp_catch,$A63,dp_grp,"Audit")*r_unc+SUMIFS(dp_unc,dp_catch,$A63,dp_grp,"Zoned")*r_zon -> 218.05 | I63: =MAX(0,G63-H63) -> 440.11677 | J63: =MAX(0,H63-G63) -> 0 | K63: =IF(set_dph_ovr>0,set_dph_ovr,IFERROR(SUMIFS(dp_unc,dp_catch,$A63,dp_grp,"Zoned")/SUMIFS(dp_uarea,dp_catch,$A63,dp_grp,"Zoned"),new_cty)) -> 23.005032 | L63: =I63/r_new -> 550.14596 | M63: =IF(K63>0,L63/(K63*dev_share),0) -> 26.279294 | R63: =IF(ISNUMBER(E63),E63,D63) -> 0.068791209
A64: Hospital | B64: Large village | C64: =SUMIFS(dp_fut,dp_catch,$A64) -> 69 | D64: =IF(SUM($C$53:$C$67)>0,C64/SUM($C$53:$C$67),1/15) -> 0.015164835 | F64: =R64/SUM($R$53:$R$67) -> 0.015164835 | G64: =$C$51*F64 -> 145.09108 | H64: =SUMIFS(dp_uc,dp_catch,$A64)*r_uc+SUMIFS(dp_pns,dp_catch,$A64)*r_pns+SUMIFS(dp_stl,dp_catch,$A64)*r_stl-(1-pbsa)*SUMIFS(dm_units,dm_catch,$A64,dm_tenure,"Student (PBSA)",dm_live,1)+SUMIFS(dp_unc,dp_catch,$A64,dp_grp,"Audit")*r_unc+SUMIFS(dp_unc,dp_catch,$A64,dp_grp,"Zoned")*r_zon -> 41.4 | I64: =MAX(0,G64-H64) -> 103.69108 | J64: =MAX(0,H64-G64) -> 0 | K64: =IF(set_dph_ovr>0,set_dph_ovr,IFERROR(SUMIFS(dp_unc,dp_catch,$A64,dp_grp,"Zoned")/SUMIFS(dp_uarea,dp_catch,$A64,dp_grp,"Zoned"),new_cty)) -> 23.279352 | L64: =I64/r_new -> 129.61385 | M64: =IF(K64>0,L64/(K64*dev_share),0) -> 6.1184176 | R64: =IF(ISNUMBER(E64),E64,D64) -> 0.015164835
... A67: Patrickswell | B67: Large village | C67: =SUMIFS(dp_fut,dp_catch,$A67) -> 509 | D67: =IF(SUM($C$53:$C$67)>0,C67/SUM($C$53:$C$67),1/15) -> 0.11186813 | F67: =R67/SUM($R$53:$R$67) -> 0.11186813 | G67: =$C$51*F67 -> 1070.3095 | H67: =SUMIFS(dp_uc,dp_catch,$A67)*r_uc+SUMIFS(dp_pns,dp_catch,$A67)*r_pns+SUMIFS(dp_stl,dp_catch,$A67)*r_stl-(1-pbsa)*SUMIFS(dm_units,dm_catch,$A67,dm_tenure,"Student (PBSA)",dm_live,1)+SUMIFS(dp_unc,dp_catch,$A67,dp_grp,"Audit")*r_unc+SUMIFS(dp_unc,dp_catch,$A67,dp_grp,"Zoned")*r_zon -> 437.7 | I67: =MAX(0,G67-H67) -> 632.60954 | J67: =MAX(0,H67-G67) -> 0 | K67: =IF(set_dph_ovr>0,set_dph_ovr,IFERROR(SUMIFS(dp_unc,dp_catch,$A67,dp_grp,"Zoned")/SUMIFS(dp_uarea,dp_catch,$A67,dp_grp,"Zoned"),new_cty)) -> 24.559194 | L67: =I67/r_new -> 790.76192 | M67: =IF(K67>0,L67/(K67*dev_share),0) -> 35.382641 | R67: =IF(ISNUMBER(E67),E67,D67) -> 0.11186813
A68: Total, 15 settlements | C68: =SUM(C53:C67) -> 4550 | D68: =SUM(D53:D67) -> 1 | F68: =SUM(F53:F67) -> 1 | G68: =SUM(G53:G67) -> 9567.6 | H68: =SUM(H53:H67) -> 3155.65 | I68: =SUM(I53:I67) -> 6411.95 | J68: =SUM(J53:J67) -> 0 | K68: =IF(M68>0,L68/(M68*dev_share),0) -> 23.476982 | L68: =SUM(L53:L67) -> 8014.9375 | M68: =SUM(M53:M67) -> 375.15997
A69: Default share is each settlement's share of the 15 settlements' future supply, so it only shows where the register already has capacity. Type a share in column E to override (the shares used are rescaled to 100%). Replace with the Core Strategy settlement allocation when available. Deliverable uses the realisation rates on Inputs; settlements with no zoned land in the register use the county blend density.

Sheet 4 Delivery
A1: 4 Delivery: activation trends and the projected path to 2040
A2: How fast consented sites have started, then the year-by-year path from the register against the Council target (density scenario selected on Inputs).
A5: A Site activation: what happened to permissions granted each year
A6: Year permission granted | C6: Units granted | D6: Complete | E6: Under constr. | F6: Stalled | G6: Started (sum) | H6: Permitted not started | I6: Expired not started | J6: % started | K6: Starts on site in year (units) | L6: Permissions started in year
A7: 2018 | C7: =SUMIFS(dm_units,dm_gy,$A7) -> 655 | D7: =SUMIFS(dm_units,dm_gy,$A7,dm_status,"Complete") -> 500 | E7: =SUMIFS(dm_units,dm_gy,$A7,dm_status,"Under construction") -> 86 | F7: =SUMIFS(dm_units,dm_gy,$A7,dm_status,"Stalled") -> 0 | G7: =SUM(D7:F7) -> 586 | H7: =SUMIFS(dm_units,dm_gy,$A7,dm_status,"Permitted – not started") -> 12 | I7: =SUMIFS(dm_units,dm_gy,$A7,dm_status,"Expired – not started") -> 57 | J7: =IF(C7>0,G7/C7,0) -> 0.89465649 | K7: =SUMIFS(dm_units,dm_sy,$A7,dm_counted,1) -> 63 | L7: =COUNTIFS(dm_sy,$A7,dm_counted,1) -> 3
A8: 2019 | C8: =SUMIFS(dm_units,dm_gy,$A8) -> 481 | D8: =SUMIFS(dm_units,dm_gy,$A8,dm_status,"Complete") -> 163 | E8: =SUMIFS(dm_units,dm_gy,$A8,dm_status,"Under construction") -> 229 | F8: =SUMIFS(dm_units,dm_gy,$A8,dm_status,"Stalled") -> 0 | G8: =SUM(D8:F8) -> 392 | H8: =SUMIFS(dm_units,dm_gy,$A8,dm_status,"Permitted – not started") -> 39 | I8: =SUMIFS(dm_units,dm_gy,$A8,dm_status,"Expired – not started") -> 50 | J8: =IF(C8>0,G8/C8,0) -> 0.81496881 | K8: =SUMIFS(dm_units,dm_sy,$A8,dm_counted,1) -> 161 | L8: =COUNTIFS(dm_sy,$A8,dm_counted,1) -> 11
A9: 2020 | C9: =SUMIFS(dm_units,dm_gy,$A9) -> 622 | D9: =SUMIFS(dm_units,dm_gy,$A9,dm_status,"Complete") -> 308 | E9: =SUMIFS(dm_units,dm_gy,$A9,dm_status,"Under construction") -> 209 | F9: =SUMIFS(dm_units,dm_gy,$A9,dm_status,"Stalled") -> 32 | G9: =SUM(D9:F9) -> 549 | H9: =SUMIFS(dm_units,dm_gy,$A9,dm_status,"Permitted – not started") -> 45 | I9: =SUMIFS(dm_units,dm_gy,$A9,dm_status,"Expired – not started") -> 28 | J9: =IF(C9>0,G9/C9,0) -> 0.88263666 | K9: =SUMIFS(dm_units,dm_sy,$A9,dm_counted,1) -> 301 | L9: =COUNTIFS(dm_sy,$A9,dm_counted,1) -> 12
A10: 2021 | C10: =SUMIFS(dm_units,dm_gy,$A10) -> 1132 | D10: =SUMIFS(dm_units,dm_gy,$A10,dm_status,"Complete") -> 334 | E10: =SUMIFS(dm_units,dm_gy,$A10,dm_status,"Under construction") -> 580 | F10: =SUMIFS(dm_units,dm_gy,$A10,dm_status,"Stalled") -> 31 | G10: =SUM(D10:F10) -> 945 | H10: =SUMIFS(dm_units,dm_gy,$A10,dm_status,"Permitted – not started") -> 14 | I10: =SUMIFS(dm_units,dm_gy,$A10,dm_status,"Expired – not started") -> 173 | J10: =IF(C10>0,G10/C10,0) -> 0.83480565 | K10: =SUMIFS(dm_units,dm_sy,$A10,dm_counted,1) -> 247 | L10: =COUNTIFS(dm_sy,$A10,dm_counted,1) -> 11
A11: 2022 | C11: =SUMIFS(dm_units,dm_gy,$A11) -> 1634 | D11: =SUMIFS(dm_units,dm_gy,$A11,dm_status,"Complete") -> 187 | E11: =SUMIFS(dm_units,dm_gy,$A11,dm_status,"Under construction") -> 1061 | F11: =SUMIFS(dm_units,dm_gy,$A11,dm_status,"Stalled") -> 0 | G11: =SUM(D11:F11) -> 1248 | H11: =SUMIFS(dm_units,dm_gy,$A11,dm_status,"Permitted – not started") -> 386 | I11: =SUMIFS(dm_units,dm_gy,$A11,dm_status,"Expired – not started") -> 0 | J11: =IF(C11>0,G11/C11,0) -> 0.76376989 | K11: =SUMIFS(dm_units,dm_sy,$A11,dm_counted,1) -> 965 | L11: =COUNTIFS(dm_sy,$A11,dm_counted,1) -> 19
A12: 2023 | C12: =SUMIFS(dm_units,dm_gy,$A12) -> 880 | D12: =SUMIFS(dm_units,dm_gy,$A12,dm_status,"Complete") -> 68 | E12: =SUMIFS(dm_units,dm_gy,$A12,dm_status,"Under construction") -> 496 | F12: =SUMIFS(dm_units,dm_gy,$A12,dm_status,"Stalled") -> 0 | G12: =SUM(D12:F12) -> 564 | H12: =SUMIFS(dm_units,dm_gy,$A12,dm_status,"Permitted – not started") -> 313 | I12: =SUMIFS(dm_units,dm_gy,$A12,dm_status,"Expired – not started") -> 3 | J12: =IF(C12>0,G12/C12,0) -> 0.64090909 | K12: =SUMIFS(dm_units,dm_sy,$A12,dm_counted,1) -> 713 | L12: =COUNTIFS(dm_sy,$A12,dm_counted,1) -> 12
A13: 2024 | C13: =SUMIFS(dm_units,dm_gy,$A13) -> 1402 | D13: =SUMIFS(dm_units,dm_gy,$A13,dm_status,"Complete") -> 20 | E13: =SUMIFS(dm_units,dm_gy,$A13,dm_status,"Under construction") -> 837 | F13: =SUMIFS(dm_units,dm_gy,$A13,dm_status,"Stalled") -> 53 | G13: =SUM(D13:F13) -> 910 | H13: =SUMIFS(dm_units,dm_gy,$A13,dm_status,"Permitted – not started") -> 492 | I13: =SUMIFS(dm_units,dm_gy,$A13,dm_status,"Expired – not started") -> 0 | J13: =IF(C13>0,G13/C13,0) -> 0.64907275 | K13: =SUMIFS(dm_units,dm_sy,$A13,dm_counted,1) -> 1607 | L13: =COUNTIFS(dm_sy,$A13,dm_counted,1) -> 41
A14: 2025 | C14: =SUMIFS(dm_units,dm_gy,$A14) -> 1113 | D14: =SUMIFS(dm_units,dm_gy,$A14,dm_status,"Complete") -> 0 | E14: =SUMIFS(dm_units,dm_gy,$A14,dm_status,"Under construction") -> 138 | F14: =SUMIFS(dm_units,dm_gy,$A14,dm_status,"Stalled") -> 0 | G14: =SUM(D14:F14) -> 138 | H14: =SUMIFS(dm_units,dm_gy,$A14,dm_status,"Permitted – not started") -> 975 | I14: =SUMIFS(dm_units,dm_gy,$A14,dm_status,"Expired – not started") -> 0 | J14: =IF(C14>0,G14/C14,0) -> 0.12398922 | K14: =SUMIFS(dm_units,dm_sy,$A14,dm_counted,1) -> 513 | L14: =COUNTIFS(dm_sy,$A14,dm_counted,1) -> 15
A15: 2026 | C15: =SUMIFS(dm_units,dm_gy,$A15) -> 2795 | D15: =SUMIFS(dm_units,dm_gy,$A15,dm_status,"Complete") -> 0 | E15: =SUMIFS(dm_units,dm_gy,$A15,dm_status,"Under construction") -> 64 | F15: =SUMIFS(dm_units,dm_gy,$A15,dm_status,"Stalled") -> 40 | G15: =SUM(D15:F15) -> 104 | H15: =SUMIFS(dm_units,dm_gy,$A15,dm_status,"Permitted – not started") -> 2691 | I15: =SUMIFS(dm_units,dm_gy,$A15,dm_status,"Expired – not started") -> 0 | J15: =IF(C15>0,G15/C15,0) -> 0.037209302 | K15: =SUMIFS(dm_units,dm_sy,$A15,dm_counted,1) -> 745 | L15: =COUNTIFS(dm_sy,$A15,dm_counted,1) -> 18
A16: 2018–2026 | C16: =SUM(C7:C15) -> 10714 | D16: =SUM(D7:D15) -> 1580 | E16: =SUM(E7:E15) -> 3700 | F16: =SUM(F7:F15) -> 156 | G16: =SUM(G7:G15) -> 5436 | H16: =SUM(H7:H15) -> 4967 | I16: =SUM(I7:I15) -> 311 | J16: =IF(C16>0,G16/C16,0) -> 0.50737353 | K16: =SUM(K7:K15) -> 5315 | L16: =SUM(L7:L15) -> 142
A17: Permissions granted 2018–2023 (at least three years old) | C17: =SUM(C7:C12) -> 5404 | G17: =SUM(G7:G12) -> 4284 | J17: =IF(C17>0,G17/C17,0) -> 0.79274611 | K17: ← share of older permissions that have started: the evidence behind the "permitted, not started" realisation rate on Inputs
A18: Permissions without a grant date (In planning, and a few completed or pre-CIS schemes) are not in this table. Starts use the start-on-site date in the register; stalled units count as started because work began.
A20: Permitted, not started: units by expiry year | C20: 2026 | D20: 2027 | E20: 2028 | F20: 2029 | G20: 2030 | H20: 2031+ | I20: No expiry date
A21: Units at risk of lapsing | C21: =SUMIFS(dm_units,dm_status,"Permitted – not started",dm_ey,2026) -> 14 | D21: =SUMIFS(dm_units,dm_status,"Permitted – not started",dm_ey,2027) -> 360 | E21: =SUMIFS(dm_units,dm_status,"Permitted – not started",dm_ey,2028) -> 279 | F21: =SUMIFS(dm_units,dm_status,"Permitted – not started",dm_ey,2029) -> 488 | G21: =SUMIFS(dm_units,dm_status,"Permitted – not started",dm_ey,2030) -> 943 | H21: =SUMIFS(dm_units,dm_status,"Permitted – not started",dm_ey,">=2031") -> 2691 | I21: =SUMIFS(dm_units,dm_status,"Permitted – not started",dm_ey,"") -> 227
A23: B Timing profiles (even spread between start and end year, set on Inputs)
A24: Year | C24: 2026 | D24: 2027 | E24: 2028 | F24: 2029 | G24: 2030 | H24: 2031 | I24: 2032 | J24: 2033 | K24: 2034 | L24: 2035 | M24: 2036 | N24: 2037 | O24: 2038 | P24: 2039 | Q24: 2040 | R24: Total
A25: Register pipeline beyond 2030 | C25: =IF(AND(C$24>=2031,C$24<=p31_end),1/(p31_end-2031+1),0) -> 0 | D25: =IF(AND(D$24>=2031,D$24<=p31_end),1/(p31_end-2031+1),0) -> 0 | E25: =IF(AND(E$24>=2031,E$24<=p31_end),1/(p31_end-2031+1),0) -> 0 | F25: =IF(AND(F$24>=2031,F$24<=p31_end),1/(p31_end-2031+1),0) -> 0 | G25: =IF(AND(G$24>=2031,G$24<=p31_end),1/(p31_end-2031+1),0) -> 0 | H25: =IF(AND(H$24>=2031,H$24<=p31_end),1/(p31_end-2031+1),0) -> 0.33333333 | I25: =IF(AND(I$24>=2031,I$24<=p31_end),1/(p31_end-2031+1),0) -> 0.33333333 | J25: =IF(AND(J$24>=2031,J$24<=p31_end),1/(p31_end-2031+1),0) -> 0.33333333 | ... Q25: =IF(AND(Q$24>=2031,Q$24<=p31_end),1/(p31_end-2031+1),0) -> 0 | R25: =SUM(C25:Q25) -> 1
A26: Stalled | C26: =IF(AND(C$24>=stl_s,C$24<=stl_e),1/(stl_e-stl_s+1),0) -> 0 | D26: =IF(AND(D$24>=stl_s,D$24<=stl_e),1/(stl_e-stl_s+1),0) -> 0 | E26: =IF(AND(E$24>=stl_s,E$24<=stl_e),1/(stl_e-stl_s+1),0) -> 0.33333333 | F26: =IF(AND(F$24>=stl_s,F$24<=stl_e),1/(stl_e-stl_s+1),0) -> 0.33333333 | G26: =IF(AND(G$24>=stl_s,G$24<=stl_e),1/(stl_e-stl_s+1),0) -> 0.33333333 | H26: =IF(AND(H$24>=stl_s,H$24<=stl_e),1/(stl_e-stl_s+1),0) -> 0 | I26: =IF(AND(I$24>=stl_s,I$24<=stl_e),1/(stl_e-stl_s+1),0) -> 0 | J26: =IF(AND(J$24>=stl_s,J$24<=stl_e),1/(stl_e-stl_s+1),0) -> 0 | ... Q26: =IF(AND(Q$24>=stl_s,Q$24<=stl_e),1/(stl_e-stl_s+1),0) -> 0 | R26: =SUM(C26:Q26) -> 1
A27: Council audit land, no consent | C27: =IF(AND(C$24>=unc_s,C$24<=unc_e),1/(unc_e-unc_s+1),0) -> 0 | D27: =IF(AND(D$24>=unc_s,D$24<=unc_e),1/(unc_e-unc_s+1),0) -> 0 | E27: =IF(AND(E$24>=unc_s,E$24<=unc_e),1/(unc_e-unc_s+1),0) -> 0.076923077 | F27: =IF(AND(F$24>=unc_s,F$24<=unc_e),1/(unc_e-unc_s+1),0) -> 0.076923077 | G27: =IF(AND(G$24>=unc_s,G$24<=unc_e),1/(unc_e-unc_s+1),0) -> 0.076923077 | H27: =IF(AND(H$24>=unc_s,H$24<=unc_e),1/(unc_e-unc_s+1),0) -> 0.076923077 | I27: =IF(AND(I$24>=unc_s,I$24<=unc_e),1/(unc_e-unc_s+1),0) -> 0.076923077 | J27: =IF(AND(J$24>=unc_s,J$24<=unc_e),1/(unc_e-unc_s+1),0) -> 0.076923077 | ... Q27: =IF(AND(Q$24>=unc_s,Q$24<=unc_e),1/(unc_e-unc_s+1),0) -> 0.076923077 | R27: =SUM(C27:Q27) -> 1
A28: Zoned land, no consent | C28: =IF(AND(C$24>=zon_s,C$24<=zon_e),1/(zon_e-zon_s+1),0) -> 0 | D28: =IF(AND(D$24>=zon_s,D$24<=zon_e),1/(zon_e-zon_s+1),0) -> 0 | E28: =IF(AND(E$24>=zon_s,E$24<=zon_e),1/(zon_e-zon_s+1),0) -> 0.076923077 | F28: =IF(AND(F$24>=zon_s,F$24<=zon_e),1/(zon_e-zon_s+1),0) -> 0.076923077 | G28: =IF(AND(G$24>=zon_s,G$24<=zon_e),1/(zon_e-zon_s+1),0) -> 0.076923077 | H28: =IF(AND(H$24>=zon_s,H$24<=zon_e),1/(zon_e-zon_s+1),0) -> 0.076923077 | I28: =IF(AND(I$24>=zon_s,I$24<=zon_e),1/(zon_e-zon_s+1),0) -> 0.076923077 | J28: =IF(AND(J$24>=zon_s,J$24<=zon_e),1/(zon_e-zon_s+1),0) -> 0.076923077 | ... Q28: =IF(AND(Q$24>=zon_s,Q$24<=zon_e),1/(zon_e-zon_s+1),0) -> 0.076923077 | R28: =SUM(C28:Q28) -> 1
A29: Newly zoned land | C29: =IF(AND(C$24>=new_s,C$24<=new_e),1/(new_e-new_s+1),0) -> 0 | D29: =IF(AND(D$24>=new_s,D$24<=new_e),1/(new_e-new_s+1),0) -> 0 | E29: =IF(AND(E$24>=new_s,E$24<=new_e),1/(new_e-new_s+1),0) -> 0 | F29: =IF(AND(F$24>=new_s,F$24<=new_e),1/(new_e-new_s+1),0) -> 0 | G29: =IF(AND(G$24>=new_s,G$24<=new_e),1/(new_e-new_s+1),0) -> 0 | H29: =IF(AND(H$24>=new_s,H$24<=new_e),1/(new_e-new_s+1),0) -> 0.1 | I29: =IF(AND(I$24>=new_s,I$24<=new_e),1/(new_e-new_s+1),0) -> 0.1 | J29: =IF(AND(J$24>=new_s,J$24<=new_e),1/(new_e-new_s+1),0) -> 0.1 | ... Q29: =IF(AND(Q$24>=new_s,Q$24<=new_e),1/(new_e-new_s+1),0) -> 0.1 | R29: =SUM(C29:Q29) -> 1
A30: Outside-register supply (even over 15 years) | C30: =1/15 -> 0.066666667 | D30: =1/15 -> 0.066666667 | E30: =1/15 -> 0.066666667 | F30: =1/15 -> 0.066666667 | G30: =1/15 -> 0.066666667 | H30: =1/15 -> 0.066666667 | I30: =1/15 -> 0.066666667 | J30: =1/15 -> 0.066666667 | ... Q30: =1/15 -> 0.066666667 | R30: =SUM(C30:Q30) -> 1
A32: C Projected delivery by location against the Council target (selected density scenario)
A33: Scenario shown: | B33: =dens_scn -> Current density
A34: Homes | B34: Pipeline scale | C34: 2026 | D34: 2027 | E34: 2028 | F34: 2029 | G34: 2030 | H34: 2031 | I34: 2032 | J34: 2033 | K34: 2034 | L34: 2035 | M34: 2036 | N34: 2037 | O34: 2038 | P34: 2039 | Q34: 2040 | R34: 2026–40
A35: City Centre
A36: Consented pipeline (under construction + permitted) | B36: =IFERROR((IF(dens_inc=1,'5 Land Need'!$B$55,'5 Land Need'!$B$33)+IF(dens_inc=1,'5 Land Need'!$B$56,'5 Land Need'!$B$34)+IF(dens_inc=1,'5 Land Need'!$B$58,'5 Land Need'!$B$36))/(SUMIFS(dp_uc,dp_geo,"City Centre")+SUMIFS(dp_pns,dp_geo,"City Centre")),0) -> 0.87015738 | C36: =SUMIFS(dp_e26,dp_geo,"City Centre")*$B36 -> 12.008172 | D36: =SUMIFS(dp_e27,dp_geo,"City Centre")*$B36 -> 74.398456 | E36: =SUMIFS(dp_e28,dp_geo,"City Centre")*$B36 -> 210.92615 | F36: =SUMIFS(dp_e29,dp_geo,"City Centre")*$B36 -> 225.28375 | G36: =SUMIFS(dp_e30,dp_geo,"City Centre")*$B36 -> 63.260442 | H36: =SUMIFS(dp_e31,dp_geo,"City Centre")*$B36*H$25 -> 44.291011 | I36: =SUMIFS(dp_e31,dp_geo,"City Centre")*$B36*I$25 -> 44.291011 | J36: =SUMIFS(dp_e31,dp_geo,"City Centre")*$B36*J$25 -> 44.291011 | K36: =SUMIFS(dp_e31,dp_geo,"City Centre")*$B36*K$25 -> 0 | L36: =SUMIFS(dp_e31,dp_geo,"City Centre")*$B36*L$25 -> 0 | M36: =SUMIFS(dp_e31,dp_geo,"City Centre")*$B36*M$25 -> 0 | N36: =SUMIFS(dp_e31,dp_geo,"City Centre")*$B36*N$25 -> 0 | O36: =SUMIFS(dp_e31,dp_geo,"City Centre")*$B36*O$25 -> 0 | ... Q36: =SUMIFS(dp_e31,dp_geo,"City Centre")*$B36*Q$25 -> 0 | R36: =SUM(C36:Q36) -> 718.75
A37: Stalled | C37: =IF(dens_inc=1,'5 Land Need'!$B$57,'5 Land Need'!$B$35)*C$26 -> 0 | D37: =IF(dens_inc=1,'5 Land Need'!$B$57,'5 Land Need'!$B$35)*D$26 -> 0 | E37: =IF(dens_inc=1,'5 Land Need'!$B$57,'5 Land Need'!$B$35)*E$26 -> 0 | F37: =IF(dens_inc=1,'5 Land Need'!$B$57,'5 Land Need'!$B$35)*F$26 -> 0 | G37: =IF(dens_inc=1,'5 Land Need'!$B$57,'5 Land Need'!$B$35)*G$26 -> 0 | H37: =IF(dens_inc=1,'5 Land Need'!$B$57,'5 Land Need'!$B$35)*H$26 -> 0 | I37: =IF(dens_inc=1,'5 Land Need'!$B$57,'5 Land Need'!$B$35)*I$26 -> 0 | J37: =IF(dens_inc=1,'5 Land Need'!$B$57,'5 Land Need'!$B$35)*J$26 -> 0 | ... Q37: =IF(dens_inc=1,'5 Land Need'!$B$57,'5 Land Need'!$B$35)*Q$26 -> 0 | R37: =SUM(C37:Q37) -> 0
A38: Council audit land + density uplift | C38: =(IF(dens_inc=1,'5 Land Need'!$B$59,'5 Land Need'!$B$37)+IF(dens_inc=1,'5 Land Need'!$B$60,'5 Land Need'!$B$38))*C$27 -> 0 | D38: =(IF(dens_inc=1,'5 Land Need'!$B$59,'5 Land Need'!$B$37)+IF(dens_inc=1,'5 Land Need'!$B$60,'5 Land Need'!$B$38))*D$27 -> 0 | E38: =(IF(dens_inc=1,'5 Land Need'!$B$59,'5 Land Need'!$B$37)+IF(dens_inc=1,'5 Land Need'!$B$60,'5 Land Need'!$B$38))*E$27 -> 177.74615 | F38: =(IF(dens_inc=1,'5 Land Need'!$B$59,'5 Land Need'!$B$37)+IF(dens_inc=1,'5 Land Need'!$B$60,'5 Land Need'!$B$38))*F$27 -> 177.74615 | G38: =(IF(dens_inc=1,'5 Land Need'!$B$59,'5 Land Need'!$B$37)+IF(dens_inc=1,'5 Land Need'!$B$60,'5 Land Need'!$B$38))*G$27 -> 177.74615 | H38: =(IF(dens_inc=1,'5 Land Need'!$B$59,'5 Land Need'!$B$37)+IF(dens_inc=1,'5 Land Need'!$B$60,'5 Land Need'!$B$38))*H$27 -> 177.74615 | I38: =(IF(dens_inc=1,'5 Land Need'!$B$59,'5 Land Need'!$B$37)+IF(dens_inc=1,'5 Land Need'!$B$60,'5 Land Need'!$B$38))*I$27 -> 177.74615 | J38: =(IF(dens_inc=1,'5 Land Need'!$B$59,'5 Land Need'!$B$37)+IF(dens_inc=1,'5 Land Need'!$B$60,'5 Land Need'!$B$38))*J$27 -> 177.74615 | ... Q38: =(IF(dens_inc=1,'5 Land Need'!$B$59,'5 Land Need'!$B$37)+IF(dens_inc=1,'5 Land Need'!$B$60,'5 Land Need'!$B$38))*Q$27 -> 177.74615 | R38: =SUM(C38:Q38) -> 2310.7
A39: Zoned land (no consent) + density uplift | C39: =(IF(dens_inc=1,'5 Land Need'!$B$61,'5 Land Need'!$B$39)+IF(dens_inc=1,'5 Land Need'!$B$62,'5 Land Need'!$B$40))*C$28 -> 0 | D39: =(IF(dens_inc=1,'5 Land Need'!$B$61,'5 Land Need'!$B$39)+IF(dens_inc=1,'5 Land Need'!$B$62,'5 Land Need'!$B$40))*D$28 -> 0 | E39: =(IF(dens_inc=1,'5 Land Need'!$B$61,'5 Land Need'!$B$39)+IF(dens_inc=1,'5 Land Need'!$B$62,'5 Land Need'!$B$40))*E$28 -> 0 | F39: =(IF(dens_inc=1,'5 Land Need'!$B$61,'5 Land Need'!$B$39)+IF(dens_inc=1,'5 Land Need'!$B$62,'5 Land Need'!$B$40))*F$28 -> 0 | G39: =(IF(dens_inc=1,'5 Land Need'!$B$61,'5 Land Need'!$B$39)+IF(dens_inc=1,'5 Land Need'!$B$62,'5 Land Need'!$B$40))*G$28 -> 0 | H39: =(IF(dens_inc=1,'5 Land Need'!$B$61,'5 Land Need'!$B$39)+IF(dens_inc=1,'5 Land Need'!$B$62,'5 Land Need'!$B$40))*H$28 -> 0 | I39: =(IF(dens_inc=1,'5 Land Need'!$B$61,'5 Land Need'!$B$39)+IF(dens_inc=1,'5 Land Need'!$B$62,'5 Land Need'!$B$40))*I$28 -> 0 | J39: =(IF(dens_inc=1,'5 Land Need'!$B$61,'5 Land Need'!$B$39)+IF(dens_inc=1,'5 Land Need'!$B$62,'5 Land Need'!$B$40))*J$28 -> 0 | ... Q39: =(IF(dens_inc=1,'5 Land Need'!$B$61,'5 Land Need'!$B$39)+IF(dens_inc=1,'5 Land Need'!$B$62,'5 Land Need'!$B$40))*Q$28 -> 0 | R39: =SUM(C39:Q39) -> 0
A40: Newly zoned land | C40: =IF(dens_inc=1,'5 Land Need'!$B$65,'5 Land Need'!$B$43)*C$29 -> 0 | D40: =IF(dens_inc=1,'5 Land Need'!$B$65,'5 Land Need'!$B$43)*D$29 -> 0 | E40: =IF(dens_inc=1,'5 Land Need'!$B$65,'5 Land Need'!$B$43)*E$29 -> 0 | F40: =IF(dens_inc=1,'5 Land Need'!$B$65,'5 Land Need'!$B$43)*F$29 -> 0 | G40: =IF(dens_inc=1,'5 Land Need'!$B$65,'5 Land Need'!$B$43)*G$29 -> 0 | H40: =IF(dens_inc=1,'5 Land Need'!$B$65,'5 Land Need'!$B$43)*H$29 -> 394.6925 | I40: =IF(dens_inc=1,'5 Land Need'!$B$65,'5 Land Need'!$B$43)*I$29 -> 394.6925 | J40: =IF(dens_inc=1,'5 Land Need'!$B$65,'5 Land Need'!$B$43)*J$29 -> 394.6925 | ... Q40: =IF(dens_inc=1,'5 Land Need'!$B$65,'5 Land Need'!$B$43)*Q$29 -> 394.6925 | R40: =SUM(C40:Q40) -> 3946.925
A41: City Centre: total delivery | C41: =SUM(C36:C40) -> 12.008172 | D41: =SUM(D36:D40) -> 74.398456 | E41: =SUM(E36:E40) -> 388.6723 | F41: =SUM(F36:F40) -> 403.0299 | G41: =SUM(G36:G40) -> 241.0066 | H41: =SUM(H36:H40) -> 616.72966 | I41: =SUM(I36:I40) -> 616.72966 | J41: =SUM(J36:J40) -> 616.72966 | ... R41: =SUM(R36:R40) -> 6976.375
A42: City Centre: fair-share target (Council profile) | C42: =INDEX('1 Demand'!$D$7:$D$21,1)*IF(dens_inc=1,'5 Land Need'!$B$53,'5 Land Need'!$B$31) -> 746.025 | D42: =INDEX('1 Demand'!$D$7:$D$21,2)*IF(dens_inc=1,'5 Land Need'!$B$53,'5 Land Need'!$B$31) -> 746.025 | E42: =INDEX('1 Demand'!$D$7:$D$21,3)*IF(dens_inc=1,'5 Land Need'!$B$53,'5 Land Need'!$B$31) -> 746.025 | F42: =INDEX('1 Demand'!$D$7:$D$21,4)*IF(dens_inc=1,'5 Land Need'!$B$53,'5 Land Need'!$B$31) -> 746.025 | G42: =INDEX('1 Demand'!$D$7:$D$21,5)*IF(dens_inc=1,'5 Land Need'!$B$53,'5 Land Need'!$B$31) -> 746.025 | H42: =INDEX('1 Demand'!$D$7:$D$21,6)*IF(dens_inc=1,'5 Land Need'!$B$53,'5 Land Need'!$B$31) -> 379.4 | I42: =INDEX('1 Demand'!$D$7:$D$21,7)*IF(dens_inc=1,'5 Land Need'!$B$53,'5 Land Need'!$B$31) -> 379.4 | J42: =INDEX('1 Demand'!$D$7:$D$21,8)*IF(dens_inc=1,'5 Land Need'!$B$53,'5 Land Need'!$B$31) -> 379.4 | K42: =INDEX('1 Demand'!$D$7:$D$21,9)*IF(dens_inc=1,'5 Land Need'!$B$53,'5 Land Need'!$B$31) -> 379.4 | L42: =INDEX('1 Demand'!$D$7:$D$21,10)*IF(dens_inc=1,'5 Land Need'!$B$53,'5 Land Need'!$B$31) -> 366.625 | M42: =INDEX('1 Demand'!$D$7:$D$21,11)*IF(dens_inc=1,'5 Land Need'!$B$53,'5 Land Need'!$B$31) -> 277.725 | N42: =INDEX('1 Demand'!$D$7:$D$21,12)*IF(dens_inc=1,'5 Land Need'!$B$53,'5 Land Need'!$B$31) -> 275.45 | O42: =INDEX('1 Demand'!$D$7:$D$21,13)*IF(dens_inc=1,'5 Land Need'!$B$53,'5 Land Need'!$B$31) -> 272.125 | P42: =INDEX('1 Demand'!$D$7:$D$21,14)*IF(dens_inc=1,'5 Land Need'!$B$53,'5 Land Need'!$B$31) -> 269.675 | Q42: =INDEX('1 Demand'!$D$7:$D$21,15)*IF(dens_inc=1,'5 Land Need'!$B$53,'5 Land Need'!$B$31) -> 266.875 | R42: =SUM(C42:Q42) -> 6976.2
A44: Rest of City
A45: Consented pipeline (under construction + permitted) | B45: =IFERROR((IF(dens_inc=1,'5 Land Need'!$C$55,'5 Land Need'!$C$33)+IF(dens_inc=1,'5 Land Need'!$C$56,'5 Land Need'!$C$34)+IF(dens_inc=1,'5 Land Need'!$C$58,'5 Land Need'!$C$36))/(SUMIFS(dp_uc,dp_geo,"Rest of City")+SUMIFS(dp_pns,dp_geo,"Rest of City")),0) -> 0.91728463 | C45: =SUMIFS(dp_e26,dp_geo,"Rest of City")*$B45 -> 334.71716 | D45: =SUMIFS(dp_e27,dp_geo,"Rest of City")*$B45 -> 1346.7573 | E45: =SUMIFS(dp_e28,dp_geo,"Rest of City")*$B45 -> 890.40819 | F45: =SUMIFS(dp_e29,dp_geo,"Rest of City")*$B45 -> 1250.5341 | G45: =SUMIFS(dp_e30,dp_geo,"Rest of City")*$B45 -> 688.33039 | H45: =SUMIFS(dp_e31,dp_geo,"Rest of City")*$B45*H$25 -> 434.33427 | I45: =SUMIFS(dp_e31,dp_geo,"Rest of City")*$B45*I$25 -> 434.33427 | J45: =SUMIFS(dp_e31,dp_geo,"Rest of City")*$B45*J$25 -> 434.33427 | K45: =SUMIFS(dp_e31,dp_geo,"Rest of City")*$B45*K$25 -> 0 | L45: =SUMIFS(dp_e31,dp_geo,"Rest of City")*$B45*L$25 -> 0 | M45: =SUMIFS(dp_e31,dp_geo,"Rest of City")*$B45*M$25 -> 0 | N45: =SUMIFS(dp_e31,dp_geo,"Rest of City")*$B45*N$25 -> 0 | O45: =SUMIFS(dp_e31,dp_geo,"Rest of City")*$B45*O$25 -> 0 | ... Q45: =SUMIFS(dp_e31,dp_geo,"Rest of City")*$B45*Q$25 -> 0 | R45: =SUM(C45:Q45) -> 5813.75
A46: Stalled | C46: =IF(dens_inc=1,'5 Land Need'!$C$57,'5 Land Need'!$C$35)*C$26 -> 0 | D46: =IF(dens_inc=1,'5 Land Need'!$C$57,'5 Land Need'!$C$35)*D$26 -> 0 | E46: =IF(dens_inc=1,'5 Land Need'!$C$57,'5 Land Need'!$C$35)*E$26 -> 5.1666667 | F46: =IF(dens_inc=1,'5 Land Need'!$C$57,'5 Land Need'!$C$35)*F$26 -> 5.1666667 | G46: =IF(dens_inc=1,'5 Land Need'!$C$57,'5 Land Need'!$C$35)*G$26 -> 5.1666667 | H46: =IF(dens_inc=1,'5 Land Need'!$C$57,'5 Land Need'!$C$35)*H$26 -> 0 | I46: =IF(dens_inc=1,'5 Land Need'!$C$57,'5 Land Need'!$C$35)*I$26 -> 0 | J46: =IF(dens_inc=1,'5 Land Need'!$C$57,'5 Land Need'!$C$35)*J$26 -> 0 | ... Q46: =IF(dens_inc=1,'5 Land Need'!$C$57,'5 Land Need'!$C$35)*Q$26 -> 0 | R46: =SUM(C46:Q46) -> 15.5
A47: Council audit land + density uplift | C47: =(IF(dens_inc=1,'5 Land Need'!$C$59,'5 Land Need'!$C$37)+IF(dens_inc=1,'5 Land Need'!$C$60,'5 Land Need'!$C$38))*C$27 -> 0 | D47: =(IF(dens_inc=1,'5 Land Need'!$C$59,'5 Land Need'!$C$37)+IF(dens_inc=1,'5 Land Need'!$C$60,'5 Land Need'!$C$38))*D$27 -> 0 | E47: =(IF(dens_inc=1,'5 Land Need'!$C$59,'5 Land Need'!$C$37)+IF(dens_inc=1,'5 Land Need'!$C$60,'5 Land Need'!$C$38))*E$27 -> 368.41538 | F47: =(IF(dens_inc=1,'5 Land Need'!$C$59,'5 Land Need'!$C$37)+IF(dens_inc=1,'5 Land Need'!$C$60,'5 Land Need'!$C$38))*F$27 -> 368.41538 | G47: =(IF(dens_inc=1,'5 Land Need'!$C$59,'5 Land Need'!$C$37)+IF(dens_inc=1,'5 Land Need'!$C$60,'5 Land Need'!$C$38))*G$27 -> 368.41538 | H47: =(IF(dens_inc=1,'5 Land Need'!$C$59,'5 Land Need'!$C$37)+IF(dens_inc=1,'5 Land Need'!$C$60,'5 Land Need'!$C$38))*H$27 -> 368.41538 | I47: =(IF(dens_inc=1,'5 Land Need'!$C$59,'5 Land Need'!$C$37)+IF(dens_inc=1,'5 Land Need'!$C$60,'5 Land Need'!$C$38))*I$27 -> 368.41538 | J47: =(IF(dens_inc=1,'5 Land Need'!$C$59,'5 Land Need'!$C$37)+IF(dens_inc=1,'5 Land Need'!$C$60,'5 Land Need'!$C$38))*J$27 -> 368.41538 | ... Q47: =(IF(dens_inc=1,'5 Land Need'!$C$59,'5 Land Need'!$C$37)+IF(dens_inc=1,'5 Land Need'!$C$60,'5 Land Need'!$C$38))*Q$27 -> 368.41538 | R47: =SUM(C47:Q47) -> 4789.4
A48: Zoned land (no consent) + density uplift | C48: =(IF(dens_inc=1,'5 Land Need'!$C$61,'5 Land Need'!$C$39)+IF(dens_inc=1,'5 Land Need'!$C$62,'5 Land Need'!$C$40))*C$28 -> 0 | D48: =(IF(dens_inc=1,'5 Land Need'!$C$61,'5 Land Need'!$C$39)+IF(dens_inc=1,'5 Land Need'!$C$62,'5 Land Need'!$C$40))*D$28 -> 0 | E48: =(IF(dens_inc=1,'5 Land Need'!$C$61,'5 Land Need'!$C$39)+IF(dens_inc=1,'5 Land Need'!$C$62,'5 Land Need'!$C$40))*E$28 -> 2.1692308 | F48: =(IF(dens_inc=1,'5 Land Need'!$C$61,'5 Land Need'!$C$39)+IF(dens_inc=1,'5 Land Need'!$C$62,'5 Land Need'!$C$40))*F$28 -> 2.1692308 | G48: =(IF(dens_inc=1,'5 Land Need'!$C$61,'5 Land Need'!$C$39)+IF(dens_inc=1,'5 Land Need'!$C$62,'5 Land Need'!$C$40))*G$28 -> 2.1692308 | H48: =(IF(dens_inc=1,'5 Land Need'!$C$61,'5 Land Need'!$C$39)+IF(dens_inc=1,'5 Land Need'!$C$62,'5 Land Need'!$C$40))*H$28 -> 2.1692308 | I48: =(IF(dens_inc=1,'5 Land Need'!$C$61,'5 Land Need'!$C$39)+IF(dens_inc=1,'5 Land Need'!$C$62,'5 Land Need'!$C$40))*I$28 -> 2.1692308 | J48: =(IF(dens_inc=1,'5 Land Need'!$C$61,'5 Land Need'!$C$39)+IF(dens_inc=1,'5 Land Need'!$C$62,'5 Land Need'!$C$40))*J$28 -> 2.1692308 | ... Q48: =(IF(dens_inc=1,'5 Land Need'!$C$61,'5 Land Need'!$C$39)+IF(dens_inc=1,'5 Land Need'!$C$62,'5 Land Need'!$C$40))*Q$28 -> 2.1692308 | R48: =SUM(C48:Q48) -> 28.2
A49: Newly zoned land | C49: =IF(dens_inc=1,'5 Land Need'!$C$65,'5 Land Need'!$C$43)*C$29 -> 0 | D49: =IF(dens_inc=1,'5 Land Need'!$C$65,'5 Land Need'!$C$43)*D$29 -> 0 | E49: =IF(dens_inc=1,'5 Land Need'!$C$65,'5 Land Need'!$C$43)*E$29 -> 0 | F49: =IF(dens_inc=1,'5 Land Need'!$C$65,'5 Land Need'!$C$43)*F$29 -> 0 | G49: =IF(dens_inc=1,'5 Land Need'!$C$65,'5 Land Need'!$C$43)*G$29 -> 0 | H49: =IF(dens_inc=1,'5 Land Need'!$C$65,'5 Land Need'!$C$43)*H$29 -> 1028.2275 | I49: =IF(dens_inc=1,'5 Land Need'!$C$65,'5 Land Need'!$C$43)*I$29 -> 1028.2275 | J49: =IF(dens_inc=1,'5 Land Need'!$C$65,'5 Land Need'!$C$43)*J$29 -> 1028.2275 | ... Q49: =IF(dens_inc=1,'5 Land Need'!$C$65,'5 Land Need'!$C$43)*Q$29 -> 1028.2275 | R49: =SUM(C49:Q49) -> 10282.275
A50: Rest of City: total delivery | C50: =SUM(C45:C49) -> 334.71716 | D50: =SUM(D45:D49) -> 1346.7573 | E50: =SUM(E45:E49) -> 1266.1595 | F50: =SUM(F45:F49) -> 1626.2854 | G50: =SUM(G45:G49) -> 1064.0817 | H50: =SUM(H45:H49) -> 1833.1464 | I50: =SUM(I45:I49) -> 1833.1464 | J50: =SUM(J45:J49) -> 1833.1464 | ... R50: =SUM(R45:R49) -> 20929.125
A51: Rest of City: fair-share target (Council profile) | C51: =INDEX('1 Demand'!$D$7:$D$21,1)*IF(dens_inc=1,'5 Land Need'!$C$53,'5 Land Need'!$C$31) -> 2238.075 | D51: =INDEX('1 Demand'!$D$7:$D$21,2)*IF(dens_inc=1,'5 Land Need'!$C$53,'5 Land Need'!$C$31) -> 2238.075 | E51: =INDEX('1 Demand'!$D$7:$D$21,3)*IF(dens_inc=1,'5 Land Need'!$C$53,'5 Land Need'!$C$31) -> 2238.075 | F51: =INDEX('1 Demand'!$D$7:$D$21,4)*IF(dens_inc=1,'5 Land Need'!$C$53,'5 Land Need'!$C$31) -> 2238.075 | G51: =INDEX('1 Demand'!$D$7:$D$21,5)*IF(dens_inc=1,'5 Land Need'!$C$53,'5 Land Need'!$C$31) -> 2238.075 | H51: =INDEX('1 Demand'!$D$7:$D$21,6)*IF(dens_inc=1,'5 Land Need'!$C$53,'5 Land Need'!$C$31) -> 1138.2 | I51: =INDEX('1 Demand'!$D$7:$D$21,7)*IF(dens_inc=1,'5 Land Need'!$C$53,'5 Land Need'!$C$31) -> 1138.2 | J51: =INDEX('1 Demand'!$D$7:$D$21,8)*IF(dens_inc=1,'5 Land Need'!$C$53,'5 Land Need'!$C$31) -> 1138.2 | K51: =INDEX('1 Demand'!$D$7:$D$21,9)*IF(dens_inc=1,'5 Land Need'!$C$53,'5 Land Need'!$C$31) -> 1138.2 | L51: =INDEX('1 Demand'!$D$7:$D$21,10)*IF(dens_inc=1,'5 Land Need'!$C$53,'5 Land Need'!$C$31) -> 1099.875 | M51: =INDEX('1 Demand'!$D$7:$D$21,11)*IF(dens_inc=1,'5 Land Need'!$C$53,'5 Land Need'!$C$31) -> 833.175 | N51: =INDEX('1 Demand'!$D$7:$D$21,12)*IF(dens_inc=1,'5 Land Need'!$C$53,'5 Land Need'!$C$31) -> 826.35 | O51: =INDEX('1 Demand'!$D$7:$D$21,13)*IF(dens_inc=1,'5 Land Need'!$C$53,'5 Land Need'!$C$31) -> 816.375 | P51: =INDEX('1 Demand'!$D$7:$D$21,14)*IF(dens_inc=1,'5 Land Need'!$C$53,'5 Land Need'!$C$31) -> 809.025 | Q51: =INDEX('1 Demand'!$D$7:$D$21,15)*IF(dens_inc=1,'5 Land Need'!$C$53,'5 Land Need'!$C$31) -> 800.625 | R51: =SUM(C51:Q51) -> 20928.6
A53: Settlements
A54: Consented pipeline (under construction + permitted) | B54: =IFERROR((IF(dens_inc=1,'5 Land Need'!$D$55,'5 Land Need'!$D$33)+IF(dens_inc=1,'5 Land Need'!$D$56,'5 Land Need'!$D$34)+IF(dens_inc=1,'5 Land Need'!$D$58,'5 Land Need'!$D$36))/(SUMIFS(dp_uc,dp_geo,"Settlements")+SUMIFS(dp_pns,dp_geo,"Settlements")),0) -> 0.92169604 | C54: =SUMIFS(dp_e26,dp_geo,"Settlements")*$B54 -> 95.30337 | D54: =SUMIFS(dp_e27,dp_geo,"Settlements")*$B54 -> 413.93369 | E54: =SUMIFS(dp_e28,dp_geo,"Settlements")*$B54 -> 436.69958 | F54: =SUMIFS(dp_e29,dp_geo,"Settlements")*$B54 -> 283.69804 | G54: =SUMIFS(dp_e30,dp_geo,"Settlements")*$B54 -> 25.715319 | H54: =SUMIFS(dp_e31,dp_geo,"Settlements")*$B54*H$25 -> 0 | I54: =SUMIFS(dp_e31,dp_geo,"Settlements")*$B54*I$25 -> 0 | J54: =SUMIFS(dp_e31,dp_geo,"Settlements")*$B54*J$25 -> 0 | K54: =SUMIFS(dp_e31,dp_geo,"Settlements")*$B54*K$25 -> 0 | L54: =SUMIFS(dp_e31,dp_geo,"Settlements")*$B54*L$25 -> 0 | M54: =SUMIFS(dp_e31,dp_geo,"Settlements")*$B54*M$25 -> 0 | N54: =SUMIFS(dp_e31,dp_geo,"Settlements")*$B54*N$25 -> 0 | O54: =SUMIFS(dp_e31,dp_geo,"Settlements")*$B54*O$25 -> 0 | ... Q54: =SUMIFS(dp_e31,dp_geo,"Settlements")*$B54*Q$25 -> 0 | R54: =SUM(C54:Q54) -> 1255.35
A55: Stalled | C55: =IF(dens_inc=1,'5 Land Need'!$D$57,'5 Land Need'!$D$35)*C$26 -> 0 | D55: =IF(dens_inc=1,'5 Land Need'!$D$57,'5 Land Need'!$D$35)*D$26 -> 0 | E55: =IF(dens_inc=1,'5 Land Need'!$D$57,'5 Land Need'!$D$35)*E$26 -> 20.833333 | F55: =IF(dens_inc=1,'5 Land Need'!$D$57,'5 Land Need'!$D$35)*F$26 -> 20.833333 | G55: =IF(dens_inc=1,'5 Land Need'!$D$57,'5 Land Need'!$D$35)*G$26 -> 20.833333 | H55: =IF(dens_inc=1,'5 Land Need'!$D$57,'5 Land Need'!$D$35)*H$26 -> 0 | I55: =IF(dens_inc=1,'5 Land Need'!$D$57,'5 Land Need'!$D$35)*I$26 -> 0 | J55: =IF(dens_inc=1,'5 Land Need'!$D$57,'5 Land Need'!$D$35)*J$26 -> 0 | ... Q55: =IF(dens_inc=1,'5 Land Need'!$D$57,'5 Land Need'!$D$35)*Q$26 -> 0 | R55: =SUM(C55:Q55) -> 62.5
A56: Council audit land + density uplift | C56: =(IF(dens_inc=1,'5 Land Need'!$D$59,'5 Land Need'!$D$37)+IF(dens_inc=1,'5 Land Need'!$D$60,'5 Land Need'!$D$38))*C$27 -> 0 | D56: =(IF(dens_inc=1,'5 Land Need'!$D$59,'5 Land Need'!$D$37)+IF(dens_inc=1,'5 Land Need'!$D$60,'5 Land Need'!$D$38))*D$27 -> 0 | E56: =(IF(dens_inc=1,'5 Land Need'!$D$59,'5 Land Need'!$D$37)+IF(dens_inc=1,'5 Land Need'!$D$60,'5 Land Need'!$D$38))*E$27 -> 0 | F56: =(IF(dens_inc=1,'5 Land Need'!$D$59,'5 Land Need'!$D$37)+IF(dens_inc=1,'5 Land Need'!$D$60,'5 Land Need'!$D$38))*F$27 -> 0 | G56: =(IF(dens_inc=1,'5 Land Need'!$D$59,'5 Land Need'!$D$37)+IF(dens_inc=1,'5 Land Need'!$D$60,'5 Land Need'!$D$38))*G$27 -> 0 | H56: =(IF(dens_inc=1,'5 Land Need'!$D$59,'5 Land Need'!$D$37)+IF(dens_inc=1,'5 Land Need'!$D$60,'5 Land Need'!$D$38))*H$27 -> 0 | I56: =(IF(dens_inc=1,'5 Land Need'!$D$59,'5 Land Need'!$D$37)+IF(dens_inc=1,'5 Land Need'!$D$60,'5 Land Need'!$D$38))*I$27 -> 0 | J56: =(IF(dens_inc=1,'5 Land Need'!$D$59,'5 Land Need'!$D$37)+IF(dens_inc=1,'5 Land Need'!$D$60,'5 Land Need'!$D$38))*J$27 -> 0 | ... Q56: =(IF(dens_inc=1,'5 Land Need'!$D$59,'5 Land Need'!$D$37)+IF(dens_inc=1,'5 Land Need'!$D$60,'5 Land Need'!$D$38))*Q$27 -> 0 | R56: =SUM(C56:Q56) -> 0
A57: Zoned land (no consent) + density uplift | C57: =(IF(dens_inc=1,'5 Land Need'!$D$61,'5 Land Need'!$D$39)+IF(dens_inc=1,'5 Land Need'!$D$62,'5 Land Need'!$D$40))*C$28 -> 0 | D57: =(IF(dens_inc=1,'5 Land Need'!$D$61,'5 Land Need'!$D$39)+IF(dens_inc=1,'5 Land Need'!$D$62,'5 Land Need'!$D$40))*D$28 -> 0 | E57: =(IF(dens_inc=1,'5 Land Need'!$D$61,'5 Land Need'!$D$39)+IF(dens_inc=1,'5 Land Need'!$D$62,'5 Land Need'!$D$40))*E$28 -> 141.36923 | F57: =(IF(dens_inc=1,'5 Land Need'!$D$61,'5 Land Need'!$D$39)+IF(dens_inc=1,'5 Land Need'!$D$62,'5 Land Need'!$D$40))*F$28 -> 141.36923 | G57: =(IF(dens_inc=1,'5 Land Need'!$D$61,'5 Land Need'!$D$39)+IF(dens_inc=1,'5 Land Need'!$D$62,'5 Land Need'!$D$40))*G$28 -> 141.36923 | H57: =(IF(dens_inc=1,'5 Land Need'!$D$61,'5 Land Need'!$D$39)+IF(dens_inc=1,'5 Land Need'!$D$62,'5 Land Need'!$D$40))*H$28 -> 141.36923 | I57: =(IF(dens_inc=1,'5 Land Need'!$D$61,'5 Land Need'!$D$39)+IF(dens_inc=1,'5 Land Need'!$D$62,'5 Land Need'!$D$40))*I$28 -> 141.36923 | J57: =(IF(dens_inc=1,'5 Land Need'!$D$61,'5 Land Need'!$D$39)+IF(dens_inc=1,'5 Land Need'!$D$62,'5 Land Need'!$D$40))*J$28 -> 141.36923 | ... Q57: =(IF(dens_inc=1,'5 Land Need'!$D$61,'5 Land Need'!$D$39)+IF(dens_inc=1,'5 Land Need'!$D$62,'5 Land Need'!$D$40))*Q$28 -> 141.36923 | R57: =SUM(C57:Q57) -> 1837.8
A58: Newly zoned land | C58: =IF(dens_inc=1,'5 Land Need'!$D$65,'5 Land Need'!$D$43)*C$29 -> 0 | D58: =IF(dens_inc=1,'5 Land Need'!$D$65,'5 Land Need'!$D$43)*D$29 -> 0 | E58: =IF(dens_inc=1,'5 Land Need'!$D$65,'5 Land Need'!$D$43)*E$29 -> 0 | F58: =IF(dens_inc=1,'5 Land Need'!$D$65,'5 Land Need'!$D$43)*F$29 -> 0 | G58: =IF(dens_inc=1,'5 Land Need'!$D$65,'5 Land Need'!$D$43)*G$29 -> 0 | H58: =IF(dens_inc=1,'5 Land Need'!$D$65,'5 Land Need'!$D$43)*H$29 -> 641.195 | I58: =IF(dens_inc=1,'5 Land Need'!$D$65,'5 Land Need'!$D$43)*I$29 -> 641.195 | J58: =IF(dens_inc=1,'5 Land Need'!$D$65,'5 Land Need'!$D$43)*J$29 -> 641.195 | ... Q58: =IF(dens_inc=1,'5 Land Need'!$D$65,'5 Land Need'!$D$43)*Q$29 -> 641.195 | R58: =SUM(C58:Q58) -> 6411.95
A59: Settlements: total delivery | C59: =SUM(C54:C58) -> 95.30337 | D59: =SUM(D54:D58) -> 413.93369 | E59: =SUM(E54:E58) -> 598.90215 | F59: =SUM(F54:F58) -> 445.9006 | G59: =SUM(G54:G58) -> 187.91788 | H59: =SUM(H54:H58) -> 782.56423 | I59: =SUM(I54:I58) -> 782.56423 | J59: =SUM(J54:J58) -> 782.56423 | ... R59: =SUM(R54:R58) -> 9567.6
A60: Settlements: fair-share target (Council profile) | C60: =INDEX('1 Demand'!$D$7:$D$21,1)*IF(dens_inc=1,'5 Land Need'!$D$53,'5 Land Need'!$D$31) -> 1023.12 | D60: =INDEX('1 Demand'!$D$7:$D$21,2)*IF(dens_inc=1,'5 Land Need'!$D$53,'5 Land Need'!$D$31) -> 1023.12 | E60: =INDEX('1 Demand'!$D$7:$D$21,3)*IF(dens_inc=1,'5 Land Need'!$D$53,'5 Land Need'!$D$31) -> 1023.12 | F60: =INDEX('1 Demand'!$D$7:$D$21,4)*IF(dens_inc=1,'5 Land Need'!$D$53,'5 Land Need'!$D$31) -> 1023.12 | G60: =INDEX('1 Demand'!$D$7:$D$21,5)*IF(dens_inc=1,'5 Land Need'!$D$53,'5 Land Need'!$D$31) -> 1023.12 | H60: =INDEX('1 Demand'!$D$7:$D$21,6)*IF(dens_inc=1,'5 Land Need'!$D$53,'5 Land Need'!$D$31) -> 520.32 | I60: =INDEX('1 Demand'!$D$7:$D$21,7)*IF(dens_inc=1,'5 Land Need'!$D$53,'5 Land Need'!$D$31) -> 520.32 | J60: =INDEX('1 Demand'!$D$7:$D$21,8)*IF(dens_inc=1,'5 Land Need'!$D$53,'5 Land Need'!$D$31) -> 520.32 | K60: =INDEX('1 Demand'!$D$7:$D$21,9)*IF(dens_inc=1,'5 Land Need'!$D$53,'5 Land Need'!$D$31) -> 520.32 | L60: =INDEX('1 Demand'!$D$7:$D$21,10)*IF(dens_inc=1,'5 Land Need'!$D$53,'5 Land Need'!$D$31) -> 502.8 | M60: =INDEX('1 Demand'!$D$7:$D$21,11)*IF(dens_inc=1,'5 Land Need'!$D$53,'5 Land Need'!$D$31) -> 380.88 | N60: =INDEX('1 Demand'!$D$7:$D$21,12)*IF(dens_inc=1,'5 Land Need'!$D$53,'5 Land Need'!$D$31) -> 377.76 | O60: =INDEX('1 Demand'!$D$7:$D$21,13)*IF(dens_inc=1,'5 Land Need'!$D$53,'5 Land Need'!$D$31) -> 373.2 | P60: =INDEX('1 Demand'!$D$7:$D$21,14)*IF(dens_inc=1,'5 Land Need'!$D$53,'5 Land Need'!$D$31) -> 369.84 | Q60: =INDEX('1 Demand'!$D$7:$D$21,15)*IF(dens_inc=1,'5 Land Need'!$D$53,'5 Land Need'!$D$31) -> 366 | R60: =SUM(C60:Q60) -> 9567.36
A62: Remainder of County
A63: Consented pipeline (under construction + permitted) | B63: =IFERROR((IF(dens_inc=1,'5 Land Need'!$E$55,'5 Land Need'!$E$33)+IF(dens_inc=1,'5 Land Need'!$E$56,'5 Land Need'!$E$34)+IF(dens_inc=1,'5 Land Need'!$E$58,'5 Land Need'!$E$36))/(SUMIFS(dp_uc,dp_geo,"Remainder of County")+SUMIFS(dp_pns,dp_geo,"Remainder of County")),0) -> 0.93502674 | C63: =SUMIFS(dp_e26,dp_geo,"Remainder of County")*$B63 -> 22.534144 | D63: =SUMIFS(dp_e27,dp_geo,"Remainder of County")*$B63 -> 76.57869 | E63: =SUMIFS(dp_e28,dp_geo,"Remainder of County")*$B63 -> 42.824225 | F63: =SUMIFS(dp_e29,dp_geo,"Remainder of County")*$B63 -> 32.912941 | G63: =SUMIFS(dp_e30,dp_geo,"Remainder of County")*$B63 -> 0 | H63: =SUMIFS(dp_e31,dp_geo,"Remainder of County")*$B63*H$25 -> 0 | I63: =SUMIFS(dp_e31,dp_geo,"Remainder of County")*$B63*I$25 -> 0 | J63: =SUMIFS(dp_e31,dp_geo,"Remainder of County")*$B63*J$25 -> 0 | K63: =SUMIFS(dp_e31,dp_geo,"Remainder of County")*$B63*K$25 -> 0 | L63: =SUMIFS(dp_e31,dp_geo,"Remainder of County")*$B63*L$25 -> 0 | M63: =SUMIFS(dp_e31,dp_geo,"Remainder of County")*$B63*M$25 -> 0 | N63: =SUMIFS(dp_e31,dp_geo,"Remainder of County")*$B63*N$25 -> 0 | O63: =SUMIFS(dp_e31,dp_geo,"Remainder of County")*$B63*O$25 -> 0 | ... Q63: =SUMIFS(dp_e31,dp_geo,"Remainder of County")*$B63*Q$25 -> 0 | R63: =SUM(C63:Q63) -> 174.85
A64: Stalled | C64: =IF(dens_inc=1,'5 Land Need'!$E$57,'5 Land Need'!$E$35)*C$26 -> 0 | D64: =IF(dens_inc=1,'5 Land Need'!$E$57,'5 Land Need'!$E$35)*D$26 -> 0 | E64: =IF(dens_inc=1,'5 Land Need'!$E$57,'5 Land Need'!$E$35)*E$26 -> 0 | F64: =IF(dens_inc=1,'5 Land Need'!$E$57,'5 Land Need'!$E$35)*F$26 -> 0 | G64: =IF(dens_inc=1,'5 Land Need'!$E$57,'5 Land Need'!$E$35)*G$26 -> 0 | H64: =IF(dens_inc=1,'5 Land Need'!$E$57,'5 Land Need'!$E$35)*H$26 -> 0 | I64: =IF(dens_inc=1,'5 Land Need'!$E$57,'5 Land Need'!$E$35)*I$26 -> 0 | J64: =IF(dens_inc=1,'5 Land Need'!$E$57,'5 Land Need'!$E$35)*J$26 -> 0 | ... Q64: =IF(dens_inc=1,'5 Land Need'!$E$57,'5 Land Need'!$E$35)*Q$26 -> 0 | R64: =SUM(C64:Q64) -> 0
A65: Council audit land + density uplift | C65: =(IF(dens_inc=1,'5 Land Need'!$E$59,'5 Land Need'!$E$37)+IF(dens_inc=1,'5 Land Need'!$E$60,'5 Land Need'!$E$38))*C$27 -> 0 | D65: =(IF(dens_inc=1,'5 Land Need'!$E$59,'5 Land Need'!$E$37)+IF(dens_inc=1,'5 Land Need'!$E$60,'5 Land Need'!$E$38))*D$27 -> 0 | E65: =(IF(dens_inc=1,'5 Land Need'!$E$59,'5 Land Need'!$E$37)+IF(dens_inc=1,'5 Land Need'!$E$60,'5 Land Need'!$E$38))*E$27 -> 0 | F65: =(IF(dens_inc=1,'5 Land Need'!$E$59,'5 Land Need'!$E$37)+IF(dens_inc=1,'5 Land Need'!$E$60,'5 Land Need'!$E$38))*F$27 -> 0 | G65: =(IF(dens_inc=1,'5 Land Need'!$E$59,'5 Land Need'!$E$37)+IF(dens_inc=1,'5 Land Need'!$E$60,'5 Land Need'!$E$38))*G$27 -> 0 | H65: =(IF(dens_inc=1,'5 Land Need'!$E$59,'5 Land Need'!$E$37)+IF(dens_inc=1,'5 Land Need'!$E$60,'5 Land Need'!$E$38))*H$27 -> 0 | I65: =(IF(dens_inc=1,'5 Land Need'!$E$59,'5 Land Need'!$E$37)+IF(dens_inc=1,'5 Land Need'!$E$60,'5 Land Need'!$E$38))*I$27 -> 0 | J65: =(IF(dens_inc=1,'5 Land Need'!$E$59,'5 Land Need'!$E$37)+IF(dens_inc=1,'5 Land Need'!$E$60,'5 Land Need'!$E$38))*J$27 -> 0 | ... Q65: =(IF(dens_inc=1,'5 Land Need'!$E$59,'5 Land Need'!$E$37)+IF(dens_inc=1,'5 Land Need'!$E$60,'5 Land Need'!$E$38))*Q$27 -> 0 | R65: =SUM(C65:Q65) -> 0
A66: Zoned land (no consent) + density uplift | C66: =(IF(dens_inc=1,'5 Land Need'!$E$61,'5 Land Need'!$E$39)+IF(dens_inc=1,'5 Land Need'!$E$62,'5 Land Need'!$E$40))*C$28 -> 0 | D66: =(IF(dens_inc=1,'5 Land Need'!$E$61,'5 Land Need'!$E$39)+IF(dens_inc=1,'5 Land Need'!$E$62,'5 Land Need'!$E$40))*D$28 -> 0 | E66: =(IF(dens_inc=1,'5 Land Need'!$E$61,'5 Land Need'!$E$39)+IF(dens_inc=1,'5 Land Need'!$E$62,'5 Land Need'!$E$40))*E$28 -> 18.323077 | F66: =(IF(dens_inc=1,'5 Land Need'!$E$61,'5 Land Need'!$E$39)+IF(dens_inc=1,'5 Land Need'!$E$62,'5 Land Need'!$E$40))*F$28 -> 18.323077 | G66: =(IF(dens_inc=1,'5 Land Need'!$E$61,'5 Land Need'!$E$39)+IF(dens_inc=1,'5 Land Need'!$E$62,'5 Land Need'!$E$40))*G$28 -> 18.323077 | H66: =(IF(dens_inc=1,'5 Land Need'!$E$61,'5 Land Need'!$E$39)+IF(dens_inc=1,'5 Land Need'!$E$62,'5 Land Need'!$E$40))*H$28 -> 18.323077 | I66: =(IF(dens_inc=1,'5 Land Need'!$E$61,'5 Land Need'!$E$39)+IF(dens_inc=1,'5 Land Need'!$E$62,'5 Land Need'!$E$40))*I$28 -> 18.323077 | J66: =(IF(dens_inc=1,'5 Land Need'!$E$61,'5 Land Need'!$E$39)+IF(dens_inc=1,'5 Land Need'!$E$62,'5 Land Need'!$E$40))*J$28 -> 18.323077 | ... Q66: =(IF(dens_inc=1,'5 Land Need'!$E$61,'5 Land Need'!$E$39)+IF(dens_inc=1,'5 Land Need'!$E$62,'5 Land Need'!$E$40))*Q$28 -> 18.323077 | R66: =SUM(C66:Q66) -> 238.2
A67: Newly zoned land | C67: =IF(dens_inc=1,'5 Land Need'!$E$65,'5 Land Need'!$E$43)*C$29 -> 0 | D67: =IF(dens_inc=1,'5 Land Need'!$E$65,'5 Land Need'!$E$43)*D$29 -> 0 | E67: =IF(dens_inc=1,'5 Land Need'!$E$65,'5 Land Need'!$E$43)*E$29 -> 0 | F67: =IF(dens_inc=1,'5 Land Need'!$E$65,'5 Land Need'!$E$43)*F$29 -> 0 | G67: =IF(dens_inc=1,'5 Land Need'!$E$65,'5 Land Need'!$E$43)*G$29 -> 0 | H67: =IF(dens_inc=1,'5 Land Need'!$E$65,'5 Land Need'!$E$43)*H$29 -> 197.885 | I67: =IF(dens_inc=1,'5 Land Need'!$E$65,'5 Land Need'!$E$43)*I$29 -> 197.885 | J67: =IF(dens_inc=1,'5 Land Need'!$E$65,'5 Land Need'!$E$43)*J$29 -> 197.885 | ... Q67: =IF(dens_inc=1,'5 Land Need'!$E$65,'5 Land Need'!$E$43)*Q$29 -> 197.885 | R67: =SUM(C67:Q67) -> 1978.85
A68: Remainder of County: total delivery | C68: =SUM(C63:C67) -> 22.534144 | D68: =SUM(D63:D67) -> 76.57869 | E68: =SUM(E63:E67) -> 61.147302 | F68: =SUM(F63:F67) -> 51.236018 | G68: =SUM(G63:G67) -> 18.323077 | H68: =SUM(H63:H67) -> 216.20808 | I68: =SUM(I63:I67) -> 216.20808 | J68: =SUM(J63:J67) -> 216.20808 | ... R68: =SUM(R63:R67) -> 2391.9
A69: Remainder of County: fair-share target (Council profile) | C69: =INDEX('1 Demand'!$D$7:$D$21,1)*IF(dens_inc=1,'5 Land Need'!$E$53,'5 Land Need'!$E$31) -> 255.78 | D69: =INDEX('1 Demand'!$D$7:$D$21,2)*IF(dens_inc=1,'5 Land Need'!$E$53,'5 Land Need'!$E$31) -> 255.78 | E69: =INDEX('1 Demand'!$D$7:$D$21,3)*IF(dens_inc=1,'5 Land Need'!$E$53,'5 Land Need'!$E$31) -> 255.78 | F69: =INDEX('1 Demand'!$D$7:$D$21,4)*IF(dens_inc=1,'5 Land Need'!$E$53,'5 Land Need'!$E$31) -> 255.78 | G69: =INDEX('1 Demand'!$D$7:$D$21,5)*IF(dens_inc=1,'5 Land Need'!$E$53,'5 Land Need'!$E$31) -> 255.78 | H69: =INDEX('1 Demand'!$D$7:$D$21,6)*IF(dens_inc=1,'5 Land Need'!$E$53,'5 Land Need'!$E$31) -> 130.08 | I69: =INDEX('1 Demand'!$D$7:$D$21,7)*IF(dens_inc=1,'5 Land Need'!$E$53,'5 Land Need'!$E$31) -> 130.08 | J69: =INDEX('1 Demand'!$D$7:$D$21,8)*IF(dens_inc=1,'5 Land Need'!$E$53,'5 Land Need'!$E$31) -> 130.08 | K69: =INDEX('1 Demand'!$D$7:$D$21,9)*IF(dens_inc=1,'5 Land Need'!$E$53,'5 Land Need'!$E$31) -> 130.08 | L69: =INDEX('1 Demand'!$D$7:$D$21,10)*IF(dens_inc=1,'5 Land Need'!$E$53,'5 Land Need'!$E$31) -> 125.7 | M69: =INDEX('1 Demand'!$D$7:$D$21,11)*IF(dens_inc=1,'5 Land Need'!$E$53,'5 Land Need'!$E$31) -> 95.22 | N69: =INDEX('1 Demand'!$D$7:$D$21,12)*IF(dens_inc=1,'5 Land Need'!$E$53,'5 Land Need'!$E$31) -> 94.44 | O69: =INDEX('1 Demand'!$D$7:$D$21,13)*IF(dens_inc=1,'5 Land Need'!$E$53,'5 Land Need'!$E$31) -> 93.3 | P69: =INDEX('1 Demand'!$D$7:$D$21,14)*IF(dens_inc=1,'5 Land Need'!$E$53,'5 Land Need'!$E$31) -> 92.46 | Q69: =INDEX('1 Demand'!$D$7:$D$21,15)*IF(dens_inc=1,'5 Land Need'!$E$53,'5 Land Need'!$E$31) -> 91.5 | R69: =SUM(C69:Q69) -> 2391.84
A71: D All locations
A72: Register pipeline, audit and zoned land (all locations) | C72: =C41-C40+C50-C49+C59-C58+C68-C67 -> 464.56285 | D72: =D41-D40+D50-D49+D59-D58+D68-D67 -> 1911.6681 | E72: =E41-E40+E50-E49+E59-E58+E68-E67 -> 2314.8812 | F72: =F41-F40+F50-F49+F59-F58+F68-F67 -> 2526.4519 | G72: =G41-G40+G50-G49+G59-G58+G68-G67 -> 1511.3292 | H72: =H41-H40+H50-H49+H59-H58+H68-H67 -> 1186.6484 | I72: =I41-I40+I50-I49+I59-I58+I68-I67 -> 1186.6484 | J72: =J41-J40+J50-J49+J59-J58+J68-J67 -> 1186.6484 | ... Q72: =Q41-Q40+Q50-Q49+Q59-Q58+Q68-Q67 -> 708.02308 | R72: =SUM(C72:Q72) -> 17245
A73: Newly zoned land | C73: =C40+C49+C58+C67 -> 0 | D73: =D40+D49+D58+D67 -> 0 | E73: =E40+E49+E58+E67 -> 0 | F73: =F40+F49+F58+F67 -> 0 | G73: =G40+G49+G58+G67 -> 0 | H73: =H40+H49+H58+H67 -> 2262 | I73: =I40+I49+I58+I67 -> 2262 | J73: =J40+J49+J58+J67 -> 2262 | ... Q73: =Q40+Q49+Q58+Q67 -> 2262 | R73: =SUM(C73:Q73) -> 22620
A74: Completions to date in 2026 (not in register) | C74: =ytd -> 0 | D74: =0 -> 0 | E74: =0 -> 0 | F74: =0 -> 0 | G74: =0 -> 0 | H74: =0 -> 0 | I74: =0 -> 0 | J74: =0 -> 0 | K74: =0 -> 0 | ... Q74: =0 -> 0 | R74: =SUM(C74:Q74) -> 0
A75: Supply from outside the register | C75: =windfall*C$30 -> 0 | D75: =windfall*D$30 -> 0 | E75: =windfall*E$30 -> 0 | F75: =windfall*F$30 -> 0 | G75: =windfall*G$30 -> 0 | H75: =windfall*H$30 -> 0 | I75: =windfall*I$30 -> 0 | J75: =windfall*J$30 -> 0 | ... Q75: =windfall*Q$30 -> 0 | R75: =SUM(C75:Q75) -> 0
A76: Total projected delivery | C76: =SUM(C72:C75) -> 464.56285 | D76: =SUM(D72:D75) -> 1911.6681 | E76: =SUM(E72:E75) -> 2314.8812 | F76: =SUM(F72:F75) -> 2526.4519 | G76: =SUM(G72:G75) -> 1511.3292 | H76: =SUM(H72:H75) -> 3448.6484 | I76: =SUM(I72:I75) -> 3448.6484 | J76: =SUM(J72:J75) -> 3448.6484 | ... Q76: =SUM(Q72:Q75) -> 2970.0231 | R76: =SUM(C76:Q76) -> 39865
A77: Council target (front-loaded profile) | C77: =INDEX('1 Demand'!$D$7:$D$21,1) -> 4263 | D77: =INDEX('1 Demand'!$D$7:$D$21,2) -> 4263 | E77: =INDEX('1 Demand'!$D$7:$D$21,3) -> 4263 | F77: =INDEX('1 Demand'!$D$7:$D$21,4) -> 4263 | G77: =INDEX('1 Demand'!$D$7:$D$21,5) -> 4263 | H77: =INDEX('1 Demand'!$D$7:$D$21,6) -> 2168 | I77: =INDEX('1 Demand'!$D$7:$D$21,7) -> 2168 | J77: =INDEX('1 Demand'!$D$7:$D$21,8) -> 2168 | K77: =INDEX('1 Demand'!$D$7:$D$21,9) -> 2168 | L77: =INDEX('1 Demand'!$D$7:$D$21,10) -> 2095 | M77: =INDEX('1 Demand'!$D$7:$D$21,11) -> 1587 | N77: =INDEX('1 Demand'!$D$7:$D$21,12) -> 1574 | O77: =INDEX('1 Demand'!$D$7:$D$21,13) -> 1555 | P77: =INDEX('1 Demand'!$D$7:$D$21,14) -> 1541 | Q77: =INDEX('1 Demand'!$D$7:$D$21,15) -> 1525 | R77: =SUM(C77:Q77) -> 39864
A78: New HNDA need (modelled) | C78: =INDEX('1 Demand'!$C$7:$C$21,1) -> 2617 | D78: =INDEX('1 Demand'!$C$7:$C$21,2) -> 2662 | E78: =INDEX('1 Demand'!$C$7:$C$21,3) -> 2678 | F78: =INDEX('1 Demand'!$C$7:$C$21,4) -> 2700 | G78: =INDEX('1 Demand'!$C$7:$C$21,5) -> 2749 | H78: =INDEX('1 Demand'!$C$7:$C$21,6) -> 2532 | I78: =INDEX('1 Demand'!$C$7:$C$21,7) -> 2541 | J78: =INDEX('1 Demand'!$C$7:$C$21,8) -> 2530 | K78: =INDEX('1 Demand'!$C$7:$C$21,9) -> 2518 | L78: =INDEX('1 Demand'!$C$7:$C$21,10) -> 3584 | M78: =INDEX('1 Demand'!$C$7:$C$21,11) -> 2600 | N78: =INDEX('1 Demand'!$C$7:$C$21,12) -> 2580 | O78: =INDEX('1 Demand'!$C$7:$C$21,13) -> 2549 | P78: =INDEX('1 Demand'!$C$7:$C$21,14) -> 2525 | Q78: =INDEX('1 Demand'!$C$7:$C$21,15) -> 2499 | R78: =SUM(C78:Q78) -> 39864
A79: Annual surplus / (shortfall) against Council target | C79: =C76-C77 -> -3798.4372 | D79: =D76-D77 -> -2351.3319 | E79: =E76-E77 -> -1948.1188 | F79: =F76-F77 -> -1736.5481 | G79: =G76-G77 -> -2751.6708 | H79: =H76-H77 -> 1280.6484 | I79: =I76-I77 -> 1280.6484 | J79: =J76-J77 -> 1280.6484 | ... Q79: =Q76-Q77 -> 1445.0231 | R79: =SUM(C79:Q79) -> 1
A80: Delivery without any new zoning, against Council target | C80: =C76-C73-C77 -> -3798.4372 | D80: =D76-D73-D77 -> -2351.3319 | E80: =E76-E73-E77 -> -1948.1188 | F80: =F76-F73-F77 -> -1736.5481 | G80: =G76-G73-G77 -> -2751.6708 | H80: =H76-H73-H77 -> -981.35164 | I80: =I76-I73-I77 -> -981.35164 | J80: =J76-J73-J77 -> -981.35164 | ... Q80: =Q76-Q73-Q77 -> -816.97692 | R80: =SUM(C80:Q80) -> -22619
A81: Cumulative delivery | C81: =SUM($C76:C76) -> 464.56285 | D81: =SUM($C76:D76) -> 2376.231 | E81: =SUM($C76:E76) -> 4691.1122 | F81: =SUM($C76:F76) -> 7217.5642 | G81: =SUM($C76:G76) -> 8728.8934 | H81: =SUM($C76:H76) -> 12177.542 | I81: =SUM($C76:I76) -> 15626.19 | J81: =SUM($C76:J76) -> 19074.838 | ... Q81: =SUM($C76:Q76) -> 39865
A82: Cumulative Council target | C82: =SUM($C77:C77) -> 4263 | D82: =SUM($C77:D77) -> 8526 | E82: =SUM($C77:E77) -> 12789 | F82: =SUM($C77:F77) -> 17052 | G82: =SUM($C77:G77) -> 21315 | H82: =SUM($C77:H77) -> 23483 | I82: =SUM($C77:I77) -> 25651 | J82: =SUM($C77:J77) -> 27819 | ... Q82: =SUM($C77:Q77) -> 39864
A83: Cumulative surplus / (shortfall) | C83: =C81-C82 -> -3798.4372 | D83: =D81-D82 -> -6149.769 | E83: =E81-E82 -> -8097.8878 | F83: =F81-F82 -> -9834.4358 | G83: =G81-G82 -> -12586.107 | H83: =H81-H82 -> -11305.458 | I83: =I81-I82 -> -10024.81 | J83: =J81-J82 -> -8744.1615 | ... Q83: =Q81-Q82 -> 1
A84: Cumulative shortfall if no new land is zoned | C84: =SUM($C80:C80) -> -3798.4372 | D84: =SUM($C80:D80) -> -6149.769 | E84: =SUM($C80:E80) -> -8097.8878 | F84: =SUM($C80:F80) -> -9834.4358 | G84: =SUM($C80:G80) -> -12586.107 | H84: =SUM($C80:H80) -> -13567.458 | I84: =SUM($C80:I80) -> -14548.81 | J84: =SUM($C80:J80) -> -15530.162 | ... Q84: =SUM($C80:Q80) -> -22619
A85: Average annual delivery 2026–30 / 2031–35 / 2036–40 | C85: =SUM(C76:G76)/5 -> 1745.7787 | D85: =SUM(H76:L76)/5 -> 3257.1982 | E85: =SUM(M76:Q76)/5 -> 2970.0231
A86: The Council target is front-loaded (4,263 a year to 2030, then lower) and the register pipeline cannot match it in the early years even if total supply reaches the 2040 target. New zoning is sized to close the 2040 total; it is delivered from the first-completions year set on Inputs, so it does not fix the early shortfall.
A87: Largest cumulative shortfall against the Council profile | C87: =MIN(C83:Q83) -> -12586.107
A88: Year of largest cumulative shortfall | C88: =INDEX($C$34:$Q$34,MATCH(C87,C83:Q83,0)) -> 2030

Sheet 5 Land Need
A1: 5 Land need: how much more land to zone, and where
A2: Fair-share requirement by area against what the register can deliver by 2040, at current and at increased density. Change the city / settlements / remainder split and densities on Inputs.
A5: A Headline
A6: Measure | B6: Current density | C6: Increased density | D6: Selected
A7: Requirement 2026–40 (homes) | B7: ='5 Land Need'!$F$32 -> 39865 | C7: ='5 Land Need'!$F$54 -> 39865 | D7: =IF(dens_inc=1,C7,B7) -> 39865
A8: Deliverable from the register by 2040 | B8: ='5 Land Need'!$F$41 -> 17245 | C8: ='5 Land Need'!$F$63 -> 20241.538 | D8: =IF(dens_inc=1,C8,B8) -> 17245
A9: Shortfall against fair share, summed by area | B9: ='5 Land Need'!$F$43 -> 22620 | C9: ='5 Land Need'!$F$65 -> 19623.462 | D9: =IF(dens_inc=1,C9,B9) -> 22620
A10: Surplus in areas ahead of fair share (not transferred) | B10: ='5 Land Need'!$F$44 -> 0 | C10: ='5 Land Need'!$F$66 -> 0 | D10: =IF(dens_inc=1,C10,B10) -> 0
A11: New zoned capacity needed (homes) | B11: ='5 Land Need'!$F$45 -> 28275 | C11: ='5 Land Need'!$F$67 -> 24529.327 | D11: =IF(dens_inc=1,C11,B11) -> 28275
A12: Land to zone: City Centre (ha) | B12: ='5 Land Need'!$B$47 -> 124.52384 | C12: ='5 Land Need'!$B$69 -> 13.054764 | D12: =IF(dens_inc=1,C12,B12) -> 124.52384
A13: Land to zone: Rest of City (ha) | B13: ='5 Land Need'!$C$47 -> 415.41189 | C13: ='5 Land Need'!$C$69 -> 415.41189 | D13: =IF(dens_inc=1,C13,B13) -> 415.41189
A14: Land to zone: Settlements (ha) | B14: ='5 Land Need'!$D$47 -> 375.15997 | C14: ='5 Land Need'!$D$69 -> 375.15997 | D14: =IF(dens_inc=1,C14,B14) -> 375.15997
A15: Land to zone: Remainder of county (ha) | B15: ='5 Land Need'!$E$47 -> 120.37452 | C15: ='5 Land Need'!$E$69 -> 120.37452 | D15: =IF(dens_inc=1,C15,B15) -> 120.37452
A16: Land to zone: total (ha) | B16: ='5 Land Need'!$F$47 -> 1035.4702 | C16: ='5 Land Need'!$F$69 -> 924.00114 | D16: =IF(dens_inc=1,C16,B16) -> 1035.4702
A17: Land to zone in the city (Centre + Rest of City, ha) | B17: =B12+B13 -> 539.93573 | C17: =C12+C13 -> 428.46665 | D17: =D12+D13 -> 539.93573
A18: City share of new land | B18: =IF(B16>0,B17/B16,0) -> 0.52144013 | C18: =IF(C16>0,C17/C16,0) -> 0.46370793 | D18: =IF(D16>0,D17/D16,0) -> 0.52144013
A19: City share of the homes still to be found | B19: =IF('5 Land Need'!$F$43>0,'5 Land Need'!$G$43/'5 Land Need'!$F$43,0) -> 0.62905393 | C19: =IF('5 Land Need'!$F$65>0,'5 Land Need'!$G$65/'5 Land Need'!$F$65,0) -> 0.5724098 | D19: =IF(dens_inc=1,C19,B19) -> 0.62905393
A20: Land saved by the density lever (ha) | C20: =B16-C16 -> 111.46908
A21: Shortfall is measured against each area's fair share and is not netted across areas: a surplus in one settlement does not cover a shortfall in another, and a surplus in the city does not cover the county. Realisation rates, density and the split are levers on Inputs.
A26: Serviced-site share of county zoned area (register) | B26: =SUMIFS(dp_area,dp_tier,"Serviced sites")/SUMIFS(dp_area,dp_scope,"County",dp_grp,"Zoned") -> 0.27735644
A27: Blended density on new county land, fallback (homes/ha) | B27: =new_cty_town*(1-B26)+new_cty_ss*B26 -> 23.335861
A29: B Current density: register capacity as it stands
A30: Homes unless stated | B30: City Centre | C30: Rest of City | D30: Settlements | E30: Remainder of County | F30: Total | G30: City (Centre + Rest)
A31: Fair share of the target | B31: =fs_city*cc_share -> 0.175 | C31: =fs_city*(1-cc_share) -> 0.525 | D31: =fs_set -> 0.24 | E31: =fs_rem -> 0.06 | F31: =B31+C31+D31+E31 -> 1 | G31: =B31+C31 -> 0.7
A32: Requirement 2026–40 (net of completions to date and outside supply) | B32: =(target_total-ytd-windfall)*B31 -> 6976.375 | C32: =(target_total-ytd-windfall)*C31 -> 20929.125 | D32: =(target_total-ytd-windfall)*D31 -> 9567.6 | E32: =(target_total-ytd-windfall)*E31 -> 2391.9 | F32: =B32+C32+D32+E32 -> 39865 | G32: =B32+C32 -> 27905.5
A33: Consented: under construction × realisation | B33: =SUMIFS(dp_uc,dp_geo,B$30)*r_uc -> 111 | C33: =SUMIFS(dp_uc,dp_geo,C$30)*r_uc -> 2843 | D33: =SUMIFS(dp_uc,dp_geo,D$30)*r_uc -> 651 | E33: =SUMIFS(dp_uc,dp_geo,E$30)*r_uc -> 106 | F33: =B33+C33+D33+E33 -> 3711 | G33: =B33+C33 -> 2954
A34: Consented: permitted, not started × realisation | B34: =SUMIFS(dp_pns,dp_geo,B$30)*r_pns -> 607.75 | C34: =SUMIFS(dp_pns,dp_geo,C$30)*r_pns -> 2970.75 | D34: =SUMIFS(dp_pns,dp_geo,D$30)*r_pns -> 604.35 | E34: =SUMIFS(dp_pns,dp_geo,E$30)*r_pns -> 68.85 | F34: =B34+C34+D34+E34 -> 4251.7 | G34: =B34+C34 -> 3578.5
A35: Consented: stalled × realisation | B35: =SUMIFS(dp_stl,dp_geo,B$30)*r_stl -> 0 | C35: =SUMIFS(dp_stl,dp_geo,C$30)*r_stl -> 15.5 | D35: =SUMIFS(dp_stl,dp_geo,D$30)*r_stl -> 62.5 | E35: =SUMIFS(dp_stl,dp_geo,E$30)*r_stl -> 0 | F35: =B35+C35+D35+E35 -> 78 | G35: =B35+C35 -> 15.5
A36: Less: student (PBSA) units not counted | B36: =-(1-pbsa)*SUMIFS(dm_units,dm_geo,B$30,dm_tenure,"Student (PBSA)",dm_live,1) -> 0 | C36: =-(1-pbsa)*SUMIFS(dm_units,dm_geo,C$30,dm_tenure,"Student (PBSA)",dm_live,1) -> 0 | D36: =-(1-pbsa)*SUMIFS(dm_units,dm_geo,D$30,dm_tenure,"Student (PBSA)",dm_live,1) -> 0 | E36: =-(1-pbsa)*SUMIFS(dm_units,dm_geo,E$30,dm_tenure,"Student (PBSA)",dm_live,1) -> 0 | F36: =B36+C36+D36+E36 -> 0 | G36: =B36+C36 -> 0
A37: Council audit land, no consent × realisation (register capacity) | B37: =SUMIFS(dp_unc,dp_geo,B$30,dp_grp,"Audit")*r_unc -> 2310.7 | C37: =SUMIFS(dp_unc,dp_geo,C$30,dp_grp,"Audit")*r_unc -> 4789.4 | D37: =SUMIFS(dp_unc,dp_geo,D$30,dp_grp,"Audit")*r_unc -> 0 | E37: =SUMIFS(dp_unc,dp_geo,E$30,dp_grp,"Audit")*r_unc -> 0 | F37: =B37+C37+D37+E37 -> 7100.1 | G37: =B37+C37 -> 7100.1
A38: Density uplift on audit land × realisation | B38: 0 | C38: 0 | D38: 0 | E38: 0 | F38: =B38+C38+D38+E38 -> 0 | G38: =B38+C38 -> 0
A39: Zoned land, no consent × realisation (register estimate) | B39: =SUMIFS(dp_unc,dp_geo,B$30,dp_grp,"Zoned")*r_zon -> 0 | C39: =SUMIFS(dp_unc,dp_geo,C$30,dp_grp,"Zoned")*r_zon -> 28.2 | D39: =SUMIFS(dp_unc,dp_geo,D$30,dp_grp,"Zoned")*r_zon -> 1837.8 | E39: =SUMIFS(dp_unc,dp_geo,E$30,dp_grp,"Zoned")*r_zon -> 238.2 | F39: =B39+C39+D39+E39 -> 2104.2 | G39: =B39+C39 -> 28.2
A40: Density uplift on zoned land × realisation | B40: 0 | C40: 0 | D40: 0 | E40: 0 | F40: =B40+C40+D40+E40 -> 0 | G40: =B40+C40 -> 0
A41: Deliverable from the register by 2040 | B41: =SUM(B33:B40) -> 3029.45 | C41: =SUM(C33:C40) -> 10646.85 | D41: =SUM(D33:D40) -> 3155.65 | E41: =SUM(E33:E40) -> 413.05 | F41: =B41+C41+D41+E41 -> 17245 | G41: =B41+C41 -> 13676.3
A42: Surplus / (shortfall) against fair share | B42: =B41-B32 -> -3946.925 | C42: =C41-C32 -> -10282.275 | D42: =D41-D32 -> -6411.95 | E42: =E41-E32 -> -1978.85 | F42: =B42+C42+D42+E42 -> -22620 | G42: =B42+C42 -> -14229.2
A43: Shortfall to fill with new zoning (homes) | B43: =MAX(0,-B42) -> 3946.925 | C43: =MAX(0,-C42) -> 10282.275 | D43: =set_gap -> 6411.95 | E43: =MAX(0,-E42) -> 1978.85 | F43: =B43+C43+D43+E43 -> 22620 | G43: =B43+C43 -> 14229.2
A44: Memo: surplus where supply exceeds fair share | B44: =MAX(0,B42) -> 0 | C44: =MAX(0,C42) -> 0 | D44: =set_sur -> 0 | E44: =MAX(0,E42) -> 0 | F44: =B44+C44+D44+E44 -> 0 | G44: =B44+C44 -> 0
A45: New zoned capacity needed, after realisation (homes) | B45: =B43/r_new -> 4933.6562 | C45: =C43/r_new -> 12852.844 | D45: =D43/r_new -> 8014.9375 | E45: =E43/r_new -> 2473.5625 | F45: =B45+C45+D45+E45 -> 28275 | G45: =B45+C45 -> 17786.5
A46: Density on newly zoned land (homes/ha, net) | B46: =IFERROR(SUMIFS(dp_unc,dp_geo,B$30,dp_grp,"Audit")/SUMIFS(dp_uarea,dp_geo,B$30,dp_grp,"Audit"),0) -> 43.538653 | C46: =new_roc -> 34 | D46: =IF(D47>0,D45/(D47*dev_share),0) -> 23.476982 | E46: =IF(rem_dph_ovr>0,rem_dph_ovr,IF(avg_rem>0,avg_rem,new_cty)) -> 22.581196 | F46: =IF(F47>0,F45/(F47*dev_share),0) -> 30.007071 | G46: =IF(G47>0,G45/(G47*dev_share),0) -> 36.199872
A47: Land to zone (gross hectares) | B47: =IF(B46>0,B45/(B46*dev_share),0) -> 124.52384 | C47: =IF(C46>0,C45/(C46*dev_share),0) -> 415.41189 | D47: =set_ha -> 375.15997 | E47: =IF(E46>0,E45/(E46*dev_share),0) -> 120.37452 | F47: =B47+C47+D47+E47 -> 1035.4702 | G47: =B47+C47 -> 539.93573
A48: Share of all new land | B48: =IF($F47>0,B47/$F47,0) -> 0.12025825 | C48: =IF($F47>0,C47/$F47,0) -> 0.40118188 | D48: =IF($F47>0,D47/$F47,0) -> 0.3623088 | E48: =IF($F47>0,E47/$F47,0) -> 0.11625107 | F48: =IF($F47>0,F47/$F47,0) -> 1 | G48: =IF($F47>0,G47/$F47,0) -> 0.52144013
A51: C Increased density: City Centre and Rest of City densities from Inputs applied to unconsented land and new land
A52: Homes unless stated | B52: City Centre | C52: Rest of City | D52: Settlements | E52: Remainder of County | F52: Total | G52: City (Centre + Rest)
A53: Fair share of the target | B53: =fs_city*cc_share -> 0.175 | C53: =fs_city*(1-cc_share) -> 0.525 | D53: =fs_set -> 0.24 | E53: =fs_rem -> 0.06 | F53: =B53+C53+D53+E53 -> 1 | G53: =B53+C53 -> 0.7
A54: Requirement 2026–40 (net of completions to date and outside supply) | B54: =(target_total-ytd-windfall)*B53 -> 6976.375 | C54: =(target_total-ytd-windfall)*C53 -> 20929.125 | D54: =(target_total-ytd-windfall)*D53 -> 9567.6 | E54: =(target_total-ytd-windfall)*E53 -> 2391.9 | F54: =B54+C54+D54+E54 -> 39865 | G54: =B54+C54 -> 27905.5
A55: Consented: under construction × realisation | B55: =SUMIFS(dp_uc,dp_geo,B$52)*r_uc -> 111 | C55: =SUMIFS(dp_uc,dp_geo,C$52)*r_uc -> 2843 | D55: =SUMIFS(dp_uc,dp_geo,D$52)*r_uc -> 651 | E55: =SUMIFS(dp_uc,dp_geo,E$52)*r_uc -> 106 | F55: =B55+C55+D55+E55 -> 3711 | G55: =B55+C55 -> 2954
A56: Consented: permitted, not started × realisation | B56: =SUMIFS(dp_pns,dp_geo,B$52)*r_pns -> 607.75 | C56: =SUMIFS(dp_pns,dp_geo,C$52)*r_pns -> 2970.75 | D56: =SUMIFS(dp_pns,dp_geo,D$52)*r_pns -> 604.35 | E56: =SUMIFS(dp_pns,dp_geo,E$52)*r_pns -> 68.85 | F56: =B56+C56+D56+E56 -> 4251.7 | G56: =B56+C56 -> 3578.5
A57: Consented: stalled × realisation | B57: =SUMIFS(dp_stl,dp_geo,B$52)*r_stl -> 0 | C57: =SUMIFS(dp_stl,dp_geo,C$52)*r_stl -> 15.5 | D57: =SUMIFS(dp_stl,dp_geo,D$52)*r_stl -> 62.5 | E57: =SUMIFS(dp_stl,dp_geo,E$52)*r_stl -> 0 | F57: =B57+C57+D57+E57 -> 78 | G57: =B57+C57 -> 15.5
A58: Less: student (PBSA) units not counted | B58: =-(1-pbsa)*SUMIFS(dm_units,dm_geo,B$52,dm_tenure,"Student (PBSA)",dm_live,1) -> 0 | C58: =-(1-pbsa)*SUMIFS(dm_units,dm_geo,C$52,dm_tenure,"Student (PBSA)",dm_live,1) -> 0 | D58: =-(1-pbsa)*SUMIFS(dm_units,dm_geo,D$52,dm_tenure,"Student (PBSA)",dm_live,1) -> 0 | E58: =-(1-pbsa)*SUMIFS(dm_units,dm_geo,E$52,dm_tenure,"Student (PBSA)",dm_live,1) -> 0 | F58: =B58+C58+D58+E58 -> 0 | G58: =B58+C58 -> 0
A59: Council audit land, no consent × realisation (register capacity) | B59: =SUMIFS(dp_unc,dp_geo,B$52,dp_grp,"Audit")*r_unc -> 2310.7 | C59: =SUMIFS(dp_unc,dp_geo,C$52,dp_grp,"Audit")*r_unc -> 4789.4 | D59: =SUMIFS(dp_unc,dp_geo,D$52,dp_grp,"Audit")*r_unc -> 0 | E59: =SUMIFS(dp_unc,dp_geo,E$52,dp_grp,"Audit")*r_unc -> 0 | F59: =B59+C59+D59+E59 -> 7100.1 | G59: =B59+C59 -> 7100.1
A60: Density uplift on audit land × realisation | B60: =MAX(0,cc_dph_inc*SUMIFS(dp_uarea,dp_geo,B$52,dp_grp,"Audit")-SUMIFS(dp_unc,dp_geo,B$52,dp_grp,"Audit"))*r_unc -> 2996.5382 | C60: =MAX(0,roc_dph_inc*SUMIFS(dp_uarea,dp_geo,C$52,dp_grp,"Audit")-SUMIFS(dp_unc,dp_geo,C$52,dp_grp,"Audit"))*r_unc -> 0 | D60: 0 | E60: 0 | F60: =B60+C60+D60+E60 -> 2996.5382 | G60: =B60+C60 -> 2996.5382
A61: Zoned land, no consent × realisation (register estimate) | B61: =SUMIFS(dp_unc,dp_geo,B$52,dp_grp,"Zoned")*r_zon -> 0 | C61: =SUMIFS(dp_unc,dp_geo,C$52,dp_grp,"Zoned")*r_zon -> 28.2 | D61: =SUMIFS(dp_unc,dp_geo,D$52,dp_grp,"Zoned")*r_zon -> 1837.8 | E61: =SUMIFS(dp_unc,dp_geo,E$52,dp_grp,"Zoned")*r_zon -> 238.2 | F61: =B61+C61+D61+E61 -> 2104.2 | G61: =B61+C61 -> 28.2
A62: Density uplift on zoned land × realisation | B62: =MAX(0,cc_dph_inc*SUMIFS(dp_uarea,dp_geo,B$52,dp_grp,"Zoned")-SUMIFS(dp_unc,dp_geo,B$52,dp_grp,"Zoned"))*r_zon -> 0 | C62: =MAX(0,roc_dph_inc*SUMIFS(dp_uarea,dp_geo,C$52,dp_grp,"Zoned")-SUMIFS(dp_unc,dp_geo,C$52,dp_grp,"Zoned"))*r_zon -> 0 | D62: 0 | E62: 0 | F62: =B62+C62+D62+E62 -> 0 | G62: =B62+C62 -> 0
A63: Deliverable from the register by 2040 | B63: =SUM(B55:B62) -> 6025.9882 | C63: =SUM(C55:C62) -> 10646.85 | D63: =SUM(D55:D62) -> 3155.65 | E63: =SUM(E55:E62) -> 413.05 | F63: =B63+C63+D63+E63 -> 20241.538 | G63: =B63+C63 -> 16672.838
A64: Surplus / (shortfall) against fair share | B64: =B63-B54 -> -950.38684 | C64: =C63-C54 -> -10282.275 | D64: =D63-D54 -> -6411.95 | E64: =E63-E54 -> -1978.85 | F64: =B64+C64+D64+E64 -> -19623.462 | G64: =B64+C64 -> -11232.662
A65: Shortfall to fill with new zoning (homes) | B65: =MAX(0,-B64) -> 950.38684 | C65: =MAX(0,-C64) -> 10282.275 | D65: =set_gap -> 6411.95 | E65: =MAX(0,-E64) -> 1978.85 | F65: =B65+C65+D65+E65 -> 19623.462 | G65: =B65+C65 -> 11232.662
A66: Memo: surplus where supply exceeds fair share | B66: =MAX(0,B64) -> 0 | C66: =MAX(0,C64) -> 0 | D66: =set_sur -> 0 | E66: =MAX(0,E64) -> 0 | F66: =B66+C66+D66+E66 -> 0 | G66: =B66+C66 -> 0
A67: New zoned capacity needed, after realisation (homes) | B67: =B65/r_new -> 1187.9835 | C67: =C65/r_new -> 12852.844 | D67: =D65/r_new -> 8014.9375 | E67: =E65/r_new -> 2473.5625 | F67: =B67+C67+D67+E67 -> 24529.327 | G67: =B67+C67 -> 14040.827
A68: Density on newly zoned land (homes/ha, net) | B68: =IF(cc_dph_inc>0,cc_dph_inc,IFERROR(SUMIFS(dp_unc,dp_geo,B$52,dp_grp,"Audit")/SUMIFS(dp_uarea,dp_geo,B$52,dp_grp,"Audit"),0)) -> 100 | C68: =IF(roc_dph_inc>0,roc_dph_inc,new_roc) -> 34 | D68: =IF(D69>0,D67/(D69*dev_share),0) -> 23.476982 | E68: =IF(rem_dph_ovr>0,rem_dph_ovr,IF(avg_rem>0,avg_rem,new_cty)) -> 22.581196 | F68: =IF(F69>0,F67/(F69*dev_share),0) -> 29.172372 | G68: =IF(G69>0,G67/(G69*dev_share),0) -> 36.010925
A69: Land to zone (gross hectares) | B69: =IF(B68>0,B67/(B68*dev_share),0) -> 13.054764 | C69: =IF(C68>0,C67/(C68*dev_share),0) -> 415.41189 | D69: =set_ha -> 375.15997 | E69: =IF(E68>0,E67/(E68*dev_share),0) -> 120.37452 | F69: =B69+C69+D69+E69 -> 924.00114 | G69: =B69+C69 -> 428.46665
A70: Share of all new land | B70: =IF($F69>0,B69/$F69,0) -> 0.014128515 | C70: =IF($F69>0,C69/$F69,0) -> 0.44957941 | D70: =IF($F69>0,D69/$F69,0) -> 0.40601678 | E70: =IF($F69>0,E69/$F69,0) -> 0.13027529 | F70: =IF($F69>0,F69/$F69,0) -> 1 | G70: =IF($F69>0,G69/$F69,0) -> 0.46370793
A73: D Summary by area: split of future demand, supply and land to zone (selected density scenario)
A74: Area | B74: Share of future demand | C74: Requirement (homes) | D74: Deliverable by 2040 | E74: Shortfall (homes) | F74: Average density on new land (homes/ha) | G74: Land to zone (ha) | H74: Share of new land
A75: City Centre | B75: =IF(dens_inc=1,'5 Land Need'!$B$53,'5 Land Need'!$B$31) -> 0.175 | C75: =IF(dens_inc=1,'5 Land Need'!$B$54,'5 Land Need'!$B$32) -> 6976.375 | D75: =IF(dens_inc=1,'5 Land Need'!$B$63,'5 Land Need'!$B$41) -> 3029.45 | E75: =IF(dens_inc=1,'5 Land Need'!$B$65,'5 Land Need'!$B$43) -> 3946.925 | F75: =IF(dens_inc=1,'5 Land Need'!$B$68,'5 Land Need'!$B$46) -> 43.538653 | G75: =IF(dens_inc=1,'5 Land Need'!$B$69,'5 Land Need'!$B$47) -> 124.52384 | H75: =IF(dens_inc=1,'5 Land Need'!$B$70,'5 Land Need'!$B$48) -> 0.12025825
A76: Rest of City | B76: =IF(dens_inc=1,'5 Land Need'!$C$53,'5 Land Need'!$C$31) -> 0.525 | C76: =IF(dens_inc=1,'5 Land Need'!$C$54,'5 Land Need'!$C$32) -> 20929.125 | D76: =IF(dens_inc=1,'5 Land Need'!$C$63,'5 Land Need'!$C$41) -> 10646.85 | E76: =IF(dens_inc=1,'5 Land Need'!$C$65,'5 Land Need'!$C$43) -> 10282.275 | F76: =IF(dens_inc=1,'5 Land Need'!$C$68,'5 Land Need'!$C$46) -> 34 | G76: =IF(dens_inc=1,'5 Land Need'!$C$69,'5 Land Need'!$C$47) -> 415.41189 | H76: =IF(dens_inc=1,'5 Land Need'!$C$70,'5 Land Need'!$C$48) -> 0.40118188
A77: Settlements | B77: =IF(dens_inc=1,'5 Land Need'!$D$53,'5 Land Need'!$D$31) -> 0.24 | C77: =IF(dens_inc=1,'5 Land Need'!$D$54,'5 Land Need'!$D$32) -> 9567.6 | D77: =IF(dens_inc=1,'5 Land Need'!$D$63,'5 Land Need'!$D$41) -> 3155.65 | E77: =IF(dens_inc=1,'5 Land Need'!$D$65,'5 Land Need'!$D$43) -> 6411.95 | F77: =IF(dens_inc=1,'5 Land Need'!$D$68,'5 Land Need'!$D$46) -> 23.476982 | G77: =IF(dens_inc=1,'5 Land Need'!$D$69,'5 Land Need'!$D$47) -> 375.15997 | H77: =IF(dens_inc=1,'5 Land Need'!$D$70,'5 Land Need'!$D$48) -> 0.3623088
A78: Remainder of County | B78: =IF(dens_inc=1,'5 Land Need'!$E$53,'5 Land Need'!$E$31) -> 0.06 | C78: =IF(dens_inc=1,'5 Land Need'!$E$54,'5 Land Need'!$E$32) -> 2391.9 | D78: =IF(dens_inc=1,'5 Land Need'!$E$63,'5 Land Need'!$E$41) -> 413.05 | E78: =IF(dens_inc=1,'5 Land Need'!$E$65,'5 Land Need'!$E$43) -> 1978.85 | F78: =IF(dens_inc=1,'5 Land Need'!$E$68,'5 Land Need'!$E$46) -> 22.581196 | G78: =IF(dens_inc=1,'5 Land Need'!$E$69,'5 Land Need'!$E$47) -> 120.37452 | H78: =IF(dens_inc=1,'5 Land Need'!$E$70,'5 Land Need'!$E$48) -> 0.11625107
A79: Total | B79: =IF(dens_inc=1,'5 Land Need'!$F$53,'5 Land Need'!$F$31) -> 1 | C79: =IF(dens_inc=1,'5 Land Need'!$F$54,'5 Land Need'!$F$32) -> 39865 | D79: =IF(dens_inc=1,'5 Land Need'!$F$63,'5 Land Need'!$F$41) -> 17245 | E79: =IF(dens_inc=1,'5 Land Need'!$F$65,'5 Land Need'!$F$43) -> 22620 | F79: =IF(dens_inc=1,'5 Land Need'!$F$68,'5 Land Need'!$F$46) -> 30.007071 | G79: =IF(dens_inc=1,'5 Land Need'!$F$69,'5 Land Need'!$F$47) -> 1035.4702 | H79: =IF(dens_inc=1,'5 Land Need'!$F$70,'5 Land Need'!$F$48) -> 1
A80: Change the split (city / settlements / remainder), the City Centre share of the city and the density overrides on Inputs. Settlement-level detail, with an optional override of each settlement's share, is on 3b Study Areas.
A83: E City Centre: density ladder (what each density does to the shortfall and to land to zone)
A84: City Centre net density on unconsented and new land (homes/ha) | B84: Homes from unconsented audit land | C84: Deliverable from register, City Centre | D84: Shortfall vs City Centre fair share | E84: New City Centre land to zone (ha) | F84: Homes gained vs current density
A85: ='5 Land Need'!$B$46 -> 43.538653 | B85: =MAX(SUMIFS(dp_unc,dp_geo,"City Centre",dp_grp,"Audit"),A85*SUMIFS(dp_uarea,dp_geo,"City Centre",dp_grp,"Audit"))*r_unc -> 2310.7 | C85: ='5 Land Need'!$B$33+'5 Land Need'!$B$34+'5 Land Need'!$B$35+'5 Land Need'!$B$36+B85+'5 Land Need'!$B$39 -> 3029.45 | D85: =MAX(0,'5 Land Need'!$B$32-C85) -> 3946.925 | E85: =IF(A85>0,D85/r_new/(A85*dev_share),0) -> 124.52384 | F85: =B85-$B$85 -> 0 | G85: ← current effective density in the register
A86: 50 | B86: =MAX(SUMIFS(dp_unc,dp_geo,"City Centre",dp_grp,"Audit"),A86*SUMIFS(dp_uarea,dp_geo,"City Centre",dp_grp,"Audit"))*r_unc -> 2653.6191 | C86: ='5 Land Need'!$B$33+'5 Land Need'!$B$34+'5 Land Need'!$B$35+'5 Land Need'!$B$36+B86+'5 Land Need'!$B$39 -> 3372.3691 | D86: =MAX(0,'5 Land Need'!$B$32-C86) -> 3604.0059 | E86: =IF(A86>0,D86/r_new/(A86*dev_share),0) -> 99.011152 | F86: =B86-$B$85 -> 342.91908
A87: 75 | B87: =MAX(SUMIFS(dp_unc,dp_geo,"City Centre",dp_grp,"Audit"),A87*SUMIFS(dp_uarea,dp_geo,"City Centre",dp_grp,"Audit"))*r_unc -> 3980.4286 | C87: ='5 Land Need'!$B$33+'5 Land Need'!$B$34+'5 Land Need'!$B$35+'5 Land Need'!$B$36+B87+'5 Land Need'!$B$39 -> 4699.1786 | D87: =MAX(0,'5 Land Need'!$B$32-C87) -> 2277.1964 | E87: =IF(A87>0,D87/r_new/(A87*dev_share),0) -> 41.706893 | F87: =B87-$B$85 -> 1669.7286
A88: 100 | B88: =MAX(SUMIFS(dp_unc,dp_geo,"City Centre",dp_grp,"Audit"),A88*SUMIFS(dp_uarea,dp_geo,"City Centre",dp_grp,"Audit"))*r_unc -> 5307.2382 | C88: ='5 Land Need'!$B$33+'5 Land Need'!$B$34+'5 Land Need'!$B$35+'5 Land Need'!$B$36+B88+'5 Land Need'!$B$39 -> 6025.9882 | D88: =MAX(0,'5 Land Need'!$B$32-C88) -> 950.38684 | E88: =IF(A88>0,D88/r_new/(A88*dev_share),0) -> 13.054764 | F88: =B88-$B$85 -> 2996.5382
A89: 125 | B89: =MAX(SUMIFS(dp_unc,dp_geo,"City Centre",dp_grp,"Audit"),A89*SUMIFS(dp_uarea,dp_geo,"City Centre",dp_grp,"Audit"))*r_unc -> 6634.0477 | C89: ='5 Land Need'!$B$33+'5 Land Need'!$B$34+'5 Land Need'!$B$35+'5 Land Need'!$B$36+B89+'5 Land Need'!$B$39 -> 7352.7977 | D89: =MAX(0,'5 Land Need'!$B$32-C89) -> 0 | E89: =IF(A89>0,D89/r_new/(A89*dev_share),0) -> 0 | F89: =B89-$B$85 -> 4323.3477
A90: 150 | B90: =MAX(SUMIFS(dp_unc,dp_geo,"City Centre",dp_grp,"Audit"),A90*SUMIFS(dp_uarea,dp_geo,"City Centre",dp_grp,"Audit"))*r_unc -> 7960.8572 | C90: ='5 Land Need'!$B$33+'5 Land Need'!$B$34+'5 Land Need'!$B$35+'5 Land Need'!$B$36+B90+'5 Land Need'!$B$39 -> 8679.6072 | D90: =MAX(0,'5 Land Need'!$B$32-C90) -> 0 | E90: =IF(A90>0,D90/r_new/(A90*dev_share),0) -> 0 | F90: =B90-$B$85 -> 5650.1572
A91: 200 | B91: =MAX(SUMIFS(dp_unc,dp_geo,"City Centre",dp_grp,"Audit"),A91*SUMIFS(dp_uarea,dp_geo,"City Centre",dp_grp,"Audit"))*r_unc -> 10614.476 | C91: ='5 Land Need'!$B$33+'5 Land Need'!$B$34+'5 Land Need'!$B$35+'5 Land Need'!$B$36+B91+'5 Land Need'!$B$39 -> 11333.226 | D91: =MAX(0,'5 Land Need'!$B$32-C91) -> 0 | E91: =IF(A91>0,D91/r_new/(A91*dev_share),0) -> 0 | F91: =B91-$B$85 -> 8303.7763
A93: Each row applies the density in column A to unconsented City Centre audit land and to any new City Centre zoning. The first row is the register as it stands.
A96: F Tenure and unit mix of the homes still to be found (selected density scenario, planned tenure from 1 Demand)
A97: Homes 2026–40 | B97: Social | C97: Affordable | D97: Private market (PRS + buyers) | E97: Total
A98: Plan target by tenure | B98: =d_soc -> 8362.4858 | C98: =d_aff -> 5018.6324 | D98: =d_prs+d_buy -> 26482.882 | E98: =SUM(B98:D98) -> 39864
A99: Net of completions to date and outside supply | B99: =B98*IF(dens_inc=1,'5 Land Need'!$F$54,'5 Land Need'!$F$32)/target_total -> 8362.4858 | C99: =C98*IF(dens_inc=1,'5 Land Need'!$F$54,'5 Land Need'!$F$32)/target_total -> 5018.6324 | D99: =D98*IF(dens_inc=1,'5 Land Need'!$F$54,'5 Land Need'!$F$32)/target_total -> 26482.882 | E99: =SUM(B99:D99) -> 39864
A100: Already consented and not yet built (before realisation) | B100: =SUMIFS(dm_units,dm_tenure,"Social",dm_live,1) -> 859 | C100: =SUMIFS(dm_units,dm_tenure,"Affordable / cost rental",dm_live,1) -> 316 | D100: =SUMIFS(dm_units,dm_tenure,"Market (incl. Part V)",dm_live,1)+pbsa*SUMIFS(dm_units,dm_tenure,"Student (PBSA)",dm_live,1) -> 7694 | E100: =SUM(B100:D100) -> 8869
A101: Still to find by tenure (floored at zero) | B101: =MAX(0,B99-B100) -> 7503.4858 | C101: =MAX(0,C99-C100) -> 4702.6324 | D101: =MAX(0,D99-D100) -> 18788.882 | E101: =SUM(B101:D101) -> 30995
A102: Share of what is still to find | B102: =IF($E101>0,B101/$E101,0) -> 0.24208697 | C102: =IF($E101>0,C101/$E101,0) -> 0.15172229 | D102: =IF($E101>0,D101/$E101,0) -> 0.60619073 | E102: =IF($E101>0,E101/$E101,0) -> 1
A103: Homes to come from land with no consent today (audit, zoned, new) | B103: =MAX(0,IF(dens_inc=1,'5 Land Need'!$F$54,'5 Land Need'!$F$32)-(IF(dens_inc=1,'5 Land Need'!$F$55,'5 Land Need'!$F$33)+IF(dens_inc=1,'5 Land Need'!$F$56,'5 Land Need'!$F$34)+IF(dens_inc=1,'5 Land Need'!$F$57,'5 Land Need'!$F$35)+IF(dens_inc=1,'5 Land Need'!$F$58,'5 Land Need'!$F$36)))*B102 -> 7704.2485 | C103: =MAX(0,IF(dens_inc=1,'5 Land Need'!$F$54,'5 Land Need'!$F$32)-(IF(dens_inc=1,'5 Land Need'!$F$55,'5 Land Need'!$F$33)+IF(dens_inc=1,'5 Land Need'!$F$56,'5 Land Need'!$F$34)+IF(dens_inc=1,'5 Land Need'!$F$57,'5 Land Need'!$F$35)+IF(dens_inc=1,'5 Land Need'!$F$58,'5 Land Need'!$F$36)))*C102 -> 4828.4557 | D103: =MAX(0,IF(dens_inc=1,'5 Land Need'!$F$54,'5 Land Need'!$F$32)-(IF(dens_inc=1,'5 Land Need'!$F$55,'5 Land Need'!$F$33)+IF(dens_inc=1,'5 Land Need'!$F$56,'5 Land Need'!$F$34)+IF(dens_inc=1,'5 Land Need'!$F$57,'5 Land Need'!$F$35)+IF(dens_inc=1,'5 Land Need'!$F$58,'5 Land Need'!$F$36)))*D102 -> 19291.596 | E103: =SUM(B103:D103) -> 31824.3
A104: of which on newly zoned land | B104: =IF(dens_inc=1,'5 Land Need'!$F$65,'5 Land Need'!$F$43)*B102 -> 5476.0074 | C104: =IF(dens_inc=1,'5 Land Need'!$F$65,'5 Land Need'!$F$43)*C102 -> 3431.9582 | D104: =IF(dens_inc=1,'5 Land Need'!$F$65,'5 Land Need'!$F$43)*D102 -> 13712.034 | E104: =SUM(B104:D104) -> 22620
A105: land to zone (ha) | B105: =IF(dens_inc=1,'5 Land Need'!$F$69,'5 Land Need'!$F$47)*B102 -> 250.67385 | C105: =IF(dens_inc=1,'5 Land Need'!$F$69,'5 Land Need'!$F$47)*C102 -> 157.10391 | D105: =IF(dens_inc=1,'5 Land Need'!$F$69,'5 Land Need'!$F$47)*D102 -> 627.69245 | E105: =SUM(B105:D105) -> 1035.4702
A106: Tenure of the consented pipeline comes from the register permissions. Land has no tenure until it is permitted, so the homes still to find are split in proportion to what each tenure still lacks after the pipeline. Private market keeps PRS and buyers together because the register records market homes only as "Market (incl. Part V)".
A108: Newly zoned homes by size | B108: 1 bed / 1p | C108: 2 bed / 2p | D108: 3 bed / 3p | E108: 4+ bed | F108: Total
A109: Social | B109: =$B$104*mix_Social1 -> 3031.8433 | C109: =$B$104*mix_Social2 -> 1003.0002 | D109: =$B$104*mix_Social3 -> 994.69379 | E109: =$B$104*mix_Social4 -> 446.47007 | F109: =SUM(B109:E109) -> 5476.0074
A110: Affordable | B110: =$C$104*mix_Affordable1 -> 827.87622 | C110: =$C$104*mix_Affordable2 -> 1064.8249 | D110: =$C$104*mix_Affordable3 -> 641.84744 | E110: =$C$104*mix_Affordable4 -> 897.40969 | F110: =SUM(B110:E110) -> 3431.9582
A111: Private market (PRS + buyers) | B111: =$D$104*(d_prs*mix_Privaterented1+d_buy*mix_Buyers1)/(d_prs+d_buy) -> 3307.6939 | C111: =$D$104*(d_prs*mix_Privaterented2+d_buy*mix_Buyers2)/(d_prs+d_buy) -> 4254.3978 | D111: =$D$104*(d_prs*mix_Privaterented3+d_buy*mix_Buyers3)/(d_prs+d_buy) -> 2564.4351 | E111: =$D$104*(d_prs*mix_Privaterented4+d_buy*mix_Buyers4)/(d_prs+d_buy) -> 3585.5077 | F111: =SUM(B111:E111) -> 13712.034
A112: Total | B112: =SUM(B109:B111) -> 7167.4134 | C112: =SUM(C109:C111) -> 6322.2229 | D112: =SUM(D109:D111) -> 4200.9763 | E112: =SUM(E109:E111) -> 4929.3874 | F112: =SUM(F109:F111) -> 22620
A113: Share of newly zoned homes | B113: =IF($F112>0,B112/$F112,0) -> 0.31686178 | C113: =IF($F112>0,C112/$F112,0) -> 0.27949703 | D113: =IF($F112>0,D112/$F112,0) -> 0.18571955 | E113: =IF($F112>0,E112/$F112,0) -> 0.21792164

Sheet Data_Parcels
A1: id | B1: src | C1: scope | D1: nbhd | E1: lname | F1: zoning | G1: stype | H1: band | I1: area | J1: mapped | K1: cap | L1: capbasis | M1: plan | N1: tier | O1: dphreg | P1: rzlt | Q1: regstat | R1: comp | S1: uc | T1: pns | U1: stl | V1: exp | W1: inpl | X1: cons | Y1: unc | Z1: tot | AA1: fut | AB1: e26 | AC1: e27 | AD1: e28 | AE1: e29 | AF1: e30 | AG1: e31 | AH1: pstat | AI1: flag | AJ1: geodnew | AK1: catch | AL1: ctype | AM1: cshare | AN1: cbasis | AO1: geo | AP1: grp | AQ1: uarea
A2: CITY-1 | B2: Council audit | C2: City | D2: Caherdavin | E2: Northside | F2: New Resi | G2: Greenfield | H2: 35+ | I2: 2.408 | J2: 2.4 | K2: 165 | L2: Council estimate (area × density band) | Q2: Permission Granted | R2: 0 | S2: 0 | T2: 165 | U2: 0 | V2: 0 | W2: 0 | X2: 165 | Y2: 0 | Z2: 165 | AA2: 165 | AB2: 0 | AC2: 0 | AD2: 34.9 | AE2: 72.3 | AF2: 57.8 | AG2: 0 | AH2: Consented – not built | AJ2: 0 | AK2: Caherdavin | AL2: City neighbourhood | AM2: 1 | AN2: Inside catchment | AO2: =IF(C2="County",IF(AL2="Rest of county","Remainder of County","Settlements"),IF(D2="City Centre","City Centre","Rest of City")) -> Rest of City | AP2: =IF(LEFT(B2,13)="Council audit","Audit",IF(LEFT(B2,8)="Planning","Consent","Zoned")) -> Audit | AQ2: =IF(N(K2)>0,I2*Y2/K2,0) -> 0
A3: CITY-3 | B3: Council audit | C3: City | D3: Caherdavin | E3: Northside | F3: New Resi | G3: Brownfield | H3: 45+ | I3: 2.013 | J3: 2.012 | K3: 343 | L3: Council estimate (area × density band) | Q3: Permission Granted | R3: 65 | S3: 167 | T3: 0 | U3: 0 | V3: 0 | W3: 0 | X3: 232 | Y3: 111 | Z3: 343 | AA3: 278 | AB3: 17.4 | AC3: 74.9 | AD3: 74.6 | AE3: 0 | AF3: 0 | AG3: 0.1 | AH3: Partly built | AJ3: 95 | AK3: Caherdavin | AL3: City neighbourhood | AM3: 1 | AN3: Inside catchment | AO3: =IF(C3="County",IF(AL3="Rest of county","Remainder of County","Settlements"),IF(D3="City Centre","City Centre","Rest of City")) -> Rest of City | AP3: =IF(LEFT(B3,13)="Council audit","Audit",IF(LEFT(B3,8)="Planning","Consent","Zoned")) -> Audit | AQ3: =IF(N(K3)>0,I3*Y3/K3,0) -> 0.65143732
A4: CITY-5 | B4: Council audit | C4: City | D4: Caherdavin | E4: Northside | F4: New Resi | G4: Greenfield | H4: 35+ | I4: 2.729 | J4: 2.729 | K4: 99 | L4: Council estimate (area × density band) | Q4: Permission Granted | R4: 0 | S4: 99 | T4: 0 | U4: 0 | V4: 0 | W4: 0 | X4: 99 | Y4: 0 | Z4: 99 | AA4: 99 | AB4: 13 | AC4: 55.8 | AD4: 30.2 | AE4: 0 | AF4: 0 | AG4: 0 | AH4: Consented – not built | AJ4: 0 | AK4: Caherdavin | AL4: City neighbourhood | AM4: 1 | AN4: Inside catchment | AO4: =IF(C4="County",IF(AL4="Rest of county","Remainder of County","Settlements"),IF(D4="City Centre","City Centre","Rest of City")) -> Rest of City | AP4: =IF(LEFT(B4,13)="Council audit","Audit",IF(LEFT(B4,8)="Planning","Consent","Zoned")) -> Audit | AQ4: =IF(N(K4)>0,I4*Y4/K4,0) -> 0
A5: CITY-6 | B5: Council audit | C5: City | D5: Caherdavin | E5: Northside | F5: Local Centre | G5: Greenfield | H5: 35+ | I5: 0.162 | J5: 0.651 | K5: 12 | L5: Council estimate (area × density band) | Q5: Permission Granted | R5: 0 | S5: 0 | T5: 12 | U5: 0 | V5: 0 | W5: 0 | X5: 12 | Y5: 0 | Z5: 12 | AA5: 12 | AB5: 0 | AC5: 0 | AD5: 7 | AE5: 5 | AF5: 0 | AG5: 0 | AH5: Consented – not built | AJ5: 0 | AK5: Caherdavin | AL5: City neighbourhood | AM5: 1 | AN5: Inside catchment | AO5: =IF(C5="County",IF(AL5="Rest of county","Remainder of County","Settlements"),IF(D5="City Centre","City Centre","Rest of City")) -> Rest of City | AP5: =IF(LEFT(B5,13)="Council audit","Audit",IF(LEFT(B5,8)="Planning","Consent","Zoned")) -> Audit | AQ5: =IF(N(K5)>0,I5*Y5/K5,0) -> 0
A6: CITY-7 | B6: Council audit | C6: City | D6: Caherdavin | E6: Northside | F6: New Resi | G6: Greenfield | H6: 35+ | I6: 11.8 | J6: 11.8 | K6: 413 | L6: Council estimate (area × density band) | Q6: Permission Granted | R6: 0 | S6: 0 | T6: 251 | U6: 0 | V6: 0 | W6: 0 | X6: 251 | Y6: 162 | Z6: 413 | AA6: 413 | AB6: 0 | AC6: 0 | AD6: 71 | AE6: 137.4 | AF6: 42.6 | AG6: 0 | AH6: Consented – not built | AJ6: 0 | AK6: Caherdavin | AL6: City neighbourhood | AM6: 1 | AN6: Inside catchment | AO6: =IF(C6="County",IF(AL6="Rest of county","Remainder of County","Settlements"),IF(D6="City Centre","City Centre","Rest of City")) -> Rest of City | AP6: =IF(LEFT(B6,13)="Council audit","Audit",IF(LEFT(B6,8)="Planning","Consent","Zoned")) -> Audit | AQ6: =IF(N(K6)>0,I6*Y6/K6,0) -> 4.6285714
A7: CITY-8 | B7: Council audit | C7: City | D7: Caherdavin | E7: Northside | F7: New Resi | G7: Greenfield | H7: 35+ | I7: 2.772 | J7: 2.771 | K7: 97 | L7: Council estimate (area × density band) | Q7: Permission Granted | R7: 0 | S7: 0 | T7: 86 | U7: 0 | V7: 0 | W7: 0 | X7: 86 | Y7: 11 | Z7: 97 | AA7: 97 | AB7: 0 | AC7: 0 | AD7: 27.2 | AE7: 56.4 | AF7: 2.4 | AG7: 0 | AH7: Consented – not built | AJ7: 0 | AK7: Caherdavin | AL7: City neighbourhood | AM7: 1 | AN7: Inside catchment | AO7: =IF(C7="County",IF(AL7="Rest of county","Remainder of County","Settlements"),IF(D7="City Centre","City Centre","Rest of City")) -> Rest of City | AP7: =IF(LEFT(B7,13)="Council audit","Audit",IF(LEFT(B7,8)="Planning","Consent","Zoned")) -> Audit | AQ7: =IF(N(K7)>0,I7*Y7/K7,0) -> 0.31435052
A8: CITY-9 | B8: Council audit | C8: City | D8: Caherdavin | E8: Northside | F8: Exist Resi | G8: Infill | H8: 45+ | I8: 1.07 | J8: 1.071 | K8: 48 | L8: Council estimate (area × density band) | Q8: Undeveloped/Permission Sought | R8: 0 | S8: 0 | T8: 0 | U8: 0 | V8: 0 | W8: 0 | X8: 0 | Y8: 48 | Z8: 48 | AA8: 48 | AB8: 0 | AC8: 0 | AD8: 0 | AE8: 0 | AF8: 0 | AG8: 0 | AH8: No consent | AJ8: 0 | AK8: Caherdavin | AL8: City neighbourhood | AM8: 1 | AN8: Inside catchment | AO8: =IF(C8="County",IF(AL8="Rest of county","Remainder of County","Settlements"),IF(D8="City Centre","City Centre","Rest of City")) -> Rest of City | AP8: =IF(LEFT(B8,13)="Council audit","Audit",IF(LEFT(B8,8)="Planning","Consent","Zoned")) -> Audit | AQ8: =IF(N(K8)>0,I8*Y8/K8,0) -> 1.07
A9: CITY-10 | B9: Council audit | C9: City | D9: Caherdavin | E9: Northside | F9: Exist Resi | G9: Infill | H9: 45+ | I9: 1.991 | J9: 1.991 | K9: 90 | L9: Council estimate (area × density band) | Q9: Undeveloped/Permission Sought | R9: 0 | S9: 0 | T9: 0 | U9: 0 | V9: 0 | W9: 0 | X9: 0 | Y9: 90 | Z9: 90 | AA9: 90 | AB9: 0 | AC9: 0 | AD9: 0 | AE9: 0 | AF9: 0 | AG9: 0 | AH9: No consent | AJ9: 0 | AK9: Caherdavin | AL9: City neighbourhood | AM9: 1 | AN9: Inside catchment | AO9: =IF(C9="County",IF(AL9="Rest of county","Remainder of County","Settlements"),IF(D9="City Centre","City Centre","Rest of City")) -> Rest of City | AP9: =IF(LEFT(B9,13)="Council audit","Audit",IF(LEFT(B9,8)="Planning","Consent","Zoned")) -> Audit | AQ9: =IF(N(K9)>0,I9*Y9/K9,0) -> 1.991
A10: CITY-12 | B10: Council audit | C10: City | D10: Caherdavin | E10: Northside | F10: Mixed Use | G10: Greenfield | H10: 6.207 in 45+ 3.224 in 35+ | I10: 9.431 | J10: 9.427 | K10: 73 | L10: Council estimate (area × density band) | Q10: Permission Granted | R10: 0 | S10: 115 | T10: 0 | U10: 0 | V10: 0 | W10: 0 | X10: 115 | Y10: 0 | Z10: 115 | AA10: 115 | AB10: 0 | AC10: 51.6 | AD10: 63.4 | AE10: 0 | AF10: 0 | AG10: 0 | AH10: Consented – not built | AI10: Consented above capacity | AJ10: 0 | AK10: Caherdavin | AL10: City neighbourhood | AM10: 1 | AN10: Inside catchment | AO10: =IF(C10="County",IF(AL10="Rest of county","Remainder of County","Settlements"),IF(D10="City Centre","City Centre","Rest of City")) -> Rest of City | AP10: =IF(LEFT(B10,13)="Council audit","Audit",IF(LEFT(B10,8)="Planning","Consent","Zoned")) -> Audit | AQ10: =IF(N(K10)>0,I10*Y10/K10,0) -> 0
A11: CITY-13 | B11: Council audit | C11: City | D11: Caherdavin | E11: Northside | F11: Exist Resi | G11: Infill | H11: 45+ | I11: 0.899 | J11: 0.899 | K11: 40 | L11: Council estimate (area × density band) | Q11: Undeveloped/Permission Sought | R11: 0 | S11: 0 | T11: 0 | U11: 0 | V11: 0 | W11: 0 | X11: 0 | Y11: 40 | Z11: 40 | AA11: 40 | AB11: 0 | AC11: 0 | AD11: 0 | AE11: 0 | AF11: 0 | AG11: 0 | AH11: No consent | AJ11: 0 | AK11: Caherdavin | AL11: City neighbourhood | AM11: 1 | AN11: Inside catchment | AO11: =IF(C11="County",IF(AL11="Rest of county","Remainder of County","Settlements"),IF(D11="City Centre","City Centre","Rest of City")) -> Rest of City | AP11: =IF(LEFT(B11,13)="Council audit","Audit",IF(LEFT(B11,8)="Planning","Consent","Zoned")) -> Audit | AQ11: =IF(N(K11)>0,I11*Y11/K11,0) -> 0.899
A12: CITY-14 | B12: Council audit | C12: City | D12: Caherdavin | E12: Northside | F12: Exist Resi | G12: Infill | H12: 45+ | I12: 0.654 | J12: 2.014 | K12: 30 | L12: Council estimate (area × density band) | Q12: Complete/Commenced | R12: 0 | S12: 0 | T12: 0 | U12: 0 | V12: 0 | W12: 0 | X12: 0 | Y12: 30 | Z12: 30 | AA12: 30 | AB12: 0 | AC12: 0 | AD12: 0 | AE12: 0 | AF12: 0 | AG12: 0 | AH12: No consent | AJ12: 18 | AK12: Caherdavin | AL12: City neighbourhood | AM12: 1 | AN12: Inside catchment | AO12: =IF(C12="County",IF(AL12="Rest of county","Remainder of County","Settlements"),IF(D12="City Centre","City Centre","Rest of City")) -> Rest of City | AP12: =IF(LEFT(B12,13)="Council audit","Audit",IF(LEFT(B12,8)="Planning","Consent","Zoned")) -> Audit | AQ12: =IF(N(K12)>0,I12*Y12/K12,0) -> 0.654
A13: CITY-15 | B13: Council audit | C13: City | D13: Caherdavin | E13: Northside | F13: New Resi | G13: Infill | H13: 45+ | I13: 3.003 | J13: 3.003 | K13: 135 | L13: Council estimate (area × density band) | Q13: Undeveloped/Permission Sought | R13: 0 | S13: 0 | T13: 0 | U13: 0 | V13: 0 | W13: 0 | X13: 0 | Y13: 135 | Z13: 135 | AA13: 135 | AB13: 0 | AC13: 0 | AD13: 0 | AE13: 0 | AF13: 0 | AG13: 0 | AH13: No consent | AJ13: 4 | AK13: Caherdavin | AL13: City neighbourhood | AM13: 1 | AN13: Inside catchment | AO13: =IF(C13="County",IF(AL13="Rest of county","Remainder of County","Settlements"),IF(D13="City Centre","City Centre","Rest of City")) -> Rest of City | AP13: =IF(LEFT(B13,13)="Council audit","Audit",IF(LEFT(B13,8)="Planning","Consent","Zoned")) -> Audit | AQ13: =IF(N(K13)>0,I13*Y13/K13,0) -> 3.003
A14: CITY-16 | B14: Council audit | C14: City | D14: Caherdavin | E14: Northside | F14: Exist Resi | G14: Infill | H14: 45+ | I14: 0.436 | J14: 0.436 | K14: 20 | L14: Council estimate (area × density band) | Q14: Undeveloped/Permission Sought | R14: 0 | S14: 0 | T14: 0 | U14: 0 | V14: 0 | W14: 0 | X14: 0 | Y14: 20 | Z14: 20 | AA14: 20 | AB14: 0 | AC14: 0 | AD14: 0 | AE14: 0 | AF14: 0 | AG14: 0 | AH14: No consent | AJ14: 0 | AK14: Caherdavin | AL14: City neighbourhood | AM14: 1 | AN14: Inside catchment | AO14: =IF(C14="County",IF(AL14="Rest of county","Remainder of County","Settlements"),IF(D14="City Centre","City Centre","Rest of City")) -> Rest of City | AP14: =IF(LEFT(B14,13)="Council audit","Audit",IF(LEFT(B14,8)="Planning","Consent","Zoned")) -> Audit | AQ14: =IF(N(K14)>0,I14*Y14/K14,0) -> 0.436
A15: CITY-20 | B15: Council audit | C15: City | D15: Caherdavin | E15: Northside | F15: Mixed Use | G15: Infill | H15: 45+ | I15: 0.641 | J15: 0.641 | K15: 29 | L15: Council estimate (area × density band) | Q15: Undeveloped/Permission Sought | R15: 0 | S15: 0 | T15: 0 | U15: 0 | V15: 0 | W15: 0 | X15: 0 | Y15: 29 | Z15: 29 | AA15: 29 | AB15: 0 | AC15: 0 | AD15: 0 | AE15: 0 | AF15: 0 | AG15: 0 | AH15: No consent | AJ15: 0 | AK15: Caherdavin | AL15: City neighbourhood | AM15: 1 | AN15: Inside catchment | AO15: =IF(C15="County",IF(AL15="Rest of county","Remainder of County","Settlements"),IF(D15="City Centre","City Centre","Rest of City")) -> Rest of City | AP15: =IF(LEFT(B15,13)="Council audit","Audit",IF(LEFT(B15,8)="Planning","Consent","Zoned")) -> Audit | AQ15: =IF(N(K15)>0,I15*Y15/K15,0) -> 0.641
A16: CITY-21 | B16: Council audit | C16: City | D16: Caherdavin | E16: Northside | F16: New Resi | G16: Brownfield | H16: 45+ | I16: 0.172 | J16: 0.173 | K16: 31 | L16: Council estimate (area × density band) | Q16: Permission Granted | R16: 0 | S16: 0 | T16: 0 | U16: 31 | V16: 0 | W16: 0 | X16: 31 | Y16: 0 | Z16: 31 | AA16: 31 | AB16: 0 | AC16: 0 | AD16: 0 | AE16: 0 | AF16: 0 | AG16: 0 | AH16: Consented – not built | AJ16: 0 | AK16: Caherdavin | AL16: City neighbourhood | AM16: 1 | AN16: Inside catchment | AO16: =IF(C16="County",IF(AL16="Rest of county","Remainder of County","Settlements"),IF(D16="City Centre","City Centre","Rest of City")) -> Rest of City | AP16: =IF(LEFT(B16,13)="Council audit","Audit",IF(LEFT(B16,8)="Planning","Consent","Zoned")) -> Audit | AQ16: =IF(N(K16)>0,I16*Y16/K16,0) -> 0
A17: CITY-22 | B17: Council audit | C17: City | D17: City Centre | E17: Northside | F17: City C | G17: Brownfield | H17: 100+ | I17: 3.919 | J17: 3.918 | K17: 500 | L17: Council estimate (area × density band) | Q17: Undeveloped/Permission Sought | R17: 0 | S17: 0 | T17: 0 | U17: 0 | V17: 0 | W17: 0 | X17: 0 | Y17: 500 | Z17: 500 | AA17: 500 | AB17: 0 | AC17: 0 | AD17: 0 | AE17: 0 | AF17: 0 | AG17: 0 | AH17: No consent | AJ17: 0 | AK17: City Centre | AL17: City neighbourhood | AM17: 1 | AN17: Inside catchment | AO17: =IF(C17="County",IF(AL17="Rest of county","Remainder of County","Settlements"),IF(D17="City Centre","City Centre","Rest of City")) -> City Centre | AP17: =IF(LEFT(B17,13)="Council audit","Audit",IF(LEFT(B17,8)="Planning","Consent","Zoned")) -> Audit | AQ17: =IF(N(K17)>0,I17*Y17/K17,0) -> 3.919
A18: CITY-23 | B18: Council audit | C18: City | D18: City Centre | E18: Northside | F18: New Resi | G18: Infill | H18: 45+ | I18: 0.148 | J18: 0.148 | K18: 7 | L18: Council estimate (area × density band) | Q18: Undeveloped/Permission Sought | R18: 0 | S18: 0 | T18: 0 | U18: 0 | V18: 0 | W18: 0 | X18: 0 | Y18: 7 | Z18: 7 | AA18: 7 | AB18: 0 | AC18: 0 | AD18: 0 | AE18: 0 | AF18: 0 | AG18: 0 | AH18: No consent | AJ18: 0 | AK18: City Centre | AL18: City neighbourhood | AM18: 1 | AN18: Inside catchment | AO18: =IF(C18="County",IF(AL18="Rest of county","Remainder of County","Settlements"),IF(D18="City Centre","City Centre","Rest of City")) -> City Centre | AP18: =IF(LEFT(B18,13)="Council audit","Audit",IF(LEFT(B18,8)="Planning","Consent","Zoned")) -> Audit | AQ18: =IF(N(K18)>0,I18*Y18/K18,0) -> 0.148
A19: CITY-24 | B19: Council audit | C19: City | D19: Caherdavin | E19: Northside | F19: New Resi | G19: Infill | H19: 45+ | I19: 0.249 | J19: 0.249 | K19: 46 | L19: Council estimate (area × density band) | Q19: Permission Granted | R19: 0 | S19: 0 | T19: 46 | U19: 0 | V19: 0 | W19: 0 | X19: 46 | Y19: 0 | Z19: 46 | AA19: 46 | AB19: 0 | AC19: 0 | AD19: 19.4 | AE19: 26.6 | AF19: 0 | AG19: 0 | AH19: Consented – not built | AJ19: 0 | AK19: Caherdavin | AL19: City neighbourhood | AM19: 1 | AN19: Inside catchment | AO19: =IF(C19="County",IF(AL19="Rest of county","Remainder of County","Settlements"),IF(D19="City Centre","City Centre","Rest of City")) -> Rest of City | AP19: =IF(LEFT(B19,13)="Council audit","Audit",IF(LEFT(B19,8)="Planning","Consent","Zoned")) -> Audit | AQ19: =IF(N(K19)>0,I19*Y19/K19,0) -> 0
A20: CITY-25 | B20: Council audit | C20: City | D20: Caherdavin | E20: Northside | F20: Exist Resi | G20: Infill | H20: 45+ | I20: 0.125 | J20: 0.125 | K20: 6 | L20: Council estimate (area × density band) | Q20: Undeveloped/Permission Sought | R20: 0 | S20: 0 | T20: 0 | U20: 0 | V20: 0 | W20: 6 | X20: 0 | Y20: 6 | Z20: 6 | AA20: 6 | AB20: 0 | AC20: 0 | AD20: 0 | AE20: 0 | AF20: 0 | AG20: 0 | AH20: No consent | AJ20: 0 | AK20: Caherdavin | AL20: City neighbourhood | AM20: 1 | AN20: Inside catchment | AO20: =IF(C20="County",IF(AL20="Rest of county","Remainder of County","Settlements"),IF(D20="City Centre","City Centre","Rest of City")) -> Rest of City | AP20: =IF(LEFT(B20,13)="Council audit","Audit",IF(LEFT(B20,8)="Planning","Consent","Zoned")) -> Audit | AQ20: =IF(N(K20)>0,I20*Y20/K20,0) -> 0.125
A21: CITY-26 | B21: Council audit | C21: City | D21: Corbally/Grove Island | E21: Corbally | F21: New Resi | G21: Infill | H21: 35+ | I21: 2.196 | J21: 2.196 | K21: 77 | L21: Council estimate (area × density band) | Q21: Undeveloped/Permission Sought | R21: 0 | S21: 0 | T21: 0 | U21: 0 | V21: 0 | W21: 0 | X21: 0 | Y21: 77 | Z21: 77 | AA21: 77 | AB21: 0 | AC21: 0 | AD21: 0 | AE21: 0 | AF21: 0 | AG21: 0 | AH21: No consent | AJ21: 0 | AK21: Corbally/Grove Island | AL21: City neighbourhood | AM21: 1 | AN21: Inside catchment | AO21: =IF(C21="County",IF(AL21="Rest of county","Remainder of County","Settlements"),IF(D21="City Centre","City Centre","Rest of City")) -> Rest of City | AP21: =IF(LEFT(B21,13)="Council audit","Audit",IF(LEFT(B21,8)="Planning","Consent","Zoned")) -> Audit | AQ21: =IF(N(K21)>0,I21*Y21/K21,0) -> 2.196
A22: CITY-27 | B22: Council audit | C22: City | D22: Corbally/Grove Island | E22: Corbally | F22: New Resi | G22: Infill | H22: 0.08 in 45+ 2.34 in 35+ | I22: 2.326 | J22: 2.326 | K22: 86 | L22: Council estimate (area × density band) | Q22: Undeveloped/Permission Sought | R22: 0 | S22: 0 | T22: 0 | U22: 0 | V22: 0 | W22: 0 | X22: 0 | Y22: 86 | Z22: 86 | AA22: 86 | AB22: 0 | AC22: 0 | AD22: 0 | AE22: 0 | AF22: 0 | AG22: 0 | AH22: No consent | AJ22: 0 | AK22: Corbally/Grove Island | AL22: City neighbourhood | AM22: 1 | AN22: Inside catchment | AO22: =IF(C22="County",IF(AL22="Rest of county","Remainder of County","Settlements"),IF(D22="City Centre","City Centre","Rest of City")) -> Rest of City | AP22: =IF(LEFT(B22,13)="Council audit","Audit",IF(LEFT(B22,8)="Planning","Consent","Zoned")) -> Audit | AQ22: =IF(N(K22)>0,I22*Y22/K22,0) -> 2.326
... A24: CITY-29 | B24: Council audit | C24: City | D24: Corbally/Grove Island | E24: Corbally | F24: New Resi | G24: Infill | H24: 45+ | I24: 1.889 | J24: 1.888 | K24: 85 | L24: Council estimate (area × density band) | Q24: Undeveloped/Permission Sought | R24: 0 | S24: 0 | T24: 0 | U24: 0 | V24: 0 | W24: 0 | X24: 0 | Y24: 85 | Z24: 85 | AA24: 85 | AB24: 0 | AC24: 0 | AD24: 0 | AE24: 0 | AF24: 0 | AG24: 0 | AH24: No consent | AJ24: 0 | AK24: Corbally/Grove Island | AL24: City neighbourhood | AM24: 1 | AN24: Inside catchment | AO24: =IF(C24="County",IF(AL24="Rest of county","Remainder of County","Settlements"),IF(D24="City Centre","City Centre","Rest of City")) -> Rest of City | AP24: =IF(LEFT(B24,13)="Council audit","Audit",IF(LEFT(B24,8)="Planning","Consent","Zoned")) -> Audit | AQ24: =IF(N(K24)>0,I24*Y24/K24,0) -> 1.889
A25: CITY-30 | B25: Council audit | C25: City | D25: Corbally/Grove Island | E25: Corbally | F25: New Resi | G25: Infill | H25: 45+ | I25: 0.476 | J25: 0.475 | K25: 21 | L25: Council estimate (area × density band) | Q25: Undeveloped/Permission Sought | R25: 0 | S25: 0 | T25: 25 | U25: 0 | V25: 0 | W25: 0 | X25: 25 | Y25: 0 | Z25: 25 | AA25: 25 | AB25: 0 | AC25: 0 | AD25: 8.5 | AE25: 16.5 | AF25: 0 | AG25: 0 | AH25: Consented – not built | AI25: Consented above capacity | AJ25: 0 | AK25: Corbally/Grove Island | AL25: City neighbourhood | AM25: 1 | AN25: Inside catchment | AO25: =IF(C25="County",IF(AL25="Rest of county","Remainder of County","Settlements"),IF(D25="City Centre","City Centre","Rest of City")) -> Rest of City | AP25: =IF(LEFT(B25,13)="Council audit","Audit",IF(LEFT(B25,8)="Planning","Consent","Zoned")) -> Audit | AQ25: =IF(N(K25)>0,I25*Y25/K25,0) -> 0
A26: CITY-31 | B26: Council audit | C26: City | D26: Corbally/Grove Island | E26: Corbally | F26: New Resi | G26: Infill | H26: 0.007 in 45+ 1.054 in 35+ | I26: 1.061 | J26: 1.061 | K26: 37 | L26: Council estimate (area × density band) | Q26: Permission Granted | R26: 0 | S26: 26 | T26: 0 | U26: 0 | V26: 0 | W26: 0 | X26: 26 | Y26: 11 | Z26: 37 | AA26: 37 | AB26: 6.1 | AC26: 19.9 | AD26: 0 | AE26: 0 | AF26: 0 | AG26: 0 | AH26: Consented – not built | AJ26: 0 | AK26: Corbally/Grove Island | AL26: City neighbourhood | AM26: 1 | AN26: Inside catchment | AO26: =IF(C26="County",IF(AL26="Rest of county","Remainder of County","Settlements"),IF(D26="City Centre","City Centre","Rest of City")) -> Rest of City | AP26: =IF(LEFT(B26,13)="Council audit","Audit",IF(LEFT(B26,8)="Planning","Consent","Zoned")) -> Audit | AQ26: =IF(N(K26)>0,I26*Y26/K26,0) -> 0.31543243
A27: CITY-32 | B27: Council audit | C27: City | D27: Corbally/Grove Island | E27: Corbally | F27: New Resi | G27: Infill | H27: 2.893 in 45+ 1.38 in 35+ | I27: 4.273 | J27: 4.272 | K27: 178 | L27: Council estimate (area × density band) | Q27: Undeveloped/Permission Sought | R27: 0 | S27: 0 | T27: 0 | U27: 0 | V27: 0 | W27: 0 | X27: 0 | Y27: 178 | Z27: 178 | AA27: 178 | AB27: 0 | AC27: 0 | AD27: 0 | AE27: 0 | AF27: 0 | AG27: 0 | AH27: No consent | AJ27: 0 | AK27: Corbally/Grove Island | AL27: City neighbourhood | AM27: 1 | AN27: Inside catchment | AO27: =IF(C27="County",IF(AL27="Rest of county","Remainder of County","Settlements"),IF(D27="City Centre","City Centre","Rest of City")) -> Rest of City | AP27: =IF(LEFT(B27,13)="Council audit","Audit",IF(LEFT(B27,8)="Planning","Consent","Zoned")) -> Audit | AQ27: =IF(N(K27)>0,I27*Y27/K27,0) -> 4.273
A28: CITY-33 | B28: Council audit | C28: City | D28: Corbally/Grove Island | E28: Corbally | F28: New Resi | G28: Infill | H28: 35+ | I28: 2.57 | J28: 2.569 | K28: 90 | L28: Council estimate (area × density band) | Q28: Undeveloped/Permission Sought | R28: 0 | S28: 0 | T28: 0 | U28: 0 | V28: 0 | W28: 0 | X28: 0 | Y28: 90 | Z28: 90 | AA28: 90 | AB28: 0 | AC28: 0 | AD28: 0 | AE28: 0 | AF28: 0 | AG28: 0 | AH28: No consent | AJ28: 0 | AK28: Corbally/Grove Island | AL28: City neighbourhood | AM28: 1 | AN28: Inside catchment | AO28: =IF(C28="County",IF(AL28="Rest of county","Remainder of County","Settlements"),IF(D28="City Centre","City Centre","Rest of City")) -> Rest of City | AP28: =IF(LEFT(B28,13)="Council audit","Audit",IF(LEFT(B28,8)="Planning","Consent","Zoned")) -> Audit | AQ28: =IF(N(K28)>0,I28*Y28/K28,0) -> 2.57
A29: CITY-34 | B29: Council audit | C29: City | D29: Corbally/Grove Island | E29: Corbally | F29: New Resi | G29: Infill | H29: 35+ | I29: 1.33 | J29: 1.33 | K29: 47 | L29: Council estimate (area × density band) | Q29: Permission Granted | R29: 0 | S29: 0 | T29: 0 | U29: 0 | V29: 0 | W29: 0 | X29: 0 | Y29: 47 | Z29: 47 | AA29: 47 | AB29: 0 | AC29: 0 | AD29: 0 | AE29: 0 | AF29: 0 | AG29: 0 | AH29: No consent | AJ29: 0 | AK29: Corbally/Grove Island | AL29: City neighbourhood | AM29: 1 | AN29: Inside catchment | AO29: =IF(C29="County",IF(AL29="Rest of county","Remainder of County","Settlements"),IF(D29="City Centre","City Centre","Rest of City")) -> Rest of City | AP29: =IF(LEFT(B29,13)="Council audit","Audit",IF(LEFT(B29,8)="Planning","Consent","Zoned")) -> Audit | AQ29: =IF(N(K29)>0,I29*Y29/K29,0) -> 1.33
A30: CITY-40 | B30: Council audit | C30: City | D30: Kings Island | E30: Corbally | F30: City C | G30: Brownfield | H30: 100+ | I30: 0.132 | J30: 0.132 | K30: 13 | L30: Council estimate (area × density band) | Q30: Undeveloped/Permission Sought | R30: 0 | S30: 0 | T30: 0 | U30: 0 | V30: 0 | W30: 0 | X30: 0 | Y30: 13 | Z30: 13 | AA30: 13 | AB30: 0 | AC30: 0 | AD30: 0 | AE30: 0 | AF30: 0 | AG30: 0 | AH30: No consent | AJ30: 0 | AK30: Kings Island | AL30: City neighbourhood | AM30: 1 | AN30: Inside catchment | AO30: =IF(C30="County",IF(AL30="Rest of county","Remainder of County","Settlements"),IF(D30="City Centre","City Centre","Rest of City")) -> Rest of City | AP30: =IF(LEFT(B30,13)="Council audit","Audit",IF(LEFT(B30,8)="Planning","Consent","Zoned")) -> Audit | AQ30: =IF(N(K30)>0,I30*Y30/K30,0) -> 0.132
A31: CITY-41 | B31: Council audit | C31: City | D31: Kings Island | E31: Corbally | F31: City C | G31: Brownfield | H31: 100+ | I31: 0.106 | J31: 0.107 | K31: 11 | L31: Council estimate (area × density band) | Q31: Undeveloped/Permission Sought | R31: 0 | S31: 0 | T31: 0 | U31: 0 | V31: 0 | W31: 30 | X31: 0 | Y31: 11 | Z31: 11 | AA31: 11 | AB31: 0 | AC31: 0 | AD31: 0 | AE31: 0 | AF31: 0 | AG31: 0 | AH31: No consent | AJ31: 0 | AK31: Kings Island | AL31: City neighbourhood | AM31: 1 | AN31: Inside catchment | AO31: =IF(C31="County",IF(AL31="Rest of county","Remainder of County","Settlements"),IF(D31="City Centre","City Centre","Rest of City")) -> Rest of City | AP31: =IF(LEFT(B31,13)="Council audit","Audit",IF(LEFT(B31,8)="Planning","Consent","Zoned")) -> Audit | AQ31: =IF(N(K31)>0,I31*Y31/K31,0) -> 0.106
A32: CITY-43 | B32: Council audit | C32: City | D32: Singland/Garryowen | E32: Garryowen | F32: New Resi | G32: Brownfield | H32: 45+ | I32: 4.191 | J32: 4.19 | K32: 188 | L32: Council estimate (area × density band) | Q32: Undeveloped/Permission Sought | R32: 0 | S32: 0 | T32: 0 | U32: 0 | V32: 0 | W32: 0 | X32: 0 | Y32: 188 | Z32: 188 | AA32: 188 | AB32: 0 | AC32: 0 | AD32: 0 | AE32: 0 | AF32: 0 | AG32: 0 | AH32: No consent | AJ32: 0 | AK32: Singland/Garryowen | AL32: City neighbourhood | AM32: 1 | AN32: Inside catchment | AO32: =IF(C32="County",IF(AL32="Rest of county","Remainder of County","Settlements"),IF(D32="City Centre","City Centre","Rest of City")) -> Rest of City | AP32: =IF(LEFT(B32,13)="Council audit","Audit",IF(LEFT(B32,8)="Planning","Consent","Zoned")) -> Audit | AQ32: =IF(N(K32)>0,I32*Y32/K32,0) -> 4.191
