Workbook

Sheet Intro
A1: Limerick Housing Delivery Strategy 2040 · housing need by catchment
A2: Spatialis for Limerick City and County Council. The same model as the story dashboard: choose the scenario levers below and every tab updates.
A3: Yellow cells with blue text are the levers: pick from each drop-down. Everything else is calculated. The Total tab is the sum of the 25 catchment tabs; the Validation tab checks that everything adds up.
A5: Group | B5: Lever | C5: Selection | D5: What it does
A6: Timing | B6: Plan to the end of | C6: 2040 | D6: Years after this are zero in every tab. The Council target is front-loaded (4,263 a year to 2030) and meets the HNDA need total in 2040.
A7: 1 · Spatial allocation | B7: Share homes between places | C7: S1: Core Strategy (Variation No. 3) | D7: S1 applies the Core Strategy shares (Variation No. 3, Table 2.6) to the 2026–2040 total; the city figure is split between the 9 neighbourhoods by 2022 population. S2 and S3 use Census 2022 population or households.
A8: 2 · Unit mix | B8: Bedroom mix scenario | C8: S1: Moving PPH proxy | D8: S1: the Council's planned split by year (persons per household read as bedrooms). S2: the bedrooms each catchment's 2022 households need, applied to its new homes.
A9: 2 · Unit mix (S2 modifier) | B9: Sharing benchmark | C9: Catchment's own 2011 rate | D9: Unrelated adults sharing above this rate are counted as people who would live alone, each needing a 1-bed. Only affects S2.
A10: 2 · Unit mix (S2 modifier) | B10: Children's bedrooms | C10: One bedroom per child | D10: Only affects S2.
A11: 2 · Unit mix (S2 modifier) | B11: Singles and younger couples given a 2-bed | C11: 0 | D11: 0% is the minimum rule: one bedroom per single person or couple. Only affects S2.
A12: 2 · Unit mix (S2 modifier) | B12: Downsizers: older couples given a 2-bed | C12: 0 | D12: Empty-nest and retired couples (CSO family cycle). Only affects S2.
A13: 3 · Tenure mix | B13: Limerick tenure scenario | C13: S1: Working position | D13: Working position and market scenarios A, B and D from the Spatialis Limerick HNDA synopsis.
A14: 3 · Tenure mix (modifier) | B14: Add housing list need to social | C14: No | D14: Moves 1,308 list households not already in the HNDA model (cleared over 2026–2035) into social, taken from private homes so the total stays fixed.
A15: 3 · Tenure mix (modifier) | B15: Affordable homes for purchase | C15: 0.5 | D15: The rest are cost rental. No source document gives this split; 50% is a placeholder.
A16: 3 · Where social homes go | B16: Rule | C16: City first, with a floor and a ceiling | D16: City first: every area gets at least the floor; the rest of Limerick's social homes go to the city neighbourhoods in proportion to their new homes, without taking any above the ceiling.
A17: 3 · Where social homes go | B17: Ceiling: social share of a neighbourhood by the end year | C17: 0.2 | D17: Counts existing (Census 2022 stated tenure) and new homes. 20% is about twice Limerick's current 9.7%. City-first rule only.
A18: 3 · Where social homes go | B18: Floor: social share of new homes everywhere | C18: 0.1 | D18: 10% matches the social part of Part V. City-first rule only.
A19: 4 · Land (Council densities) | B19: Point in the Council density ranges | C19: Minimum | D19: Used by the Land at Council density tab only. Minimum is the lower bound of each range in Variation No. 3, Table 2.5/2.6 (the density that shall generally be applied).
A20: Defaults match the story dashboard's default settings.
A22: Headline results for the selected levers
B23: New homes, 2026 to end year | C23: =Total!B28 -> 39864
B24: Social homes | C24: =SUM(Total!K28:O28) -> 8362.3707
B25: Affordable homes (purchase and cost rental) | C25: =Total!I28+Total!J28 -> 5018.6223
B26: Private homes (purchase and rent) | C26: =Total!G28+Total!H28 -> 26483.007
B27: 1-bed share of new homes | C27: =Total!C29 -> 0.24123231
B28: 4+ bed share of new homes | C28: =Total!F29 -> 0.26149544
B29: Validation | C29: =Validation!E7&" ("&Validation!C6&" checks)" -> ALL PASS (91 checks)
A31: Tabs
B32: Total | D32: Sum of the 25 catchment tabs, per year, with bedrooms and tenure.
B33: Land | D33: New homes by year for every catchment and the land needed at its existing net density (editable).
B34: Land at Council density | D34: The same homes at the Council's target densities from Variation No. 3, with the difference from existing densities.
B35: Zoned land vs need | D35: Land already identified in the land register against the 2040 need at Council densities: shortfall, additional land to 2040, and with headroom (yellow lever).
B36: Opportunity sites & options | D36: What the opportunity sites could add to the shortfall, what is left for infill, and options to close it (city infill density lever).
B37: 25 catchment tabs | D37: 9 city neighbourhoods, 6 key towns, 9 villages and the rest of the county, in that order.
B38: Validation | D38: Checks that homes, bedrooms and tenure add up and match the Limerick totals.
B39: Model | D39: Every calculation, one row per catchment.
B40: Data | D40: The input data and the drop-down lists.
A42: Assumptions and sources
B43: Homes per year | D43: Council delivery target by year, from the Spatialis Limerick HNDA synopsis (October 2026). It totals 39,864 by 2040, matching the new HNDA need.
B44: Spatial allocation | D44: Core Strategy, Variation No. 3 of the Limerick Development Plan 2022–2028 (made 28 September 2026), Table 2.6, housing growth requirement June 2025 to December 2030. Its shares are applied to the 2026–2040 total. The study's town and village groupings differ from the Core Strategy levels.
B45: S1 unit mix | D45: The Council's Interim HNDA Bed Split sheet (1-ph to 5+ ph), read as bedrooms, with 4 and 5+ combined. After 2035 the 2026–2035 split is used. The sheet is labelled persons per household; which unit was meant should be confirmed.
B46: S2 unit mix | D46: Census 2022 household types (T5_1), children (T4_2) and CSO family cycle (T4_5): a bedroom for each adult, couples share, one per child (or under-15s share). Sharing above the benchmark counts as would-be single households. It plans for households already there, not for in-movers, and does not test affordability.
B47: Tenure | D47: Working position and market scenarios A, B and D from the synopsis. Scenarios published as period totals are spread within each period by the annual HNDA need. The affordable purchase / cost rental split is a setting with no source.
B48: Social by need type | D48: HDAP 2027–2030 assessed-need shares: disability 490, older people 281, Traveller 29, community 49, of 2,637. The categories can overlap.
B49: Where social homes go | D49: Limerick's social total is kept. Each area gets the floor share; the rest goes to the city neighbourhoods in proportion to their new homes, capped so no neighbourhood's social share (existing plus new, Census 2022 stated tenure) passes the ceiling. Existing homes keep their tenure.
B50: Catchment tenure by year | D50: Each catchment's tenure shares are set on its totals to the end year and applied to every year, as in the dashboard export. Limerick's year-by-year tenure profile is therefore not reproduced year by year in the Total tab; the period totals match.
B51: Difference from the dashboard | D51: The dashboard places city-first social homes in repeated passes and stops within half a home of the total. This workbook solves the same rule exactly, so catchment social figures can differ from the dashboard by less than one home.

Sheet Total
A1: Limerick City and County · total of all catchments
A2: ="Sum of the 25 catchment tabs · new homes per year, 2026–"&Model!$B$3&" · set by the levers on the Intro tab" -> Sum of the 25 catchment tabs · new homes per year, 2026–2040 · set by the levers on the Intro tab
A4: Catchments summed | C4: 25
A5: New homes, 2026 to end year | C5: =B28 -> 39864
A6: Social share of new homes | C6: =IF(B28>0,SUM(K28:O28)/B28,0) -> 0.20977249
A7: Social rent share of households, 2022 | C7: =SUMPRODUCT(Data!$E$23:$E$47,Data!$F$23:$F$47)/SUM(Data!$E$23:$E$47) -> 0.099139755
A8: Social share of all homes at end year (2022 plus new) | C8: =(SUMPRODUCT(Data!$E$23:$E$47,Data!$F$23:$F$47)+SUM(K28:O28))/(SUM(Data!$E$23:$E$47)+B28) -> 0.13710723
A9: Bedroom mix | C9: =IF(Model!$B$5=1,"S1: the Council's planned split for each year","S2: each catchment's own need, weighted by its homes") -> S1: the Council's planned split for each year
A12: Year | B12: Homes | C12: 1-bed | D12: 2-bed | E12: 3-bed | F12: 4+ bed | G12: Private purchase | H12: Private rent | I12: Affordable purchase | J12: Cost rental | K12: Social: general needs | L12: Social: disability | M12: Social: older people | N12: Social: Traveller | O12: Social: community
A13: 2026 | B13: =Ballinacurra!B13+Caherdavin!B13+'Castletroy-Annacotty'!B13+'City Centre'!B13+'Corbally-Grove Island'!B13+Dooradoyle!B13+'Kings Island'!B13+'Singland-Garryowen'!B13+Southhill!B13+Abbeyfeale!B13+Caherconlish!B13+Castleconnell!B13+Kilmallock!B13+'Newcastle West'!B13+Rathkeale!B13+Adare!B13+Askeaton!B13+Bruff!B13+Cappamore!B13+Croom!B13+Hospital!B13+Kilfinnane!B13+Moroe!B13+Patrickswell!B13+'Rest of county'!B13 -> 4263 | C13: =Ballinacurra!C13+Caherdavin!C13+'Castletroy-Annacotty'!C13+'City Centre'!C13+'Corbally-Grove Island'!C13+Dooradoyle!C13+'Kings Island'!C13+'Singland-Garryowen'!C13+Southhill!C13+Abbeyfeale!C13+Caherconlish!C13+Castleconnell!C13+Kilmallock!C13+'Newcastle West'!C13+Rathkeale!C13+Adare!C13+Askeaton!C13+Bruff!C13+Cappamore!C13+Croom!C13+Hospital!C13+Kilfinnane!C13+Moroe!C13+Patrickswell!C13+'Rest of county'!C13 -> 1102.7413 | D13: =Ballinacurra!D13+Caherdavin!D13+'Castletroy-Annacotty'!D13+'City Centre'!D13+'Corbally-Grove Island'!D13+Dooradoyle!D13+'Kings Island'!D13+'Singland-Garryowen'!D13+Southhill!D13+Abbeyfeale!D13+Caherconlish!D13+Castleconnell!D13+Kilmallock!D13+'Newcastle West'!D13+Rathkeale!D13+Adare!D13+Askeaton!D13+Bruff!D13+Cappamore!D13+Croom!D13+Hospital!D13+Kilfinnane!D13+Moroe!D13+Patrickswell!D13+'Rest of county'!D13 -> 1349.6834 | E13: =Ballinacurra!E13+Caherdavin!E13+'Castletroy-Annacotty'!E13+'City Centre'!E13+'Corbally-Grove Island'!E13+Dooradoyle!E13+'Kings Island'!E13+'Singland-Garryowen'!E13+Southhill!E13+Abbeyfeale!E13+Caherconlish!E13+Castleconnell!E13+Kilmallock!E13+'Newcastle West'!E13+Rathkeale!E13+Adare!E13+Askeaton!E13+Bruff!E13+Cappamore!E13+Croom!E13+Hospital!E13+Kilfinnane!E13+Moroe!E13+Patrickswell!E13+'Rest of county'!E13 -> 788.81496 | F13: =Ballinacurra!F13+Caherdavin!F13+'Castletroy-Annacotty'!F13+'City Centre'!F13+'Corbally-Grove Island'!F13+Dooradoyle!F13+'Kings Island'!F13+'Singland-Garryowen'!F13+Southhill!F13+Abbeyfeale!F13+Caherconlish!F13+Castleconnell!F13+Kilmallock!F13+'Newcastle West'!F13+Rathkeale!F13+Adare!F13+Askeaton!F13+Bruff!F13+Cappamore!F13+Croom!F13+Hospital!F13+Kilfinnane!F13+Moroe!F13+Patrickswell!F13+'Rest of county'!F13 -> 1021.7603 | G13: =Ballinacurra!G13+Caherdavin!G13+'Castletroy-Annacotty'!G13+'City Centre'!G13+'Corbally-Grove Island'!G13+Dooradoyle!G13+'Kings Island'!G13+'Singland-Garryowen'!G13+Southhill!G13+Abbeyfeale!G13+Caherconlish!G13+Castleconnell!G13+Kilmallock!G13+'Newcastle West'!G13+Rathkeale!G13+Adare!G13+Askeaton!G13+Bruff!G13+Cappamore!G13+Croom!G13+Hospital!G13+Kilfinnane!G13+Moroe!G13+Patrickswell!G13+'Rest of county'!G13 -> 2266.179 | H13: =Ballinacurra!H13+Caherdavin!H13+'Castletroy-Annacotty'!H13+'City Centre'!H13+'Corbally-Grove Island'!H13+Dooradoyle!H13+'Kings Island'!H13+'Singland-Garryowen'!H13+Southhill!H13+Abbeyfeale!H13+Caherconlish!H13+Castleconnell!H13+Kilmallock!H13+'Newcastle West'!H13+Rathkeale!H13+Adare!H13+Askeaton!H13+Bruff!H13+Cappamore!H13+Croom!H13+Hospital!H13+Kilfinnane!H13+Moroe!H13+Patrickswell!H13+'Rest of county'!H13 -> 565.87644 | I13: =Ballinacurra!I13+Caherdavin!I13+'Castletroy-Annacotty'!I13+'City Centre'!I13+'Corbally-Grove Island'!I13+Dooradoyle!I13+'Kings Island'!I13+'Singland-Garryowen'!I13+Southhill!I13+Abbeyfeale!I13+Caherconlish!I13+Castleconnell!I13+Kilmallock!I13+'Newcastle West'!I13+Rathkeale!I13+Adare!I13+Askeaton!I13+Bruff!I13+Cappamore!I13+Croom!I13+Hospital!I13+Kilfinnane!I13+Moroe!I13+Patrickswell!I13+'Rest of county'!I13 -> 268.3422 | ... O13: =Ballinacurra!O13+Caherdavin!O13+'Castletroy-Annacotty'!O13+'City Centre'!O13+'Corbally-Grove Island'!O13+Dooradoyle!O13+'Kings Island'!O13+'Singland-Garryowen'!O13+Southhill!O13+Abbeyfeale!O13+Caherconlish!O13+Castleconnell!O13+Kilmallock!O13+'Newcastle West'!O13+Rathkeale!O13+Adare!O13+Askeaton!O13+Bruff!O13+Cappamore!O13+Croom!O13+Hospital!O13+Kilfinnane!O13+Moroe!O13+Patrickswell!O13+'Rest of county'!O13 -> 16.616893
A14: 2027 | B14: =Ballinacurra!B14+Caherdavin!B14+'Castletroy-Annacotty'!B14+'City Centre'!B14+'Corbally-Grove Island'!B14+Dooradoyle!B14+'Kings Island'!B14+'Singland-Garryowen'!B14+Southhill!B14+Abbeyfeale!B14+Caherconlish!B14+Castleconnell!B14+Kilmallock!B14+'Newcastle West'!B14+Rathkeale!B14+Adare!B14+Askeaton!B14+Bruff!B14+Cappamore!B14+Croom!B14+Hospital!B14+Kilfinnane!B14+Moroe!B14+Patrickswell!B14+'Rest of county'!B14 -> 4263 | C14: =Ballinacurra!C14+Caherdavin!C14+'Castletroy-Annacotty'!C14+'City Centre'!C14+'Corbally-Grove Island'!C14+Dooradoyle!C14+'Kings Island'!C14+'Singland-Garryowen'!C14+Southhill!C14+Abbeyfeale!C14+Caherconlish!C14+Castleconnell!C14+Kilmallock!C14+'Newcastle West'!C14+Rathkeale!C14+Adare!C14+Askeaton!C14+Bruff!C14+Cappamore!C14+Croom!C14+Hospital!C14+Kilfinnane!C14+Moroe!C14+Patrickswell!C14+'Rest of county'!C14 -> 1071.7486 | D14: =Ballinacurra!D14+Caherdavin!D14+'Castletroy-Annacotty'!D14+'City Centre'!D14+'Corbally-Grove Island'!D14+Dooradoyle!D14+'Kings Island'!D14+'Singland-Garryowen'!D14+Southhill!D14+Abbeyfeale!D14+Caherconlish!D14+Castleconnell!D14+Kilmallock!D14+'Newcastle West'!D14+Rathkeale!D14+Adare!D14+Askeaton!D14+Bruff!D14+Cappamore!D14+Croom!D14+Hospital!D14+Kilfinnane!D14+Moroe!D14+Patrickswell!D14+'Rest of county'!D14 -> 1353.6825 | E14: =Ballinacurra!E14+Caherdavin!E14+'Castletroy-Annacotty'!E14+'City Centre'!E14+'Corbally-Grove Island'!E14+Dooradoyle!E14+'Kings Island'!E14+'Singland-Garryowen'!E14+Southhill!E14+Abbeyfeale!E14+Caherconlish!E14+Castleconnell!E14+Kilmallock!E14+'Newcastle West'!E14+Rathkeale!E14+Adare!E14+Askeaton!E14+Bruff!E14+Cappamore!E14+Croom!E14+Hospital!E14+Kilfinnane!E14+Moroe!E14+Patrickswell!E14+'Rest of county'!E14 -> 786.81543 | F14: =Ballinacurra!F14+Caherdavin!F14+'Castletroy-Annacotty'!F14+'City Centre'!F14+'Corbally-Grove Island'!F14+Dooradoyle!F14+'Kings Island'!F14+'Singland-Garryowen'!F14+Southhill!F14+Abbeyfeale!F14+Caherconlish!F14+Castleconnell!F14+Kilmallock!F14+'Newcastle West'!F14+Rathkeale!F14+Adare!F14+Askeaton!F14+Bruff!F14+Cappamore!F14+Croom!F14+Hospital!F14+Kilfinnane!F14+Moroe!F14+Patrickswell!F14+'Rest of county'!F14 -> 1050.7535 | G14: =Ballinacurra!G14+Caherdavin!G14+'Castletroy-Annacotty'!G14+'City Centre'!G14+'Corbally-Grove Island'!G14+Dooradoyle!G14+'Kings Island'!G14+'Singland-Garryowen'!G14+Southhill!G14+Abbeyfeale!G14+Caherconlish!G14+Castleconnell!G14+Kilmallock!G14+'Newcastle West'!G14+Rathkeale!G14+Adare!G14+Askeaton!G14+Bruff!G14+Cappamore!G14+Croom!G14+Hospital!G14+Kilfinnane!G14+Moroe!G14+Patrickswell!G14+'Rest of county'!G14 -> 2266.179 | H14: =Ballinacurra!H14+Caherdavin!H14+'Castletroy-Annacotty'!H14+'City Centre'!H14+'Corbally-Grove Island'!H14+Dooradoyle!H14+'Kings Island'!H14+'Singland-Garryowen'!H14+Southhill!H14+Abbeyfeale!H14+Caherconlish!H14+Castleconnell!H14+Kilmallock!H14+'Newcastle West'!H14+Rathkeale!H14+Adare!H14+Askeaton!H14+Bruff!H14+Cappamore!H14+Croom!H14+Hospital!H14+Kilfinnane!H14+Moroe!H14+Patrickswell!H14+'Rest of county'!H14 -> 565.87644 | I14: =Ballinacurra!I14+Caherdavin!I14+'Castletroy-Annacotty'!I14+'City Centre'!I14+'Corbally-Grove Island'!I14+Dooradoyle!I14+'Kings Island'!I14+'Singland-Garryowen'!I14+Southhill!I14+Abbeyfeale!I14+Caherconlish!I14+Castleconnell!I14+Kilmallock!I14+'Newcastle West'!I14+Rathkeale!I14+Adare!I14+Askeaton!I14+Bruff!I14+Cappamore!I14+Croom!I14+Hospital!I14+Kilfinnane!I14+Moroe!I14+Patrickswell!I14+'Rest of county'!I14 -> 268.3422 | ... O14: =Ballinacurra!O14+Caherdavin!O14+'Castletroy-Annacotty'!O14+'City Centre'!O14+'Corbally-Grove Island'!O14+Dooradoyle!O14+'Kings Island'!O14+'Singland-Garryowen'!O14+Southhill!O14+Abbeyfeale!O14+Caherconlish!O14+Castleconnell!O14+Kilmallock!O14+'Newcastle West'!O14+Rathkeale!O14+Adare!O14+Askeaton!O14+Bruff!O14+Cappamore!O14+Croom!O14+Hospital!O14+Kilfinnane!O14+Moroe!O14+Patrickswell!O14+'Rest of county'!O14 -> 16.616893
A15: 2028 | B15: =Ballinacurra!B15+Caherdavin!B15+'Castletroy-Annacotty'!B15+'City Centre'!B15+'Corbally-Grove Island'!B15+Dooradoyle!B15+'Kings Island'!B15+'Singland-Garryowen'!B15+Southhill!B15+Abbeyfeale!B15+Caherconlish!B15+Castleconnell!B15+Kilmallock!B15+'Newcastle West'!B15+Rathkeale!B15+Adare!B15+Askeaton!B15+Bruff!B15+Cappamore!B15+Croom!B15+Hospital!B15+Kilfinnane!B15+Moroe!B15+Patrickswell!B15+'Rest of county'!B15 -> 4263 | C15: =Ballinacurra!C15+Caherdavin!C15+'Castletroy-Annacotty'!C15+'City Centre'!C15+'Corbally-Grove Island'!C15+Dooradoyle!C15+'Kings Island'!C15+'Singland-Garryowen'!C15+Southhill!C15+Abbeyfeale!C15+Caherconlish!C15+Castleconnell!C15+Kilmallock!C15+'Newcastle West'!C15+Rathkeale!C15+Adare!C15+Askeaton!C15+Bruff!C15+Cappamore!C15+Croom!C15+Hospital!C15+Kilfinnane!C15+Moroe!C15+Patrickswell!C15+'Rest of county'!C15 -> 1068.2506 | D15: =Ballinacurra!D15+Caherdavin!D15+'Castletroy-Annacotty'!D15+'City Centre'!D15+'Corbally-Grove Island'!D15+Dooradoyle!D15+'Kings Island'!D15+'Singland-Garryowen'!D15+Southhill!D15+Abbeyfeale!D15+Caherconlish!D15+Castleconnell!D15+Kilmallock!D15+'Newcastle West'!D15+Rathkeale!D15+Adare!D15+Askeaton!D15+Bruff!D15+Cappamore!D15+Croom!D15+Hospital!D15+Kilfinnane!D15+Moroe!D15+Patrickswell!D15+'Rest of county'!D15 -> 1354.3177 | E15: =Ballinacurra!E15+Caherdavin!E15+'Castletroy-Annacotty'!E15+'City Centre'!E15+'Corbally-Grove Island'!E15+Dooradoyle!E15+'Kings Island'!E15+'Singland-Garryowen'!E15+Southhill!E15+Abbeyfeale!E15+Caherconlish!E15+Castleconnell!E15+Kilmallock!E15+'Newcastle West'!E15+Rathkeale!E15+Adare!E15+Askeaton!E15+Bruff!E15+Cappamore!E15+Croom!E15+Hospital!E15+Kilfinnane!E15+Moroe!E15+Patrickswell!E15+'Rest of county'!E15 -> 787.18466 | F15: =Ballinacurra!F15+Caherdavin!F15+'Castletroy-Annacotty'!F15+'City Centre'!F15+'Corbally-Grove Island'!F15+Dooradoyle!F15+'Kings Island'!F15+'Singland-Garryowen'!F15+Southhill!F15+Abbeyfeale!F15+Caherconlish!F15+Castleconnell!F15+Kilmallock!F15+'Newcastle West'!F15+Rathkeale!F15+Adare!F15+Askeaton!F15+Bruff!F15+Cappamore!F15+Croom!F15+Hospital!F15+Kilfinnane!F15+Moroe!F15+Patrickswell!F15+'Rest of county'!F15 -> 1053.2471 | G15: =Ballinacurra!G15+Caherdavin!G15+'Castletroy-Annacotty'!G15+'City Centre'!G15+'Corbally-Grove Island'!G15+Dooradoyle!G15+'Kings Island'!G15+'Singland-Garryowen'!G15+Southhill!G15+Abbeyfeale!G15+Caherconlish!G15+Castleconnell!G15+Kilmallock!G15+'Newcastle West'!G15+Rathkeale!G15+Adare!G15+Askeaton!G15+Bruff!G15+Cappamore!G15+Croom!G15+Hospital!G15+Kilfinnane!G15+Moroe!G15+Patrickswell!G15+'Rest of county'!G15 -> 2266.179 | H15: =Ballinacurra!H15+Caherdavin!H15+'Castletroy-Annacotty'!H15+'City Centre'!H15+'Corbally-Grove Island'!H15+Dooradoyle!H15+'Kings Island'!H15+'Singland-Garryowen'!H15+Southhill!H15+Abbeyfeale!H15+Caherconlish!H15+Castleconnell!H15+Kilmallock!H15+'Newcastle West'!H15+Rathkeale!H15+Adare!H15+Askeaton!H15+Bruff!H15+Cappamore!H15+Croom!H15+Hospital!H15+Kilfinnane!H15+Moroe!H15+Patrickswell!H15+'Rest of county'!H15 -> 565.87644 | I15: =Ballinacurra!I15+Caherdavin!I15+'Castletroy-Annacotty'!I15+'City Centre'!I15+'Corbally-Grove Island'!I15+Dooradoyle!I15+'Kings Island'!I15+'Singland-Garryowen'!I15+Southhill!I15+Abbeyfeale!I15+Caherconlish!I15+Castleconnell!I15+Kilmallock!I15+'Newcastle West'!I15+Rathkeale!I15+Adare!I15+Askeaton!I15+Bruff!I15+Cappamore!I15+Croom!I15+Hospital!I15+Kilfinnane!I15+Moroe!I15+Patrickswell!I15+'Rest of county'!I15 -> 268.3422 | ... O15: =Ballinacurra!O15+Caherdavin!O15+'Castletroy-Annacotty'!O15+'City Centre'!O15+'Corbally-Grove Island'!O15+Dooradoyle!O15+'Kings Island'!O15+'Singland-Garryowen'!O15+Southhill!O15+Abbeyfeale!O15+Caherconlish!O15+Castleconnell!O15+Kilmallock!O15+'Newcastle West'!O15+Rathkeale!O15+Adare!O15+Askeaton!O15+Bruff!O15+Cappamore!O15+Croom!O15+Hospital!O15+Kilfinnane!O15+Moroe!O15+Patrickswell!O15+'Rest of county'!O15 -> 16.616893
A16: 2029 | B16: =Ballinacurra!B16+Caherdavin!B16+'Castletroy-Annacotty'!B16+'City Centre'!B16+'Corbally-Grove Island'!B16+Dooradoyle!B16+'Kings Island'!B16+'Singland-Garryowen'!B16+Southhill!B16+Abbeyfeale!B16+Caherconlish!B16+Castleconnell!B16+Kilmallock!B16+'Newcastle West'!B16+Rathkeale!B16+Adare!B16+Askeaton!B16+Bruff!B16+Cappamore!B16+Croom!B16+Hospital!B16+Kilfinnane!B16+Moroe!B16+Patrickswell!B16+'Rest of county'!B16 -> 4263 | C16: =Ballinacurra!C16+Caherdavin!C16+'Castletroy-Annacotty'!C16+'City Centre'!C16+'Corbally-Grove Island'!C16+Dooradoyle!C16+'Kings Island'!C16+'Singland-Garryowen'!C16+Southhill!C16+Abbeyfeale!C16+Caherconlish!C16+Castleconnell!C16+Kilmallock!C16+'Newcastle West'!C16+Rathkeale!C16+Adare!C16+Askeaton!C16+Bruff!C16+Cappamore!C16+Croom!C16+Hospital!C16+Kilfinnane!C16+Moroe!C16+Patrickswell!C16+'Rest of county'!C16 -> 1057 | D16: =Ballinacurra!D16+Caherdavin!D16+'Castletroy-Annacotty'!D16+'City Centre'!D16+'Corbally-Grove Island'!D16+Dooradoyle!D16+'Kings Island'!D16+'Singland-Garryowen'!D16+Southhill!D16+Abbeyfeale!D16+Caherconlish!D16+Castleconnell!D16+Kilmallock!D16+'Newcastle West'!D16+Rathkeale!D16+Adare!D16+Askeaton!D16+Bruff!D16+Cappamore!D16+Croom!D16+Hospital!D16+Kilfinnane!D16+Moroe!D16+Patrickswell!D16+'Rest of county'!D16 -> 1347 | E16: =Ballinacurra!E16+Caherdavin!E16+'Castletroy-Annacotty'!E16+'City Centre'!E16+'Corbally-Grove Island'!E16+Dooradoyle!E16+'Kings Island'!E16+'Singland-Garryowen'!E16+Southhill!E16+Abbeyfeale!E16+Caherconlish!E16+Castleconnell!E16+Kilmallock!E16+'Newcastle West'!E16+Rathkeale!E16+Adare!E16+Askeaton!E16+Bruff!E16+Cappamore!E16+Croom!E16+Hospital!E16+Kilfinnane!E16+Moroe!E16+Patrickswell!E16+'Rest of county'!E16 -> 782 | F16: =Ballinacurra!F16+Caherdavin!F16+'Castletroy-Annacotty'!F16+'City Centre'!F16+'Corbally-Grove Island'!F16+Dooradoyle!F16+'Kings Island'!F16+'Singland-Garryowen'!F16+Southhill!F16+Abbeyfeale!F16+Caherconlish!F16+Castleconnell!F16+Kilmallock!F16+'Newcastle West'!F16+Rathkeale!F16+Adare!F16+Askeaton!F16+Bruff!F16+Cappamore!F16+Croom!F16+Hospital!F16+Kilfinnane!F16+Moroe!F16+Patrickswell!F16+'Rest of county'!F16 -> 1077 | G16: =Ballinacurra!G16+Caherdavin!G16+'Castletroy-Annacotty'!G16+'City Centre'!G16+'Corbally-Grove Island'!G16+Dooradoyle!G16+'Kings Island'!G16+'Singland-Garryowen'!G16+Southhill!G16+Abbeyfeale!G16+Caherconlish!G16+Castleconnell!G16+Kilmallock!G16+'Newcastle West'!G16+Rathkeale!G16+Adare!G16+Askeaton!G16+Bruff!G16+Cappamore!G16+Croom!G16+Hospital!G16+Kilfinnane!G16+Moroe!G16+Patrickswell!G16+'Rest of county'!G16 -> 2266.179 | H16: =Ballinacurra!H16+Caherdavin!H16+'Castletroy-Annacotty'!H16+'City Centre'!H16+'Corbally-Grove Island'!H16+Dooradoyle!H16+'Kings Island'!H16+'Singland-Garryowen'!H16+Southhill!H16+Abbeyfeale!H16+Caherconlish!H16+Castleconnell!H16+Kilmallock!H16+'Newcastle West'!H16+Rathkeale!H16+Adare!H16+Askeaton!H16+Bruff!H16+Cappamore!H16+Croom!H16+Hospital!H16+Kilfinnane!H16+Moroe!H16+Patrickswell!H16+'Rest of county'!H16 -> 565.87644 | I16: =Ballinacurra!I16+Caherdavin!I16+'Castletroy-Annacotty'!I16+'City Centre'!I16+'Corbally-Grove Island'!I16+Dooradoyle!I16+'Kings Island'!I16+'Singland-Garryowen'!I16+Southhill!I16+Abbeyfeale!I16+Caherconlish!I16+Castleconnell!I16+Kilmallock!I16+'Newcastle West'!I16+Rathkeale!I16+Adare!I16+Askeaton!I16+Bruff!I16+Cappamore!I16+Croom!I16+Hospital!I16+Kilfinnane!I16+Moroe!I16+Patrickswell!I16+'Rest of county'!I16 -> 268.3422 | ... O16: =Ballinacurra!O16+Caherdavin!O16+'Castletroy-Annacotty'!O16+'City Centre'!O16+'Corbally-Grove Island'!O16+Dooradoyle!O16+'Kings Island'!O16+'Singland-Garryowen'!O16+Southhill!O16+Abbeyfeale!O16+Caherconlish!O16+Castleconnell!O16+Kilmallock!O16+'Newcastle West'!O16+Rathkeale!O16+Adare!O16+Askeaton!O16+Bruff!O16+Cappamore!O16+Croom!O16+Hospital!O16+Kilfinnane!O16+Moroe!O16+Patrickswell!O16+'Rest of county'!O16 -> 16.616893
A17: 2030 | B17: =Ballinacurra!B17+Caherdavin!B17+'Castletroy-Annacotty'!B17+'City Centre'!B17+'Corbally-Grove Island'!B17+Dooradoyle!B17+'Kings Island'!B17+'Singland-Garryowen'!B17+Southhill!B17+Abbeyfeale!B17+Caherconlish!B17+Castleconnell!B17+Kilmallock!B17+'Newcastle West'!B17+Rathkeale!B17+Adare!B17+Askeaton!B17+Bruff!B17+Cappamore!B17+Croom!B17+Hospital!B17+Kilfinnane!B17+Moroe!B17+Patrickswell!B17+'Rest of county'!B17 -> 4263 | C17: =Ballinacurra!C17+Caherdavin!C17+'Castletroy-Annacotty'!C17+'City Centre'!C17+'Corbally-Grove Island'!C17+Dooradoyle!C17+'Kings Island'!C17+'Singland-Garryowen'!C17+Southhill!C17+Abbeyfeale!C17+Caherconlish!C17+Castleconnell!C17+Kilmallock!C17+'Newcastle West'!C17+Rathkeale!C17+Adare!C17+Askeaton!C17+Bruff!C17+Cappamore!C17+Croom!C17+Hospital!C17+Kilfinnane!C17+Moroe!C17+Patrickswell!C17+'Rest of county'!C17 -> 1055.2475 | D17: =Ballinacurra!D17+Caherdavin!D17+'Castletroy-Annacotty'!D17+'City Centre'!D17+'Corbally-Grove Island'!D17+Dooradoyle!D17+'Kings Island'!D17+'Singland-Garryowen'!D17+Southhill!D17+Abbeyfeale!D17+Caherconlish!D17+Castleconnell!D17+Kilmallock!D17+'Newcastle West'!D17+Rathkeale!D17+Adare!D17+Askeaton!D17+Bruff!D17+Cappamore!D17+Croom!D17+Hospital!D17+Kilfinnane!D17+Moroe!D17+Patrickswell!D17+'Rest of county'!D17 -> 1327.3114 | E17: =Ballinacurra!E17+Caherdavin!E17+'Castletroy-Annacotty'!E17+'City Centre'!E17+'Corbally-Grove Island'!E17+Dooradoyle!E17+'Kings Island'!E17+'Singland-Garryowen'!E17+Southhill!E17+Abbeyfeale!E17+Caherconlish!E17+Castleconnell!E17+Kilmallock!E17+'Newcastle West'!E17+Rathkeale!E17+Adare!E17+Askeaton!E17+Bruff!E17+Cappamore!E17+Croom!E17+Hospital!E17+Kilfinnane!E17+Moroe!E17+Patrickswell!E17+'Rest of county'!E17 -> 783.18372 | F17: =Ballinacurra!F17+Caherdavin!F17+'Castletroy-Annacotty'!F17+'City Centre'!F17+'Corbally-Grove Island'!F17+Dooradoyle!F17+'Kings Island'!F17+'Singland-Garryowen'!F17+Southhill!F17+Abbeyfeale!F17+Caherconlish!F17+Castleconnell!F17+Kilmallock!F17+'Newcastle West'!F17+Rathkeale!F17+Adare!F17+Askeaton!F17+Bruff!F17+Cappamore!F17+Croom!F17+Hospital!F17+Kilfinnane!F17+Moroe!F17+Patrickswell!F17+'Rest of county'!F17 -> 1097.2574 | G17: =Ballinacurra!G17+Caherdavin!G17+'Castletroy-Annacotty'!G17+'City Centre'!G17+'Corbally-Grove Island'!G17+Dooradoyle!G17+'Kings Island'!G17+'Singland-Garryowen'!G17+Southhill!G17+Abbeyfeale!G17+Caherconlish!G17+Castleconnell!G17+Kilmallock!G17+'Newcastle West'!G17+Rathkeale!G17+Adare!G17+Askeaton!G17+Bruff!G17+Cappamore!G17+Croom!G17+Hospital!G17+Kilfinnane!G17+Moroe!G17+Patrickswell!G17+'Rest of county'!G17 -> 2266.179 | H17: =Ballinacurra!H17+Caherdavin!H17+'Castletroy-Annacotty'!H17+'City Centre'!H17+'Corbally-Grove Island'!H17+Dooradoyle!H17+'Kings Island'!H17+'Singland-Garryowen'!H17+Southhill!H17+Abbeyfeale!H17+Caherconlish!H17+Castleconnell!H17+Kilmallock!H17+'Newcastle West'!H17+Rathkeale!H17+Adare!H17+Askeaton!H17+Bruff!H17+Cappamore!H17+Croom!H17+Hospital!H17+Kilfinnane!H17+Moroe!H17+Patrickswell!H17+'Rest of county'!H17 -> 565.87644 | I17: =Ballinacurra!I17+Caherdavin!I17+'Castletroy-Annacotty'!I17+'City Centre'!I17+'Corbally-Grove Island'!I17+Dooradoyle!I17+'Kings Island'!I17+'Singland-Garryowen'!I17+Southhill!I17+Abbeyfeale!I17+Caherconlish!I17+Castleconnell!I17+Kilmallock!I17+'Newcastle West'!I17+Rathkeale!I17+Adare!I17+Askeaton!I17+Bruff!I17+Cappamore!I17+Croom!I17+Hospital!I17+Kilfinnane!I17+Moroe!I17+Patrickswell!I17+'Rest of county'!I17 -> 268.3422 | ... O17: =Ballinacurra!O17+Caherdavin!O17+'Castletroy-Annacotty'!O17+'City Centre'!O17+'Corbally-Grove Island'!O17+Dooradoyle!O17+'Kings Island'!O17+'Singland-Garryowen'!O17+Southhill!O17+Abbeyfeale!O17+Caherconlish!O17+Castleconnell!O17+Kilmallock!O17+'Newcastle West'!O17+Rathkeale!O17+Adare!O17+Askeaton!O17+Bruff!O17+Cappamore!O17+Croom!O17+Hospital!O17+Kilfinnane!O17+Moroe!O17+Patrickswell!O17+'Rest of county'!O17 -> 16.616893
A18: 2031 | B18: =Ballinacurra!B18+Caherdavin!B18+'Castletroy-Annacotty'!B18+'City Centre'!B18+'Corbally-Grove Island'!B18+Dooradoyle!B18+'Kings Island'!B18+'Singland-Garryowen'!B18+Southhill!B18+Abbeyfeale!B18+Caherconlish!B18+Castleconnell!B18+Kilmallock!B18+'Newcastle West'!B18+Rathkeale!B18+Adare!B18+Askeaton!B18+Bruff!B18+Cappamore!B18+Croom!B18+Hospital!B18+Kilfinnane!B18+Moroe!B18+Patrickswell!B18+'Rest of county'!B18 -> 2168 | C18: =Ballinacurra!C18+Caherdavin!C18+'Castletroy-Annacotty'!C18+'City Centre'!C18+'Corbally-Grove Island'!C18+Dooradoyle!C18+'Kings Island'!C18+'Singland-Garryowen'!C18+Southhill!C18+Abbeyfeale!C18+Caherconlish!C18+Castleconnell!C18+Kilmallock!C18+'Newcastle West'!C18+Rathkeale!C18+Adare!C18+Askeaton!C18+Bruff!C18+Cappamore!C18+Croom!C18+Hospital!C18+Kilfinnane!C18+Moroe!C18+Patrickswell!C18+'Rest of county'!C18 -> 501 | D18: =Ballinacurra!D18+Caherdavin!D18+'Castletroy-Annacotty'!D18+'City Centre'!D18+'Corbally-Grove Island'!D18+Dooradoyle!D18+'Kings Island'!D18+'Singland-Garryowen'!D18+Southhill!D18+Abbeyfeale!D18+Caherconlish!D18+Castleconnell!D18+Kilmallock!D18+'Newcastle West'!D18+Rathkeale!D18+Adare!D18+Askeaton!D18+Bruff!D18+Cappamore!D18+Croom!D18+Hospital!D18+Kilfinnane!D18+Moroe!D18+Patrickswell!D18+'Rest of county'!D18 -> 659 | E18: =Ballinacurra!E18+Caherdavin!E18+'Castletroy-Annacotty'!E18+'City Centre'!E18+'Corbally-Grove Island'!E18+Dooradoyle!E18+'Kings Island'!E18+'Singland-Garryowen'!E18+Southhill!E18+Abbeyfeale!E18+Caherconlish!E18+Castleconnell!E18+Kilmallock!E18+'Newcastle West'!E18+Rathkeale!E18+Adare!E18+Askeaton!E18+Bruff!E18+Cappamore!E18+Croom!E18+Hospital!E18+Kilfinnane!E18+Moroe!E18+Patrickswell!E18+'Rest of county'!E18 -> 412 | F18: =Ballinacurra!F18+Caherdavin!F18+'Castletroy-Annacotty'!F18+'City Centre'!F18+'Corbally-Grove Island'!F18+Dooradoyle!F18+'Kings Island'!F18+'Singland-Garryowen'!F18+Southhill!F18+Abbeyfeale!F18+Caherconlish!F18+Castleconnell!F18+Kilmallock!F18+'Newcastle West'!F18+Rathkeale!F18+Adare!F18+Askeaton!F18+Bruff!F18+Cappamore!F18+Croom!F18+Hospital!F18+Kilfinnane!F18+Moroe!F18+Patrickswell!F18+'Rest of county'!F18 -> 596 | G18: =Ballinacurra!G18+Caherdavin!G18+'Castletroy-Annacotty'!G18+'City Centre'!G18+'Corbally-Grove Island'!G18+Dooradoyle!G18+'Kings Island'!G18+'Singland-Garryowen'!G18+Southhill!G18+Abbeyfeale!G18+Caherconlish!G18+Castleconnell!G18+Kilmallock!G18+'Newcastle West'!G18+Rathkeale!G18+Adare!G18+Askeaton!G18+Bruff!G18+Cappamore!G18+Croom!G18+Hospital!G18+Kilfinnane!G18+Moroe!G18+Patrickswell!G18+'Rest of county'!G18 -> 1152.4926 | H18: =Ballinacurra!H18+Caherdavin!H18+'Castletroy-Annacotty'!H18+'City Centre'!H18+'Corbally-Grove Island'!H18+Dooradoyle!H18+'Kings Island'!H18+'Singland-Garryowen'!H18+Southhill!H18+Abbeyfeale!H18+Caherconlish!H18+Castleconnell!H18+Kilmallock!H18+'Newcastle West'!H18+Rathkeale!H18+Adare!H18+Askeaton!H18+Bruff!H18+Cappamore!H18+Croom!H18+Hospital!H18+Kilfinnane!H18+Moroe!H18+Patrickswell!H18+'Rest of county'!H18 -> 287.78328 | I18: =Ballinacurra!I18+Caherdavin!I18+'Castletroy-Annacotty'!I18+'City Centre'!I18+'Corbally-Grove Island'!I18+Dooradoyle!I18+'Kings Island'!I18+'Singland-Garryowen'!I18+Southhill!I18+Abbeyfeale!I18+Caherconlish!I18+Castleconnell!I18+Kilmallock!I18+'Newcastle West'!I18+Rathkeale!I18+Adare!I18+Askeaton!I18+Bruff!I18+Cappamore!I18+Croom!I18+Hospital!I18+Kilfinnane!I18+Moroe!I18+Patrickswell!I18+'Rest of county'!I18 -> 136.46866 | ... O18: =Ballinacurra!O18+Caherdavin!O18+'Castletroy-Annacotty'!O18+'City Centre'!O18+'Corbally-Grove Island'!O18+Dooradoyle!O18+'Kings Island'!O18+'Singland-Garryowen'!O18+Southhill!O18+Abbeyfeale!O18+Caherconlish!O18+Castleconnell!O18+Kilmallock!O18+'Newcastle West'!O18+Rathkeale!O18+Adare!O18+Askeaton!O18+Bruff!O18+Cappamore!O18+Croom!O18+Hospital!O18+Kilfinnane!O18+Moroe!O18+Patrickswell!O18+'Rest of county'!O18 -> 8.4507211
A19: 2032 | B19: =Ballinacurra!B19+Caherdavin!B19+'Castletroy-Annacotty'!B19+'City Centre'!B19+'Corbally-Grove Island'!B19+Dooradoyle!B19+'Kings Island'!B19+'Singland-Garryowen'!B19+Southhill!B19+Abbeyfeale!B19+Caherconlish!B19+Castleconnell!B19+Kilmallock!B19+'Newcastle West'!B19+Rathkeale!B19+Adare!B19+Askeaton!B19+Bruff!B19+Cappamore!B19+Croom!B19+Hospital!B19+Kilfinnane!B19+Moroe!B19+Patrickswell!B19+'Rest of county'!B19 -> 2168 | C19: =Ballinacurra!C19+Caherdavin!C19+'Castletroy-Annacotty'!C19+'City Centre'!C19+'Corbally-Grove Island'!C19+Dooradoyle!C19+'Kings Island'!C19+'Singland-Garryowen'!C19+Southhill!C19+Abbeyfeale!C19+Caherconlish!C19+Castleconnell!C19+Kilmallock!C19+'Newcastle West'!C19+Rathkeale!C19+Adare!C19+Askeaton!C19+Bruff!C19+Cappamore!C19+Croom!C19+Hospital!C19+Kilfinnane!C19+Moroe!C19+Patrickswell!C19+'Rest of county'!C19 -> 482 | D19: =Ballinacurra!D19+Caherdavin!D19+'Castletroy-Annacotty'!D19+'City Centre'!D19+'Corbally-Grove Island'!D19+Dooradoyle!D19+'Kings Island'!D19+'Singland-Garryowen'!D19+Southhill!D19+Abbeyfeale!D19+Caherconlish!D19+Castleconnell!D19+Kilmallock!D19+'Newcastle West'!D19+Rathkeale!D19+Adare!D19+Askeaton!D19+Bruff!D19+Cappamore!D19+Croom!D19+Hospital!D19+Kilfinnane!D19+Moroe!D19+Patrickswell!D19+'Rest of county'!D19 -> 646 | E19: =Ballinacurra!E19+Caherdavin!E19+'Castletroy-Annacotty'!E19+'City Centre'!E19+'Corbally-Grove Island'!E19+Dooradoyle!E19+'Kings Island'!E19+'Singland-Garryowen'!E19+Southhill!E19+Abbeyfeale!E19+Caherconlish!E19+Castleconnell!E19+Kilmallock!E19+'Newcastle West'!E19+Rathkeale!E19+Adare!E19+Askeaton!E19+Bruff!E19+Cappamore!E19+Croom!E19+Hospital!E19+Kilfinnane!E19+Moroe!E19+Patrickswell!E19+'Rest of county'!E19 -> 419 | F19: =Ballinacurra!F19+Caherdavin!F19+'Castletroy-Annacotty'!F19+'City Centre'!F19+'Corbally-Grove Island'!F19+Dooradoyle!F19+'Kings Island'!F19+'Singland-Garryowen'!F19+Southhill!F19+Abbeyfeale!F19+Caherconlish!F19+Castleconnell!F19+Kilmallock!F19+'Newcastle West'!F19+Rathkeale!F19+Adare!F19+Askeaton!F19+Bruff!F19+Cappamore!F19+Croom!F19+Hospital!F19+Kilfinnane!F19+Moroe!F19+Patrickswell!F19+'Rest of county'!F19 -> 621 | G19: =Ballinacurra!G19+Caherdavin!G19+'Castletroy-Annacotty'!G19+'City Centre'!G19+'Corbally-Grove Island'!G19+Dooradoyle!G19+'Kings Island'!G19+'Singland-Garryowen'!G19+Southhill!G19+Abbeyfeale!G19+Caherconlish!G19+Castleconnell!G19+Kilmallock!G19+'Newcastle West'!G19+Rathkeale!G19+Adare!G19+Askeaton!G19+Bruff!G19+Cappamore!G19+Croom!G19+Hospital!G19+Kilfinnane!G19+Moroe!G19+Patrickswell!G19+'Rest of county'!G19 -> 1152.4926 | H19: =Ballinacurra!H19+Caherdavin!H19+'Castletroy-Annacotty'!H19+'City Centre'!H19+'Corbally-Grove Island'!H19+Dooradoyle!H19+'Kings Island'!H19+'Singland-Garryowen'!H19+Southhill!H19+Abbeyfeale!H19+Caherconlish!H19+Castleconnell!H19+Kilmallock!H19+'Newcastle West'!H19+Rathkeale!H19+Adare!H19+Askeaton!H19+Bruff!H19+Cappamore!H19+Croom!H19+Hospital!H19+Kilfinnane!H19+Moroe!H19+Patrickswell!H19+'Rest of county'!H19 -> 287.78328 | I19: =Ballinacurra!I19+Caherdavin!I19+'Castletroy-Annacotty'!I19+'City Centre'!I19+'Corbally-Grove Island'!I19+Dooradoyle!I19+'Kings Island'!I19+'Singland-Garryowen'!I19+Southhill!I19+Abbeyfeale!I19+Caherconlish!I19+Castleconnell!I19+Kilmallock!I19+'Newcastle West'!I19+Rathkeale!I19+Adare!I19+Askeaton!I19+Bruff!I19+Cappamore!I19+Croom!I19+Hospital!I19+Kilfinnane!I19+Moroe!I19+Patrickswell!I19+'Rest of county'!I19 -> 136.46866 | ... O19: =Ballinacurra!O19+Caherdavin!O19+'Castletroy-Annacotty'!O19+'City Centre'!O19+'Corbally-Grove Island'!O19+Dooradoyle!O19+'Kings Island'!O19+'Singland-Garryowen'!O19+Southhill!O19+Abbeyfeale!O19+Caherconlish!O19+Castleconnell!O19+Kilmallock!O19+'Newcastle West'!O19+Rathkeale!O19+Adare!O19+Askeaton!O19+Bruff!O19+Cappamore!O19+Croom!O19+Hospital!O19+Kilfinnane!O19+Moroe!O19+Patrickswell!O19+'Rest of county'!O19 -> 8.4507211
A20: 2033 | B20: =Ballinacurra!B20+Caherdavin!B20+'Castletroy-Annacotty'!B20+'City Centre'!B20+'Corbally-Grove Island'!B20+Dooradoyle!B20+'Kings Island'!B20+'Singland-Garryowen'!B20+Southhill!B20+Abbeyfeale!B20+Caherconlish!B20+Castleconnell!B20+Kilmallock!B20+'Newcastle West'!B20+Rathkeale!B20+Adare!B20+Askeaton!B20+Bruff!B20+Cappamore!B20+Croom!B20+Hospital!B20+Kilfinnane!B20+Moroe!B20+Patrickswell!B20+'Rest of county'!B20 -> 2168 | C20: =Ballinacurra!C20+Caherdavin!C20+'Castletroy-Annacotty'!C20+'City Centre'!C20+'Corbally-Grove Island'!C20+Dooradoyle!C20+'Kings Island'!C20+'Singland-Garryowen'!C20+Southhill!C20+Abbeyfeale!C20+Caherconlish!C20+Castleconnell!C20+Kilmallock!C20+'Newcastle West'!C20+Rathkeale!C20+Adare!C20+Askeaton!C20+Bruff!C20+Cappamore!C20+Croom!C20+Hospital!C20+Kilfinnane!C20+Moroe!C20+Patrickswell!C20+'Rest of county'!C20 -> 478.22058 | D20: =Ballinacurra!D20+Caherdavin!D20+'Castletroy-Annacotty'!D20+'City Centre'!D20+'Corbally-Grove Island'!D20+Dooradoyle!D20+'Kings Island'!D20+'Singland-Garryowen'!D20+Southhill!D20+Abbeyfeale!D20+Caherconlish!D20+Castleconnell!D20+Kilmallock!D20+'Newcastle West'!D20+Rathkeale!D20+Adare!D20+Askeaton!D20+Bruff!D20+Cappamore!D20+Croom!D20+Hospital!D20+Kilfinnane!D20+Moroe!D20+Patrickswell!D20+'Rest of county'!D20 -> 648.29903 | E20: =Ballinacurra!E20+Caherdavin!E20+'Castletroy-Annacotty'!E20+'City Centre'!E20+'Corbally-Grove Island'!E20+Dooradoyle!E20+'Kings Island'!E20+'Singland-Garryowen'!E20+Southhill!E20+Abbeyfeale!E20+Caherconlish!E20+Castleconnell!E20+Kilmallock!E20+'Newcastle West'!E20+Rathkeale!E20+Adare!E20+Askeaton!E20+Bruff!E20+Cappamore!E20+Croom!E20+Hospital!E20+Kilfinnane!E20+Moroe!E20+Patrickswell!E20+'Rest of county'!E20 -> 419.19335 | F20: =Ballinacurra!F20+Caherdavin!F20+'Castletroy-Annacotty'!F20+'City Centre'!F20+'Corbally-Grove Island'!F20+Dooradoyle!F20+'Kings Island'!F20+'Singland-Garryowen'!F20+Southhill!F20+Abbeyfeale!F20+Caherconlish!F20+Castleconnell!F20+Kilmallock!F20+'Newcastle West'!F20+Rathkeale!F20+Adare!F20+Askeaton!F20+Bruff!F20+Cappamore!F20+Croom!F20+Hospital!F20+Kilfinnane!F20+Moroe!F20+Patrickswell!F20+'Rest of county'!F20 -> 622.28703 | G20: =Ballinacurra!G20+Caherdavin!G20+'Castletroy-Annacotty'!G20+'City Centre'!G20+'Corbally-Grove Island'!G20+Dooradoyle!G20+'Kings Island'!G20+'Singland-Garryowen'!G20+Southhill!G20+Abbeyfeale!G20+Caherconlish!G20+Castleconnell!G20+Kilmallock!G20+'Newcastle West'!G20+Rathkeale!G20+Adare!G20+Askeaton!G20+Bruff!G20+Cappamore!G20+Croom!G20+Hospital!G20+Kilfinnane!G20+Moroe!G20+Patrickswell!G20+'Rest of county'!G20 -> 1152.4926 | H20: =Ballinacurra!H20+Caherdavin!H20+'Castletroy-Annacotty'!H20+'City Centre'!H20+'Corbally-Grove Island'!H20+Dooradoyle!H20+'Kings Island'!H20+'Singland-Garryowen'!H20+Southhill!H20+Abbeyfeale!H20+Caherconlish!H20+Castleconnell!H20+Kilmallock!H20+'Newcastle West'!H20+Rathkeale!H20+Adare!H20+Askeaton!H20+Bruff!H20+Cappamore!H20+Croom!H20+Hospital!H20+Kilfinnane!H20+Moroe!H20+Patrickswell!H20+'Rest of county'!H20 -> 287.78328 | I20: =Ballinacurra!I20+Caherdavin!I20+'Castletroy-Annacotty'!I20+'City Centre'!I20+'Corbally-Grove Island'!I20+Dooradoyle!I20+'Kings Island'!I20+'Singland-Garryowen'!I20+Southhill!I20+Abbeyfeale!I20+Caherconlish!I20+Castleconnell!I20+Kilmallock!I20+'Newcastle West'!I20+Rathkeale!I20+Adare!I20+Askeaton!I20+Bruff!I20+Cappamore!I20+Croom!I20+Hospital!I20+Kilfinnane!I20+Moroe!I20+Patrickswell!I20+'Rest of county'!I20 -> 136.46866 | ... O20: =Ballinacurra!O20+Caherdavin!O20+'Castletroy-Annacotty'!O20+'City Centre'!O20+'Corbally-Grove Island'!O20+Dooradoyle!O20+'Kings Island'!O20+'Singland-Garryowen'!O20+Southhill!O20+Abbeyfeale!O20+Caherconlish!O20+Castleconnell!O20+Kilmallock!O20+'Newcastle West'!O20+Rathkeale!O20+Adare!O20+Askeaton!O20+Bruff!O20+Cappamore!O20+Croom!O20+Hospital!O20+Kilfinnane!O20+Moroe!O20+Patrickswell!O20+'Rest of county'!O20 -> 8.4507211
A21: 2034 | B21: =Ballinacurra!B21+Caherdavin!B21+'Castletroy-Annacotty'!B21+'City Centre'!B21+'Corbally-Grove Island'!B21+Dooradoyle!B21+'Kings Island'!B21+'Singland-Garryowen'!B21+Southhill!B21+Abbeyfeale!B21+Caherconlish!B21+Castleconnell!B21+Kilmallock!B21+'Newcastle West'!B21+Rathkeale!B21+Adare!B21+Askeaton!B21+Bruff!B21+Cappamore!B21+Croom!B21+Hospital!B21+Kilfinnane!B21+Moroe!B21+Patrickswell!B21+'Rest of county'!B21 -> 2168 | C21: =Ballinacurra!C21+Caherdavin!C21+'Castletroy-Annacotty'!C21+'City Centre'!C21+'Corbally-Grove Island'!C21+Dooradoyle!C21+'Kings Island'!C21+'Singland-Garryowen'!C21+Southhill!C21+Abbeyfeale!C21+Caherconlish!C21+Castleconnell!C21+Kilmallock!C21+'Newcastle West'!C21+Rathkeale!C21+Adare!C21+Askeaton!C21+Bruff!C21+Cappamore!C21+Croom!C21+Hospital!C21+Kilfinnane!C21+Moroe!C21+Patrickswell!C21+'Rest of county'!C21 -> 474 | D21: =Ballinacurra!D21+Caherdavin!D21+'Castletroy-Annacotty'!D21+'City Centre'!D21+'Corbally-Grove Island'!D21+Dooradoyle!D21+'Kings Island'!D21+'Singland-Garryowen'!D21+Southhill!D21+Abbeyfeale!D21+Caherconlish!D21+Castleconnell!D21+Kilmallock!D21+'Newcastle West'!D21+Rathkeale!D21+Adare!D21+Askeaton!D21+Bruff!D21+Cappamore!D21+Croom!D21+Hospital!D21+Kilfinnane!D21+Moroe!D21+Patrickswell!D21+'Rest of county'!D21 -> 650 | E21: =Ballinacurra!E21+Caherdavin!E21+'Castletroy-Annacotty'!E21+'City Centre'!E21+'Corbally-Grove Island'!E21+Dooradoyle!E21+'Kings Island'!E21+'Singland-Garryowen'!E21+Southhill!E21+Abbeyfeale!E21+Caherconlish!E21+Castleconnell!E21+Kilmallock!E21+'Newcastle West'!E21+Rathkeale!E21+Adare!E21+Askeaton!E21+Bruff!E21+Cappamore!E21+Croom!E21+Hospital!E21+Kilfinnane!E21+Moroe!E21+Patrickswell!E21+'Rest of county'!E21 -> 419 | F21: =Ballinacurra!F21+Caherdavin!F21+'Castletroy-Annacotty'!F21+'City Centre'!F21+'Corbally-Grove Island'!F21+Dooradoyle!F21+'Kings Island'!F21+'Singland-Garryowen'!F21+Southhill!F21+Abbeyfeale!F21+Caherconlish!F21+Castleconnell!F21+Kilmallock!F21+'Newcastle West'!F21+Rathkeale!F21+Adare!F21+Askeaton!F21+Bruff!F21+Cappamore!F21+Croom!F21+Hospital!F21+Kilfinnane!F21+Moroe!F21+Patrickswell!F21+'Rest of county'!F21 -> 625 | G21: =Ballinacurra!G21+Caherdavin!G21+'Castletroy-Annacotty'!G21+'City Centre'!G21+'Corbally-Grove Island'!G21+Dooradoyle!G21+'Kings Island'!G21+'Singland-Garryowen'!G21+Southhill!G21+Abbeyfeale!G21+Caherconlish!G21+Castleconnell!G21+Kilmallock!G21+'Newcastle West'!G21+Rathkeale!G21+Adare!G21+Askeaton!G21+Bruff!G21+Cappamore!G21+Croom!G21+Hospital!G21+Kilfinnane!G21+Moroe!G21+Patrickswell!G21+'Rest of county'!G21 -> 1152.4926 | H21: =Ballinacurra!H21+Caherdavin!H21+'Castletroy-Annacotty'!H21+'City Centre'!H21+'Corbally-Grove Island'!H21+Dooradoyle!H21+'Kings Island'!H21+'Singland-Garryowen'!H21+Southhill!H21+Abbeyfeale!H21+Caherconlish!H21+Castleconnell!H21+Kilmallock!H21+'Newcastle West'!H21+Rathkeale!H21+Adare!H21+Askeaton!H21+Bruff!H21+Cappamore!H21+Croom!H21+Hospital!H21+Kilfinnane!H21+Moroe!H21+Patrickswell!H21+'Rest of county'!H21 -> 287.78328 | I21: =Ballinacurra!I21+Caherdavin!I21+'Castletroy-Annacotty'!I21+'City Centre'!I21+'Corbally-Grove Island'!I21+Dooradoyle!I21+'Kings Island'!I21+'Singland-Garryowen'!I21+Southhill!I21+Abbeyfeale!I21+Caherconlish!I21+Castleconnell!I21+Kilmallock!I21+'Newcastle West'!I21+Rathkeale!I21+Adare!I21+Askeaton!I21+Bruff!I21+Cappamore!I21+Croom!I21+Hospital!I21+Kilfinnane!I21+Moroe!I21+Patrickswell!I21+'Rest of county'!I21 -> 136.46866 | ... O21: =Ballinacurra!O21+Caherdavin!O21+'Castletroy-Annacotty'!O21+'City Centre'!O21+'Corbally-Grove Island'!O21+Dooradoyle!O21+'Kings Island'!O21+'Singland-Garryowen'!O21+Southhill!O21+Abbeyfeale!O21+Caherconlish!O21+Castleconnell!O21+Kilmallock!O21+'Newcastle West'!O21+Rathkeale!O21+Adare!O21+Askeaton!O21+Bruff!O21+Cappamore!O21+Croom!O21+Hospital!O21+Kilfinnane!O21+Moroe!O21+Patrickswell!O21+'Rest of county'!O21 -> 8.4507211
A22: 2035 | B22: =Ballinacurra!B22+Caherdavin!B22+'Castletroy-Annacotty'!B22+'City Centre'!B22+'Corbally-Grove Island'!B22+Dooradoyle!B22+'Kings Island'!B22+'Singland-Garryowen'!B22+Southhill!B22+Abbeyfeale!B22+Caherconlish!B22+Castleconnell!B22+Kilmallock!B22+'Newcastle West'!B22+Rathkeale!B22+Adare!B22+Askeaton!B22+Bruff!B22+Cappamore!B22+Croom!B22+Hospital!B22+Kilfinnane!B22+Moroe!B22+Patrickswell!B22+'Rest of county'!B22 -> 2095 | C22: =Ballinacurra!C22+Caherdavin!C22+'Castletroy-Annacotty'!C22+'City Centre'!C22+'Corbally-Grove Island'!C22+Dooradoyle!C22+'Kings Island'!C22+'Singland-Garryowen'!C22+Southhill!C22+Abbeyfeale!C22+Caherconlish!C22+Castleconnell!C22+Kilmallock!C22+'Newcastle West'!C22+Rathkeale!C22+Adare!C22+Askeaton!C22+Bruff!C22+Cappamore!C22+Croom!C22+Hospital!C22+Kilfinnane!C22+Moroe!C22+Patrickswell!C22+'Rest of county'!C22 -> 449 | D22: =Ballinacurra!D22+Caherdavin!D22+'Castletroy-Annacotty'!D22+'City Centre'!D22+'Corbally-Grove Island'!D22+Dooradoyle!D22+'Kings Island'!D22+'Singland-Garryowen'!D22+Southhill!D22+Abbeyfeale!D22+Caherconlish!D22+Castleconnell!D22+Kilmallock!D22+'Newcastle West'!D22+Rathkeale!D22+Adare!D22+Askeaton!D22+Bruff!D22+Cappamore!D22+Croom!D22+Hospital!D22+Kilfinnane!D22+Moroe!D22+Patrickswell!D22+'Rest of county'!D22 -> 619 | E22: =Ballinacurra!E22+Caherdavin!E22+'Castletroy-Annacotty'!E22+'City Centre'!E22+'Corbally-Grove Island'!E22+Dooradoyle!E22+'Kings Island'!E22+'Singland-Garryowen'!E22+Southhill!E22+Abbeyfeale!E22+Caherconlish!E22+Castleconnell!E22+Kilmallock!E22+'Newcastle West'!E22+Rathkeale!E22+Adare!E22+Askeaton!E22+Bruff!E22+Cappamore!E22+Croom!E22+Hospital!E22+Kilfinnane!E22+Moroe!E22+Patrickswell!E22+'Rest of county'!E22 -> 402 | F22: =Ballinacurra!F22+Caherdavin!F22+'Castletroy-Annacotty'!F22+'City Centre'!F22+'Corbally-Grove Island'!F22+Dooradoyle!F22+'Kings Island'!F22+'Singland-Garryowen'!F22+Southhill!F22+Abbeyfeale!F22+Caherconlish!F22+Castleconnell!F22+Kilmallock!F22+'Newcastle West'!F22+Rathkeale!F22+Adare!F22+Askeaton!F22+Bruff!F22+Cappamore!F22+Croom!F22+Hospital!F22+Kilfinnane!F22+Moroe!F22+Patrickswell!F22+'Rest of county'!F22 -> 625 | G22: =Ballinacurra!G22+Caherdavin!G22+'Castletroy-Annacotty'!G22+'City Centre'!G22+'Corbally-Grove Island'!G22+Dooradoyle!G22+'Kings Island'!G22+'Singland-Garryowen'!G22+Southhill!G22+Abbeyfeale!G22+Caherconlish!G22+Castleconnell!G22+Kilmallock!G22+'Newcastle West'!G22+Rathkeale!G22+Adare!G22+Askeaton!G22+Bruff!G22+Cappamore!G22+Croom!G22+Hospital!G22+Kilfinnane!G22+Moroe!G22+Patrickswell!G22+'Rest of county'!G22 -> 1113.6864 | H22: =Ballinacurra!H22+Caherdavin!H22+'Castletroy-Annacotty'!H22+'City Centre'!H22+'Corbally-Grove Island'!H22+Dooradoyle!H22+'Kings Island'!H22+'Singland-Garryowen'!H22+Southhill!H22+Abbeyfeale!H22+Caherconlish!H22+Castleconnell!H22+Kilmallock!H22+'Newcastle West'!H22+Rathkeale!H22+Adare!H22+Askeaton!H22+Bruff!H22+Cappamore!H22+Croom!H22+Hospital!H22+Kilfinnane!H22+Moroe!H22+Patrickswell!H22+'Rest of county'!H22 -> 278.09316 | I22: =Ballinacurra!I22+Caherdavin!I22+'Castletroy-Annacotty'!I22+'City Centre'!I22+'Corbally-Grove Island'!I22+Dooradoyle!I22+'Kings Island'!I22+'Singland-Garryowen'!I22+Southhill!I22+Abbeyfeale!I22+Caherconlish!I22+Castleconnell!I22+Kilmallock!I22+'Newcastle West'!I22+Rathkeale!I22+Adare!I22+Askeaton!I22+Bruff!I22+Cappamore!I22+Croom!I22+Hospital!I22+Kilfinnane!I22+Moroe!I22+Patrickswell!I22+'Rest of county'!I22 -> 131.87354 | ... O22: =Ballinacurra!O22+Caherdavin!O22+'Castletroy-Annacotty'!O22+'City Centre'!O22+'Corbally-Grove Island'!O22+Dooradoyle!O22+'Kings Island'!O22+'Singland-Garryowen'!O22+Southhill!O22+Abbeyfeale!O22+Caherconlish!O22+Castleconnell!O22+Kilmallock!O22+'Newcastle West'!O22+Rathkeale!O22+Adare!O22+Askeaton!O22+Bruff!O22+Cappamore!O22+Croom!O22+Hospital!O22+Kilfinnane!O22+Moroe!O22+Patrickswell!O22+'Rest of county'!O22 -> 8.1661719
A23: 2036 | B23: =Ballinacurra!B23+Caherdavin!B23+'Castletroy-Annacotty'!B23+'City Centre'!B23+'Corbally-Grove Island'!B23+Dooradoyle!B23+'Kings Island'!B23+'Singland-Garryowen'!B23+Southhill!B23+Abbeyfeale!B23+Caherconlish!B23+Castleconnell!B23+Kilmallock!B23+'Newcastle West'!B23+Rathkeale!B23+Adare!B23+Askeaton!B23+Bruff!B23+Cappamore!B23+Croom!B23+Hospital!B23+Kilfinnane!B23+Moroe!B23+Patrickswell!B23+'Rest of county'!B23 -> 1587 | C23: =Ballinacurra!C23+Caherdavin!C23+'Castletroy-Annacotty'!C23+'City Centre'!C23+'Corbally-Grove Island'!C23+Dooradoyle!C23+'Kings Island'!C23+'Singland-Garryowen'!C23+Southhill!C23+Abbeyfeale!C23+Caherconlish!C23+Castleconnell!C23+Kilmallock!C23+'Newcastle West'!C23+Rathkeale!C23+Adare!C23+Askeaton!C23+Bruff!C23+Cappamore!C23+Croom!C23+Hospital!C23+Kilfinnane!C23+Moroe!C23+Patrickswell!C23+'Rest of county'!C23 -> 382.83698 | D23: =Ballinacurra!D23+Caherdavin!D23+'Castletroy-Annacotty'!D23+'City Centre'!D23+'Corbally-Grove Island'!D23+Dooradoyle!D23+'Kings Island'!D23+'Singland-Garryowen'!D23+Southhill!D23+Abbeyfeale!D23+Caherconlish!D23+Castleconnell!D23+Kilmallock!D23+'Newcastle West'!D23+Rathkeale!D23+Adare!D23+Askeaton!D23+Bruff!D23+Cappamore!D23+Croom!D23+Hospital!D23+Kilfinnane!D23+Moroe!D23+Patrickswell!D23+'Rest of county'!D23 -> 492.40978 | E23: =Ballinacurra!E23+Caherdavin!E23+'Castletroy-Annacotty'!E23+'City Centre'!E23+'Corbally-Grove Island'!E23+Dooradoyle!E23+'Kings Island'!E23+'Singland-Garryowen'!E23+Southhill!E23+Abbeyfeale!E23+Caherconlish!E23+Castleconnell!E23+Kilmallock!E23+'Newcastle West'!E23+Rathkeale!E23+Adare!E23+Askeaton!E23+Bruff!E23+Cappamore!E23+Croom!E23+Hospital!E23+Kilfinnane!E23+Moroe!E23+Patrickswell!E23+'Rest of county'!E23 -> 296.76173 | F23: =Ballinacurra!F23+Caherdavin!F23+'Castletroy-Annacotty'!F23+'City Centre'!F23+'Corbally-Grove Island'!F23+Dooradoyle!F23+'Kings Island'!F23+'Singland-Garryowen'!F23+Southhill!F23+Abbeyfeale!F23+Caherconlish!F23+Castleconnell!F23+Kilmallock!F23+'Newcastle West'!F23+Rathkeale!F23+Adare!F23+Askeaton!F23+Bruff!F23+Cappamore!F23+Croom!F23+Hospital!F23+Kilfinnane!F23+Moroe!F23+Patrickswell!F23+'Rest of county'!F23 -> 414.99152 | G23: =Ballinacurra!G23+Caherdavin!G23+'Castletroy-Annacotty'!G23+'City Centre'!G23+'Corbally-Grove Island'!G23+Dooradoyle!G23+'Kings Island'!G23+'Singland-Garryowen'!G23+Southhill!G23+Abbeyfeale!G23+Caherconlish!G23+Castleconnell!G23+Kilmallock!G23+'Newcastle West'!G23+Rathkeale!G23+Adare!G23+Askeaton!G23+Bruff!G23+Cappamore!G23+Croom!G23+Hospital!G23+Kilfinnane!G23+Moroe!G23+Patrickswell!G23+'Rest of county'!G23 -> 843.63737 | H23: =Ballinacurra!H23+Caherdavin!H23+'Castletroy-Annacotty'!H23+'City Centre'!H23+'Corbally-Grove Island'!H23+Dooradoyle!H23+'Kings Island'!H23+'Singland-Garryowen'!H23+Southhill!H23+Abbeyfeale!H23+Caherconlish!H23+Castleconnell!H23+Kilmallock!H23+'Newcastle West'!H23+Rathkeale!H23+Adare!H23+Askeaton!H23+Bruff!H23+Cappamore!H23+Croom!H23+Hospital!H23+Kilfinnane!H23+Moroe!H23+Patrickswell!H23+'Rest of county'!H23 -> 210.66055 | I23: =Ballinacurra!I23+Caherdavin!I23+'Castletroy-Annacotty'!I23+'City Centre'!I23+'Corbally-Grove Island'!I23+Dooradoyle!I23+'Kings Island'!I23+'Singland-Garryowen'!I23+Southhill!I23+Abbeyfeale!I23+Caherconlish!I23+Castleconnell!I23+Kilmallock!I23+'Newcastle West'!I23+Rathkeale!I23+Adare!I23+Askeaton!I23+Bruff!I23+Cappamore!I23+Croom!I23+Hospital!I23+Kilfinnane!I23+Moroe!I23+Patrickswell!I23+'Rest of county'!I23 -> 99.896569 | ... O23: =Ballinacurra!O23+Caherdavin!O23+'Castletroy-Annacotty'!O23+'City Centre'!O23+'Corbally-Grove Island'!O23+Dooradoyle!O23+'Kings Island'!O23+'Singland-Garryowen'!O23+Southhill!O23+Abbeyfeale!O23+Caherconlish!O23+Castleconnell!O23+Kilmallock!O23+'Newcastle West'!O23+Rathkeale!O23+Adare!O23+Askeaton!O23+Bruff!O23+Cappamore!O23+Croom!O23+Hospital!O23+Kilfinnane!O23+Moroe!O23+Patrickswell!O23+'Rest of county'!O23 -> 6.1860214
A24: 2037 | B24: =Ballinacurra!B24+Caherdavin!B24+'Castletroy-Annacotty'!B24+'City Centre'!B24+'Corbally-Grove Island'!B24+Dooradoyle!B24+'Kings Island'!B24+'Singland-Garryowen'!B24+Southhill!B24+Abbeyfeale!B24+Caherconlish!B24+Castleconnell!B24+Kilmallock!B24+'Newcastle West'!B24+Rathkeale!B24+Adare!B24+Askeaton!B24+Bruff!B24+Cappamore!B24+Croom!B24+Hospital!B24+Kilfinnane!B24+Moroe!B24+Patrickswell!B24+'Rest of county'!B24 -> 1574 | C24: =Ballinacurra!C24+Caherdavin!C24+'Castletroy-Annacotty'!C24+'City Centre'!C24+'Corbally-Grove Island'!C24+Dooradoyle!C24+'Kings Island'!C24+'Singland-Garryowen'!C24+Southhill!C24+Abbeyfeale!C24+Caherconlish!C24+Castleconnell!C24+Kilmallock!C24+'Newcastle West'!C24+Rathkeale!C24+Adare!C24+Askeaton!C24+Bruff!C24+Cappamore!C24+Croom!C24+Hospital!C24+Kilfinnane!C24+Moroe!C24+Patrickswell!C24+'Rest of county'!C24 -> 379.70094 | D24: =Ballinacurra!D24+Caherdavin!D24+'Castletroy-Annacotty'!D24+'City Centre'!D24+'Corbally-Grove Island'!D24+Dooradoyle!D24+'Kings Island'!D24+'Singland-Garryowen'!D24+Southhill!D24+Abbeyfeale!D24+Caherconlish!D24+Castleconnell!D24+Kilmallock!D24+'Newcastle West'!D24+Rathkeale!D24+Adare!D24+Askeaton!D24+Bruff!D24+Cappamore!D24+Croom!D24+Hospital!D24+Kilfinnane!D24+Moroe!D24+Patrickswell!D24+'Rest of county'!D24 -> 488.37617 | E24: =Ballinacurra!E24+Caherdavin!E24+'Castletroy-Annacotty'!E24+'City Centre'!E24+'Corbally-Grove Island'!E24+Dooradoyle!E24+'Kings Island'!E24+'Singland-Garryowen'!E24+Southhill!E24+Abbeyfeale!E24+Caherconlish!E24+Castleconnell!E24+Kilmallock!E24+'Newcastle West'!E24+Rathkeale!E24+Adare!E24+Askeaton!E24+Bruff!E24+Cappamore!E24+Croom!E24+Hospital!E24+Kilfinnane!E24+Moroe!E24+Patrickswell!E24+'Rest of county'!E24 -> 294.33079 | F24: =Ballinacurra!F24+Caherdavin!F24+'Castletroy-Annacotty'!F24+'City Centre'!F24+'Corbally-Grove Island'!F24+Dooradoyle!F24+'Kings Island'!F24+'Singland-Garryowen'!F24+Southhill!F24+Abbeyfeale!F24+Caherconlish!F24+Castleconnell!F24+Kilmallock!F24+'Newcastle West'!F24+Rathkeale!F24+Adare!F24+Askeaton!F24+Bruff!F24+Cappamore!F24+Croom!F24+Hospital!F24+Kilfinnane!F24+Moroe!F24+Patrickswell!F24+'Rest of county'!F24 -> 411.5921 | G24: =Ballinacurra!G24+Caherdavin!G24+'Castletroy-Annacotty'!G24+'City Centre'!G24+'Corbally-Grove Island'!G24+Dooradoyle!G24+'Kings Island'!G24+'Singland-Garryowen'!G24+Southhill!G24+Abbeyfeale!G24+Caherconlish!G24+Castleconnell!G24+Kilmallock!G24+'Newcastle West'!G24+Rathkeale!G24+Adare!G24+Askeaton!G24+Bruff!G24+Cappamore!G24+Croom!G24+Hospital!G24+Kilfinnane!G24+Moroe!G24+Patrickswell!G24+'Rest of county'!G24 -> 836.72667 | H24: =Ballinacurra!H24+Caherdavin!H24+'Castletroy-Annacotty'!H24+'City Centre'!H24+'Corbally-Grove Island'!H24+Dooradoyle!H24+'Kings Island'!H24+'Singland-Garryowen'!H24+Southhill!H24+Abbeyfeale!H24+Caherconlish!H24+Castleconnell!H24+Kilmallock!H24+'Newcastle West'!H24+Rathkeale!H24+Adare!H24+Askeaton!H24+Bruff!H24+Cappamore!H24+Croom!H24+Hospital!H24+Kilfinnane!H24+Moroe!H24+Patrickswell!H24+'Rest of county'!H24 -> 208.93491 | I24: =Ballinacurra!I24+Caherdavin!I24+'Castletroy-Annacotty'!I24+'City Centre'!I24+'Corbally-Grove Island'!I24+Dooradoyle!I24+'Kings Island'!I24+'Singland-Garryowen'!I24+Southhill!I24+Abbeyfeale!I24+Caherconlish!I24+Castleconnell!I24+Kilmallock!I24+'Newcastle West'!I24+Rathkeale!I24+Adare!I24+Askeaton!I24+Bruff!I24+Cappamore!I24+Croom!I24+Hospital!I24+Kilfinnane!I24+Moroe!I24+Patrickswell!I24+'Rest of county'!I24 -> 99.07826 | ... O24: =Ballinacurra!O24+Caherdavin!O24+'Castletroy-Annacotty'!O24+'City Centre'!O24+'Corbally-Grove Island'!O24+Dooradoyle!O24+'Kings Island'!O24+'Singland-Garryowen'!O24+Southhill!O24+Abbeyfeale!O24+Caherconlish!O24+Castleconnell!O24+Kilmallock!O24+'Newcastle West'!O24+Rathkeale!O24+Adare!O24+Askeaton!O24+Bruff!O24+Cappamore!O24+Croom!O24+Hospital!O24+Kilfinnane!O24+Moroe!O24+Patrickswell!O24+'Rest of county'!O24 -> 6.1353483
... A27: 2040 | B27: =Ballinacurra!B27+Caherdavin!B27+'Castletroy-Annacotty'!B27+'City Centre'!B27+'Corbally-Grove Island'!B27+Dooradoyle!B27+'Kings Island'!B27+'Singland-Garryowen'!B27+Southhill!B27+Abbeyfeale!B27+Caherconlish!B27+Castleconnell!B27+Kilmallock!B27+'Newcastle West'!B27+Rathkeale!B27+Adare!B27+Askeaton!B27+Bruff!B27+Cappamore!B27+Croom!B27+Hospital!B27+Kilfinnane!B27+Moroe!B27+Patrickswell!B27+'Rest of county'!B27 -> 1525 | C27: =Ballinacurra!C27+Caherdavin!C27+'Castletroy-Annacotty'!C27+'City Centre'!C27+'Corbally-Grove Island'!C27+Dooradoyle!C27+'Kings Island'!C27+'Singland-Garryowen'!C27+Southhill!C27+Abbeyfeale!C27+Caherconlish!C27+Castleconnell!C27+Kilmallock!C27+'Newcastle West'!C27+Rathkeale!C27+Adare!C27+Askeaton!C27+Bruff!C27+Cappamore!C27+Croom!C27+Hospital!C27+Kilfinnane!C27+Moroe!C27+Patrickswell!C27+'Rest of county'!C27 -> 367.88052 | D27: =Ballinacurra!D27+Caherdavin!D27+'Castletroy-Annacotty'!D27+'City Centre'!D27+'Corbally-Grove Island'!D27+Dooradoyle!D27+'Kings Island'!D27+'Singland-Garryowen'!D27+Southhill!D27+Abbeyfeale!D27+Caherconlish!D27+Castleconnell!D27+Kilmallock!D27+'Newcastle West'!D27+Rathkeale!D27+Adare!D27+Askeaton!D27+Bruff!D27+Cappamore!D27+Croom!D27+Hospital!D27+Kilfinnane!D27+Moroe!D27+Patrickswell!D27+'Rest of county'!D27 -> 473.17259 | E27: =Ballinacurra!E27+Caherdavin!E27+'Castletroy-Annacotty'!E27+'City Centre'!E27+'Corbally-Grove Island'!E27+Dooradoyle!E27+'Kings Island'!E27+'Singland-Garryowen'!E27+Southhill!E27+Abbeyfeale!E27+Caherconlish!E27+Castleconnell!E27+Kilmallock!E27+'Newcastle West'!E27+Rathkeale!E27+Adare!E27+Askeaton!E27+Bruff!E27+Cappamore!E27+Croom!E27+Hospital!E27+Kilfinnane!E27+Moroe!E27+Patrickswell!E27+'Rest of county'!E27 -> 285.16801 | F27: =Ballinacurra!F27+Caherdavin!F27+'Castletroy-Annacotty'!F27+'City Centre'!F27+'Corbally-Grove Island'!F27+Dooradoyle!F27+'Kings Island'!F27+'Singland-Garryowen'!F27+Southhill!F27+Abbeyfeale!F27+Caherconlish!F27+Castleconnell!F27+Kilmallock!F27+'Newcastle West'!F27+Rathkeale!F27+Adare!F27+Askeaton!F27+Bruff!F27+Cappamore!F27+Croom!F27+Hospital!F27+Kilfinnane!F27+Moroe!F27+Patrickswell!F27+'Rest of county'!F27 -> 398.77887 | G27: =Ballinacurra!G27+Caherdavin!G27+'Castletroy-Annacotty'!G27+'City Centre'!G27+'Corbally-Grove Island'!G27+Dooradoyle!G27+'Kings Island'!G27+'Singland-Garryowen'!G27+Southhill!G27+Abbeyfeale!G27+Caherconlish!G27+Castleconnell!G27+Kilmallock!G27+'Newcastle West'!G27+Rathkeale!G27+Adare!G27+Askeaton!G27+Bruff!G27+Cappamore!G27+Croom!G27+Hospital!G27+Kilfinnane!G27+Moroe!G27+Patrickswell!G27+'Rest of county'!G27 -> 810.67863 | H27: =Ballinacurra!H27+Caherdavin!H27+'Castletroy-Annacotty'!H27+'City Centre'!H27+'Corbally-Grove Island'!H27+Dooradoyle!H27+'Kings Island'!H27+'Singland-Garryowen'!H27+Southhill!H27+Abbeyfeale!H27+Caherconlish!H27+Castleconnell!H27+Kilmallock!H27+'Newcastle West'!H27+Rathkeale!H27+Adare!H27+Askeaton!H27+Bruff!H27+Cappamore!H27+Croom!H27+Hospital!H27+Kilfinnane!H27+Moroe!H27+Patrickswell!H27+'Rest of county'!H27 -> 202.43058 | I27: =Ballinacurra!I27+Caherdavin!I27+'Castletroy-Annacotty'!I27+'City Centre'!I27+'Corbally-Grove Island'!I27+Dooradoyle!I27+'Kings Island'!I27+'Singland-Garryowen'!I27+Southhill!I27+Abbeyfeale!I27+Caherconlish!I27+Castleconnell!I27+Kilmallock!I27+'Newcastle West'!I27+Rathkeale!I27+Adare!I27+Askeaton!I27+Bruff!I27+Cappamore!I27+Croom!I27+Hospital!I27+Kilfinnane!I27+Moroe!I27+Patrickswell!I27+'Rest of county'!I27 -> 95.993867 | ... O27: =Ballinacurra!O27+Caherdavin!O27+'Castletroy-Annacotty'!O27+'City Centre'!O27+'Corbally-Grove Island'!O27+Dooradoyle!O27+'Kings Island'!O27+'Singland-Garryowen'!O27+Southhill!O27+Abbeyfeale!O27+Caherconlish!O27+Castleconnell!O27+Kilmallock!O27+'Newcastle West'!O27+Rathkeale!O27+Adare!O27+Askeaton!O27+Bruff!O27+Cappamore!O27+Croom!O27+Hospital!O27+Kilfinnane!O27+Moroe!O27+Patrickswell!O27+'Rest of county'!O27 -> 5.9443495
A28: Total 2026 to end year | B28: =SUM(B13:B27) -> 39864 | C28: =SUM(C13:C27) -> 9616.4848 | D28: =SUM(D13:D27) -> 12368.87 | E28: =SUM(E13:E27) -> 7454.3905 | F28: =SUM(F13:F27) -> 10424.254 | G28: =SUM(G13:G27) -> 21191.405 | H28: =SUM(H13:H27) -> 5291.6018 | I28: =SUM(I13:I27) -> 2509.3112 | ... O28: =SUM(O13:O27) -> 155.38724
A29: Share of new homes | B29: =IF($B$28>0,B28/$B$28,0) -> 1 | C29: =IF($B$28>0,C28/$B$28,0) -> 0.24123231 | D29: =IF($B$28>0,D28/$B$28,0) -> 0.3102767 | E29: =IF($B$28>0,E28/$B$28,0) -> 0.18699555 | F29: =IF($B$28>0,F28/$B$28,0) -> 0.26149544 | G29: =IF($B$28>0,G28/$B$28,0) -> 0.53159255 | H29: =IF($B$28>0,H28/$B$28,0) -> 0.13274137 | I29: =IF($B$28>0,I28/$B$28,0) -> 0.062946798 | ... O29: =IF($B$28>0,O28/$B$28,0) -> 0.0038979341
A32: Unit mix: existing homes, new homes and the two combined at the end year
A33: Bedrooms | B33: Existing homes, 2022 | C33: % | D33: New homes | E33: % | F33: Combined | G33: %
A34: 1-bed | B34: =Ballinacurra!B34+Caherdavin!B34+'Castletroy-Annacotty'!B34+'City Centre'!B34+'Corbally-Grove Island'!B34+Dooradoyle!B34+'Kings Island'!B34+'Singland-Garryowen'!B34+Southhill!B34+Abbeyfeale!B34+Caherconlish!B34+Castleconnell!B34+Kilmallock!B34+'Newcastle West'!B34+Rathkeale!B34+Adare!B34+Askeaton!B34+Bruff!B34+Cappamore!B34+Croom!B34+Hospital!B34+Kilfinnane!B34+Moroe!B34+Patrickswell!B34+'Rest of county'!B34 -> 3527.4533 | C34: =IF($B$38>0,B34/$B$38,0) -> 0.046234397 | D34: =C28 -> 9616.4848 | E34: =IF($D$38>0,D34/$D$38,0) -> 0.24123231 | F34: =B34+D34 -> 13143.938 | G34: =IF($F$38>0,F34/$F$38,0) -> 0.11315471
A35: 2-bed | B35: =Ballinacurra!B35+Caherdavin!B35+'Castletroy-Annacotty'!B35+'City Centre'!B35+'Corbally-Grove Island'!B35+Dooradoyle!B35+'Kings Island'!B35+'Singland-Garryowen'!B35+Southhill!B35+Abbeyfeale!B35+Caherconlish!B35+Castleconnell!B35+Kilmallock!B35+'Newcastle West'!B35+Rathkeale!B35+Adare!B35+Askeaton!B35+Bruff!B35+Cappamore!B35+Croom!B35+Hospital!B35+Kilfinnane!B35+Moroe!B35+Patrickswell!B35+'Rest of county'!B35 -> 13008.087 | C35: =IF($B$38>0,B35/$B$38,0) -> 0.17049723 | D35: =D28 -> 12368.87 | E35: =IF($D$38>0,D35/$D$38,0) -> 0.3102767 | F35: =B35+D35 -> 25376.957 | G35: =IF($F$38>0,F35/$F$38,0) -> 0.21846742
A36: 3-bed | B36: =Ballinacurra!B36+Caherdavin!B36+'Castletroy-Annacotty'!B36+'City Centre'!B36+'Corbally-Grove Island'!B36+Dooradoyle!B36+'Kings Island'!B36+'Singland-Garryowen'!B36+Southhill!B36+Abbeyfeale!B36+Caherconlish!B36+Castleconnell!B36+Kilmallock!B36+'Newcastle West'!B36+Rathkeale!B36+Adare!B36+Askeaton!B36+Bruff!B36+Cappamore!B36+Croom!B36+Hospital!B36+Kilfinnane!B36+Moroe!B36+Patrickswell!B36+'Rest of county'!B36 -> 30982.979 | C36: =IF($B$38>0,B36/$B$38,0) -> 0.40609449 | D36: =E28 -> 7454.3905 | E36: =IF($D$38>0,D36/$D$38,0) -> 0.18699555 | F36: =B36+D36 -> 38437.37 | G36: =IF($F$38>0,F36/$F$38,0) -> 0.33090307
A37: 4+ bed | B37: =Ballinacurra!B37+Caherdavin!B37+'Castletroy-Annacotty'!B37+'City Centre'!B37+'Corbally-Grove Island'!B37+Dooradoyle!B37+'Kings Island'!B37+'Singland-Garryowen'!B37+Southhill!B37+Abbeyfeale!B37+Caherconlish!B37+Castleconnell!B37+Kilmallock!B37+'Newcastle West'!B37+Rathkeale!B37+Adare!B37+Askeaton!B37+Bruff!B37+Cappamore!B37+Croom!B37+Hospital!B37+Kilfinnane!B37+Moroe!B37+Patrickswell!B37+'Rest of county'!B37 -> 28776.481 | C37: =IF($B$38>0,B37/$B$38,0) -> 0.37717388 | D37: =F28 -> 10424.254 | E37: =IF($D$38>0,D37/$D$38,0) -> 0.26149544 | F37: =B37+D37 -> 39200.735 | G37: =IF($F$38>0,F37/$F$38,0) -> 0.3374748
A38: Total | B38: =SUM(B34:B37) -> 76295 | C38: =SUM(C34:C37) -> 1 | D38: =SUM(D34:D37) -> 39864 | E38: =SUM(E34:E37) -> 1 | F38: =SUM(F34:F37) -> 116159 | G38: =SUM(G34:G37) -> 1
A39: Existing homes: Census 2022 households by stated bedrooms (T6_9), with not stated and 0-bed households spread pro rata so the total is all households.
A40: Every cell is the sum of the same cell on the 25 catchment tabs. Per-year tenure is the sum of the catchments, so it follows each catchment's period shares rather than Limerick's year-by-year scenario profile; totals over the period match Limerick (see Validation).
A41: Figures are unrounded model outputs shown to the nearest home, so displayed rows can differ from totals by rounding.

Sheet Land
A1: Land needed at existing densities
A2: ="New homes per year, 2026–"&Model!$B$3&", from the catchment tabs, divided by each place's existing net residential density. Set by the levers on the Intro tab." -> New homes per year, 2026–2040, from the catchment tabs, divided by each place's existing net residential density. Set by the levers on the Intro tab.
A3: Density (column C) is an input: the measured net density on existing residential (R2) land by default. Type a different homes-per-hectare figure to test another density.
E5: New homes by year
A6: Catchment | B6: Type of place | C6: Existing net density (homes/ha) | D6: Density basis | E6: 2026 | F6: 2027 | G6: 2028 | H6: 2029 | I6: 2030 | J6: 2031 | K6: 2032 | L6: 2033 | M6: 2034 | N6: 2035 | O6: 2036 | P6: 2037 | Q6: 2038 | R6: 2039 | S6: 2040 | T6: Homes, total | U6: Land needed (ha)
A7: Ballinacurra | B7: City neighbourhood | C7: 31 | D7: R2 land: 1,919 homes on 62.0 ha (84% of its homes) | E7: =Ballinacurra!B13 -> 129.24076 | F7: =Ballinacurra!B14 -> 129.24076 | G7: =Ballinacurra!B15 -> 129.24076 | H7: =Ballinacurra!B16 -> 129.24076 | I7: =Ballinacurra!B17 -> 129.24076 | J7: =Ballinacurra!B18 -> 65.726945 | K7: =Ballinacurra!B19 -> 65.726945 | L7: =Ballinacurra!B20 -> 65.726945 | M7: =Ballinacurra!B21 -> 65.726945 | N7: =Ballinacurra!B22 -> 63.513814 | O7: =Ballinacurra!B23 -> 48.112851 | P7: =Ballinacurra!B24 -> 47.718732 | Q7: =Ballinacurra!B25 -> 47.142712 | R7: =Ballinacurra!B26 -> 46.718276 | S7: =Ballinacurra!B27 -> 46.233206 | T7: =SUM(E7:S7) -> 1208.5512 | U7: =IF(C7>0,T7/C7,0) -> 38.985521
A8: Caherdavin | B8: City neighbourhood | C8: 25 | D8: R2 land: 7,640 homes on 305.5 ha (96% of its homes) | E8: =Caherdavin!B13 -> 525.2811 | F8: =Caherdavin!B14 -> 525.2811 | G8: =Caherdavin!B15 -> 525.2811 | H8: =Caherdavin!B16 -> 525.2811 | I8: =Caherdavin!B17 -> 525.2811 | J8: =Caherdavin!B18 -> 267.13803 | K8: =Caherdavin!B19 -> 267.13803 | L8: =Caherdavin!B20 -> 267.13803 | M8: =Caherdavin!B21 -> 267.13803 | N8: =Caherdavin!B22 -> 258.14307 | O8: =Caherdavin!B23 -> 195.54799 | P8: =Caherdavin!B24 -> 193.94615 | Q8: =Caherdavin!B25 -> 191.605 | R8: =Caherdavin!B26 -> 189.87994 | S8: =Caherdavin!B27 -> 187.90844 | T8: =SUM(E8:S8) -> 4911.9882 | U8: =IF(C8>0,T8/C8,0) -> 196.47953
A9: Castletroy/Annacotty | B9: City neighbourhood | C9: 24.4 | D9: R2 land: 6,170 homes on 252.4 ha (71% of its homes) | E9: ='Castletroy-Annacotty'!B13 -> 623.20332 | F9: ='Castletroy-Annacotty'!B14 -> 623.20332 | G9: ='Castletroy-Annacotty'!B15 -> 623.20332 | H9: ='Castletroy-Annacotty'!B16 -> 623.20332 | I9: ='Castletroy-Annacotty'!B17 -> 623.20332 | J9: ='Castletroy-Annacotty'!B18 -> 316.93756 | K9: ='Castletroy-Annacotty'!B19 -> 316.93756 | L9: ='Castletroy-Annacotty'!B20 -> 316.93756 | M9: ='Castletroy-Annacotty'!B21 -> 316.93756 | N9: ='Castletroy-Annacotty'!B22 -> 306.26577 | O9: ='Castletroy-Annacotty'!B23 -> 232.0018 | P9: ='Castletroy-Annacotty'!B24 -> 230.10134 | Q9: ='Castletroy-Annacotty'!B25 -> 227.32375 | R9: ='Castletroy-Annacotty'!B26 -> 225.27711 | S9: ='Castletroy-Annacotty'!B27 -> 222.93809 | T9: =SUM(E9:S9) -> 5827.6747 | U9: =IF(C9>0,T9/C9,0) -> 238.83913
A10: City Centre | B10: City neighbourhood | C10: 35.4 | D10: R2 land: 3,310 homes on 93.5 ha (37% of its homes) | E10: ='City Centre'!B13 -> 541.35479 | F10: ='City Centre'!B14 -> 541.35479 | G10: ='City Centre'!B15 -> 541.35479 | H10: ='City Centre'!B16 -> 541.35479 | I10: ='City Centre'!B17 -> 541.35479 | J10: ='City Centre'!B18 -> 275.3125 | K10: ='City Centre'!B19 -> 275.3125 | L10: ='City Centre'!B20 -> 275.3125 | M10: ='City Centre'!B21 -> 275.3125 | N10: ='City Centre'!B22 -> 266.04229 | O10: ='City Centre'!B23 -> 201.5318 | P10: ='City Centre'!B24 -> 199.88094 | Q10: ='City Centre'!B25 -> 197.46814 | R10: ='City Centre'!B26 -> 195.69029 | S10: ='City Centre'!B27 -> 193.65847 | T10: =SUM(E10:S10) -> 5062.2959 | U10: =IF(C10>0,T10/C10,0) -> 143.00271
A11: Corbally/Grove Island | B11: City neighbourhood | C11: 24.1 | D11: R2 land: 1,852 homes on 76.7 ha (100% of its homes) | E11: ='Corbally-Grove Island'!B13 -> 136.93719 | F11: ='Corbally-Grove Island'!B14 -> 136.93719 | G11: ='Corbally-Grove Island'!B15 -> 136.93719 | H11: ='Corbally-Grove Island'!B16 -> 136.93719 | I11: ='Corbally-Grove Island'!B17 -> 136.93719 | J11: ='Corbally-Grove Island'!B18 -> 69.641055 | K11: ='Corbally-Grove Island'!B19 -> 69.641055 | L11: ='Corbally-Grove Island'!B20 -> 69.641055 | M11: ='Corbally-Grove Island'!B21 -> 69.641055 | N11: ='Corbally-Grove Island'!B22 -> 67.29613 | O11: ='Corbally-Grove Island'!B23 -> 50.978023 | P11: ='Corbally-Grove Island'!B24 -> 50.560434 | Q11: ='Corbally-Grove Island'!B25 -> 49.950111 | R11: ='Corbally-Grove Island'!B26 -> 49.500399 | S11: ='Corbally-Grove Island'!B27 -> 48.986443 | T11: =SUM(E11:S11) -> 1280.5217 | U11: =IF(C11>0,T11/C11,0) -> 53.13368
A12: Dooradoyle | B12: City neighbourhood | C12: 22.5 | D12: R2 land: 7,060 homes on 314.2 ha (90% of its homes) | E12: =Dooradoyle!B13 -> 583.89234 | F12: =Dooradoyle!B14 -> 583.89234 | G12: =Dooradoyle!B15 -> 583.89234 | H12: =Dooradoyle!B16 -> 583.89234 | I12: =Dooradoyle!B17 -> 583.89234 | J12: =Dooradoyle!B18 -> 296.94548 | K12: =Dooradoyle!B19 -> 296.94548 | L12: =Dooradoyle!B20 -> 296.94548 | M12: =Dooradoyle!B21 -> 296.94548 | N12: =Dooradoyle!B22 -> 286.94686 | O12: =Dooradoyle!B23 -> 217.36738 | P12: =Dooradoyle!B24 -> 215.5868 | Q12: =Dooradoyle!B25 -> 212.98442 | R12: =Dooradoyle!B26 -> 211.06688 | S12: =Dooradoyle!B27 -> 208.8754 | T12: =SUM(E12:S12) -> 5460.0714 | U12: =IF(C12>0,T12/C12,0) -> 242.66984
A13: Kings Island | B13: City neighbourhood | C13: 46.1 | D13: R2 land: 626 homes on 13.6 ha (58% of its homes) | E13: ='Kings Island'!B13 -> 67.728552 | F13: ='Kings Island'!B14 -> 67.728552 | G13: ='Kings Island'!B15 -> 67.728552 | H13: ='Kings Island'!B16 -> 67.728552 | I13: ='Kings Island'!B17 -> 67.728552 | J13: ='Kings Island'!B18 -> 34.444171 | K13: ='Kings Island'!B19 -> 34.444171 | L13: ='Kings Island'!B20 -> 34.444171 | M13: ='Kings Island'!B21 -> 34.444171 | N13: ='Kings Island'!B22 -> 33.284381 | O13: ='Kings Island'!B23 -> 25.213514 | P13: ='Kings Island'!B24 -> 25.006976 | Q13: ='Kings Island'!B25 -> 24.705113 | R13: ='Kings Island'!B26 -> 24.482688 | S13: ='Kings Island'!B27 -> 24.228487 | T13: =SUM(E13:S13) -> 633.3406 | U13: =IF(C13>0,T13/C13,0) -> 13.738408
A14: Singland/Garryowen | B14: City neighbourhood | C14: 35.3 | D14: R2 land: 4,232 homes on 119.8 ha (91% of its homes) | E14: ='Singland-Garryowen'!B13 -> 336.57064 | F14: ='Singland-Garryowen'!B14 -> 336.57064 | G14: ='Singland-Garryowen'!B15 -> 336.57064 | H14: ='Singland-Garryowen'!B16 -> 336.57064 | I14: ='Singland-Garryowen'!B17 -> 336.57064 | J14: ='Singland-Garryowen'!B18 -> 171.16706 | K14: ='Singland-Garryowen'!B19 -> 171.16706 | L14: ='Singland-Garryowen'!B20 -> 171.16706 | M14: ='Singland-Garryowen'!B21 -> 171.16706 | N14: ='Singland-Garryowen'!B22 -> 165.40359 | O14: ='Singland-Garryowen'!B23 -> 125.29618 | P14: ='Singland-Garryowen'!B24 -> 124.26981 | Q14: ='Singland-Garryowen'!B25 -> 122.76973 | R14: ='Singland-Garryowen'!B26 -> 121.66441 | S14: ='Singland-Garryowen'!B27 -> 120.40118 | T14: =SUM(E14:S14) -> 3147.3263 | U14: =IF(C14>0,T14/C14,0) -> 89.159386
A15: Southhill | B15: City neighbourhood | C15: 24.4 | D15: R2 land: 2,401 homes on 98.5 ha (96% of its homes) | E15: =Southhill!B13 -> 184.53662 | F15: =Southhill!B14 -> 184.53662 | G15: =Southhill!B15 -> 184.53662 | H15: =Southhill!B16 -> 184.53662 | I15: =Southhill!B17 -> 184.53662 | J15: =Southhill!B18 -> 93.848322 | K15: =Southhill!B19 -> 93.848322 | L15: =Southhill!B20 -> 93.848322 | M15: =Southhill!B21 -> 93.848322 | N15: =Southhill!B22 -> 90.6883 | O15: =Southhill!B23 -> 68.698011 | P15: =Southhill!B24 -> 68.135267 | Q15: =Southhill!B25 -> 67.312796 | R15: =Southhill!B26 -> 66.706764 | S15: =Southhill!B27 -> 66.014156 | T15: =SUM(E15:S15) -> 1725.6317 | U15: =IF(C15>0,T15/C15,0) -> 70.72261
A16: Abbeyfeale | B16: Key town | C16: 18.1 | D16: R2 land: 872 homes on 48.3 ha (76% of its homes) | E16: =Abbeyfeale!B13 -> 57.667226 | F16: =Abbeyfeale!B14 -> 57.667226 | G16: =Abbeyfeale!B15 -> 57.667226 | H16: =Abbeyfeale!B16 -> 57.667226 | I16: =Abbeyfeale!B17 -> 57.667226 | J16: =Abbeyfeale!B18 -> 29.327363 | K16: =Abbeyfeale!B19 -> 29.327363 | L16: =Abbeyfeale!B20 -> 29.327363 | M16: =Abbeyfeale!B21 -> 29.327363 | N16: =Abbeyfeale!B22 -> 28.339864 | O16: =Abbeyfeale!B23 -> 21.467954 | P16: =Abbeyfeale!B24 -> 21.292098 | Q16: =Abbeyfeale!B25 -> 21.035078 | R16: =Abbeyfeale!B26 -> 20.845695 | S16: =Abbeyfeale!B27 -> 20.629256 | T16: =SUM(E16:S16) -> 539.25553 | U16: =IF(C16>0,T16/C16,0) -> 29.793123
A17: Caherconlish | B17: Key town | C17: 20.3 | D17: R2 land: 445 homes on 21.9 ha (78% of its homes) | E17: =Caherconlish!B13 -> 34.202631 | F17: =Caherconlish!B14 -> 34.202631 | G17: =Caherconlish!B15 -> 34.202631 | H17: =Caherconlish!B16 -> 34.202631 | I17: =Caherconlish!B17 -> 34.202631 | J17: =Caherconlish!B18 -> 17.39416 | K17: =Caherconlish!B19 -> 17.39416 | L17: =Caherconlish!B20 -> 17.39416 | M17: =Caherconlish!B21 -> 17.39416 | N17: =Caherconlish!B22 -> 16.808471 | O17: =Caherconlish!B23 -> 12.732718 | P17: =Caherconlish!B24 -> 12.628417 | Q17: =Caherconlish!B25 -> 12.475977 | R17: =Caherconlish!B26 -> 12.363653 | S17: =Caherconlish!B27 -> 12.235283 | T17: =SUM(E17:S17) -> 319.83431 | U17: =IF(C17>0,T17/C17,0) -> 15.755385
A18: Castleconnell | B18: Key town | C18: 18.4 | D18: R2 land: 743 homes on 40.4 ha (71% of its homes) | E18: =Castleconnell!B13 -> 56.076406 | F18: =Castleconnell!B14 -> 56.076406 | G18: =Castleconnell!B15 -> 56.076406 | H18: =Castleconnell!B16 -> 56.076406 | I18: =Castleconnell!B17 -> 56.076406 | J18: =Castleconnell!B18 -> 28.518332 | K18: =Castleconnell!B19 -> 28.518332 | L18: =Castleconnell!B20 -> 28.518332 | M18: =Castleconnell!B21 -> 28.518332 | N18: =Castleconnell!B22 -> 27.558074 | O18: =Castleconnell!B23 -> 20.875735 | P18: =Castleconnell!B24 -> 20.70473 | Q18: =Castleconnell!B25 -> 20.4548 | R18: =Castleconnell!B26 -> 20.270641 | S18: =Castleconnell!B27 -> 20.060174 | T18: =SUM(E18:S18) -> 524.37951 | U18: =IF(C18>0,T18/C18,0) -> 28.498887
A19: Kilmallock | B19: Key town | C19: 17.2 | D19: R2 land: 482 homes on 28.0 ha (56% of its homes) | E19: =Kilmallock!B13 -> 44.344109 | F19: =Kilmallock!B14 -> 44.344109 | G19: =Kilmallock!B15 -> 44.344109 | H19: =Kilmallock!B16 -> 44.344109 | I19: =Kilmallock!B17 -> 44.344109 | J19: =Kilmallock!B18 -> 22.551731 | K19: =Kilmallock!B19 -> 22.551731 | L19: =Kilmallock!B20 -> 22.551731 | M19: =Kilmallock!B21 -> 22.551731 | N19: =Kilmallock!B22 -> 21.792378 | O19: =Kilmallock!B23 -> 16.508116 | P19: =Kilmallock!B24 -> 16.372889 | Q19: =Kilmallock!B25 -> 16.17525 | R19: =Kilmallock!B26 -> 16.02962 | S19: =Kilmallock!B27 -> 15.863187 | T19: =SUM(E19:S19) -> 414.66891 | U19: =IF(C19>0,T19/C19,0) -> 24.108657
A20: Newcastle West | B20: Key town | C20: 22.9 | D20: R2 land: 2,778 homes on 121.1 ha (88% of its homes) | E20: ='Newcastle West'!B13 -> 193.08578 | F20: ='Newcastle West'!B14 -> 193.08578 | G20: ='Newcastle West'!B15 -> 193.08578 | H20: ='Newcastle West'!B16 -> 193.08578 | I20: ='Newcastle West'!B17 -> 193.08578 | J20: ='Newcastle West'!B18 -> 98.1961 | K20: ='Newcastle West'!B19 -> 98.1961 | L20: ='Newcastle West'!B20 -> 98.1961 | M20: ='Newcastle West'!B21 -> 98.1961 | N20: ='Newcastle West'!B22 -> 94.889682 | O20: ='Newcastle West'!B23 -> 71.880633 | P20: ='Newcastle West'!B24 -> 71.291818 | Q20: ='Newcastle West'!B25 -> 70.431244 | R20: ='Newcastle West'!B26 -> 69.797136 | S20: ='Newcastle West'!B27 -> 69.072441 | T20: =SUM(E20:S20) -> 1805.5763 | U20: =IF(C20>0,T20/C20,0) -> 78.846125
A21: Rathkeale | B21: Key town | C21: 16.5 | D21: R2 land: 705 homes on 42.6 ha (85% of its homes) | E21: =Rathkeale!B13 -> 40.168206 | F21: =Rathkeale!B14 -> 40.168206 | G21: =Rathkeale!B15 -> 40.168206 | H21: =Rathkeale!B16 -> 40.168206 | I21: =Rathkeale!B17 -> 40.168206 | J21: =Rathkeale!B18 -> 20.428025 | K21: =Rathkeale!B19 -> 20.428025 | L21: =Rathkeale!B20 -> 20.428025 | M21: =Rathkeale!B21 -> 20.428025 | N21: =Rathkeale!B22 -> 19.740181 | O21: =Rathkeale!B23 -> 14.95354 | P21: =Rathkeale!B24 -> 14.831048 | Q21: =Rathkeale!B25 -> 14.65202 | R21: =Rathkeale!B26 -> 14.520104 | S21: =Rathkeale!B27 -> 14.369344 | T21: =SUM(E21:S21) -> 375.61937 | U21: =IF(C21>0,T21/C21,0) -> 22.76481
A22: Adare | B22: Village | C22: 12.9 | D22: R2 land: 515 homes on 39.9 ha (84% of its homes) | E22: =Adare!B13 -> 39.770501 | F22: =Adare!B14 -> 39.770501 | G22: =Adare!B15 -> 39.770501 | H22: =Adare!B16 -> 39.770501 | I22: =Adare!B17 -> 39.770501 | J22: =Adare!B18 -> 20.225767 | K22: =Adare!B19 -> 20.225767 | L22: =Adare!B20 -> 20.225767 | M22: =Adare!B21 -> 20.225767 | N22: =Adare!B22 -> 19.544734 | O22: =Adare!B23 -> 14.805486 | P22: =Adare!B24 -> 14.684206 | Q22: =Adare!B25 -> 14.50695 | R22: =Adare!B26 -> 14.376341 | S22: =Adare!B27 -> 14.227073 | T22: =SUM(E22:S22) -> 371.90036 | U22: =IF(C22>0,T22/C22,0) -> 28.829486
A23: Askeaton | B23: Village | C23: 17.6 | D23: No zoning in the dataset for Askeaton: average of the villages with R2 zoning | E23: =Askeaton!B13 -> 32.412958 | F23: =Askeaton!B14 -> 32.412958 | G23: =Askeaton!B15 -> 32.412958 | H23: =Askeaton!B16 -> 32.412958 | I23: =Askeaton!B17 -> 32.412958 | J23: =Askeaton!B18 -> 16.484 | K23: =Askeaton!B19 -> 16.484 | L23: =Askeaton!B20 -> 16.484 | M23: =Askeaton!B21 -> 16.484 | N23: =Askeaton!B22 -> 15.928958 | O23: =Askeaton!B23 -> 12.066471 | P23: =Askeaton!B24 -> 11.967628 | Q23: =Askeaton!B25 -> 11.823164 | R23: =Askeaton!B26 -> 11.716718 | S23: =Askeaton!B27 -> 11.595065 | T23: =SUM(E23:S23) -> 303.0988 | U23: =IF(C23>0,T23/C23,0) -> 17.221523
A24: Bruff | B24: Village | C24: 14.2 | D24: R2 land: 285 homes on 20.0 ha (67% of its homes) | E24: =Bruff!B13 -> 22.669186 | F24: =Bruff!B14 -> 22.669186 | G24: =Bruff!B15 -> 22.669186 | H24: =Bruff!B16 -> 22.669186 | I24: =Bruff!B17 -> 22.669186 | J24: =Bruff!B18 -> 11.528687 | K24: =Bruff!B19 -> 11.528687 | L24: =Bruff!B20 -> 11.528687 | M24: =Bruff!B21 -> 11.528687 | N24: =Bruff!B22 -> 11.140498 | O24: =Bruff!B23 -> 8.4391268 | P24: =Bruff!B24 -> 8.3699972 | Q24: =Bruff!B25 -> 8.2689617 | R24: =Bruff!B26 -> 8.1945144 | S24: =Bruff!B27 -> 8.1094318 | T24: =SUM(E24:S24) -> 211.98321 | U24: =IF(C24>0,T24/C24,0) -> 14.928395
A25: Cappamore | B25: Village | C25: 21.6 | D25: R2 land: 264 homes on 12.2 ha (74% of its homes) | E25: =Cappamore!B13 -> 17.697873 | F25: =Cappamore!B14 -> 17.697873 | G25: =Cappamore!B15 -> 17.697873 | H25: =Cappamore!B16 -> 17.697873 | I25: =Cappamore!B17 -> 17.697873 | J25: =Cappamore!B18 -> 9.0004665 | K25: =Cappamore!B19 -> 9.0004665 | L25: =Cappamore!B20 -> 9.0004665 | M25: =Cappamore!B21 -> 9.0004665 | N25: =Cappamore!B22 -> 8.6974065 | O25: =Cappamore!B23 -> 6.5884411 | P25: =Cappamore!B24 -> 6.5344715 | Q25: =Cappamore!B25 -> 6.4555929 | R25: =Cappamore!B26 -> 6.3974718 | S25: =Cappamore!B27 -> 6.3310477 | T25: =SUM(E25:S25) -> 165.49566 | U25: =IF(C25>0,T25/C25,0) -> 7.6618362
A26: Croom | B26: Village | C26: 16 | D26: R2 land: 345 homes on 21.6 ha (64% of its homes) | E26: =Croom!B13 -> 28.435908 | F26: =Croom!B14 -> 28.435908 | G26: =Croom!B15 -> 28.435908 | H26: =Croom!B16 -> 28.435908 | I26: =Croom!B17 -> 28.435908 | J26: =Croom!B18 -> 14.461424 | K26: =Croom!B19 -> 14.461424 | L26: =Croom!B20 -> 14.461424 | M26: =Croom!B21 -> 14.461424 | N26: =Croom!B22 -> 13.974485 | O26: =Croom!B23 -> 10.585922 | P26: =Croom!B24 -> 10.499207 | Q26: =Croom!B25 -> 10.372469 | R26: =Croom!B26 -> 10.279084 | S26: =Croom!B27 -> 10.172357 | T26: =SUM(E26:S26) -> 265.90876 | U26: =IF(C26>0,T26/C26,0) -> 16.619298
A27: Hospital | B27: Village | C27: 16.6 | D27: R2 land: 259 homes on 15.6 ha (73% of its homes) | E27: =Hospital!B13 -> 17.49902 | F27: =Hospital!B14 -> 17.49902 | G27: =Hospital!B15 -> 17.49902 | H27: =Hospital!B16 -> 17.49902 | I27: =Hospital!B17 -> 17.49902 | J27: =Hospital!B18 -> 8.8993376 | K27: =Hospital!B19 -> 8.8993376 | L27: =Hospital!B20 -> 8.8993376 | M27: =Hospital!B21 -> 8.8993376 | N27: =Hospital!B22 -> 8.5996828 | O27: =Hospital!B23 -> 6.5144137 | P27: =Hospital!B24 -> 6.4610505 | Q27: =Hospital!B25 -> 6.3830581 | R27: =Hospital!B26 -> 6.3255901 | S27: =Hospital!B27 -> 6.2599123 | T27: =SUM(E27:S27) -> 163.63616 | U27: =IF(C27>0,T27/C27,0) -> 9.8576
A28: Kilfinnane | B28: Village | C28: 19.3 | D28: R2 land: 342 homes on 17.7 ha (79% of its homes) | E28: =Kilfinnane!B13 -> 22.271481 | F28: =Kilfinnane!B14 -> 22.271481 | G28: =Kilfinnane!B15 -> 22.271481 | H28: =Kilfinnane!B16 -> 22.271481 | I28: =Kilfinnane!B17 -> 22.271481 | J28: =Kilfinnane!B18 -> 11.32643 | K28: =Kilfinnane!B19 -> 11.32643 | L28: =Kilfinnane!B20 -> 11.32643 | M28: =Kilfinnane!B21 -> 11.32643 | N28: =Kilfinnane!B22 -> 10.945051 | O28: =Kilfinnane!B23 -> 8.2910719 | P28: =Kilfinnane!B24 -> 8.2231551 | Q28: =Kilfinnane!B25 -> 8.1238922 | R28: =Kilfinnane!B26 -> 8.050751 | S28: =Kilfinnane!B27 -> 7.9671611 | T28: =SUM(E28:S28) -> 208.2642 | U28: =IF(C28>0,T28/C28,0) -> 10.790891
A29: Moroe | B29: Village | C29: 25.8 | D29: R2 land: 484 homes on 18.8 ha (90% of its homes) | E29: =Moroe!B13 -> 32.015253 | F29: =Moroe!B14 -> 32.015253 | G29: =Moroe!B15 -> 32.015253 | H29: =Moroe!B16 -> 32.015253 | I29: =Moroe!B17 -> 32.015253 | J29: =Moroe!B18 -> 16.281743 | K29: =Moroe!B19 -> 16.281743 | L29: =Moroe!B20 -> 16.281743 | M29: =Moroe!B21 -> 16.281743 | N29: =Moroe!B22 -> 15.733511 | O29: =Moroe!B23 -> 11.918416 | P29: =Moroe!B24 -> 11.820786 | Q29: =Moroe!B25 -> 11.678095 | R29: =Moroe!B26 -> 11.572955 | S29: =Moroe!B27 -> 11.452794 | T29: =SUM(E29:S29) -> 299.37979 | U29: =IF(C29>0,T29/C29,0) -> 11.603868
A30: Patrickswell | B30: Village | C30: 21.5 | D30: R2 land: 374 homes on 17.4 ha (81% of its homes) | E30: =Patrickswell!B13 -> 79.541002 | F30: =Patrickswell!B14 -> 79.541002 | G30: =Patrickswell!B15 -> 79.541002 | H30: =Patrickswell!B16 -> 79.541002 | I30: =Patrickswell!B17 -> 79.541002 | J30: =Patrickswell!B18 -> 40.451535 | K30: =Patrickswell!B19 -> 40.451535 | L30: =Patrickswell!B20 -> 40.451535 | M30: =Patrickswell!B21 -> 40.451535 | N30: =Patrickswell!B22 -> 39.089467 | O30: =Patrickswell!B23 -> 29.610971 | P30: =Patrickswell!B24 -> 29.368411 | Q30: =Patrickswell!B25 -> 29.013901 | R30: =Patrickswell!B26 -> 28.752682 | S30: =Patrickswell!B27 -> 28.454147 | T30: =SUM(E30:S30) -> 743.80073 | U30: =IF(C30>0,T30/C30,0) -> 34.595383
A31: Rest of county | B31: Rest of county | C31: 10.1 | D31: R2 land in the smaller zoned villages. Most homes here are one-off rural houses on unzoned land, at about 0.1 homes/ha gross | E31: ='Rest of county'!B13 -> 416.39715 | F31: ='Rest of county'!B14 -> 416.39715 | G31: ='Rest of county'!B15 -> 416.39715 | H31: ='Rest of county'!B16 -> 416.39715 | I31: ='Rest of county'!B17 -> 416.39715 | J31: ='Rest of county'!B18 -> 211.76378 | K31: ='Rest of county'!B19 -> 211.76378 | L31: ='Rest of county'!B20 -> 211.76378 | M31: ='Rest of county'!B21 -> 211.76378 | N31: ='Rest of county'!B22 -> 204.63336 | O31: ='Rest of county'!B23 -> 155.01343 | P31: ='Rest of county'!B24 -> 153.74363 | Q31: ='Rest of county'!B25 -> 151.88777 | R31: ='Rest of county'!B26 -> 150.52029 | S31: ='Rest of county'!B27 -> 148.95746 | T31: =SUM(E31:S31) -> 3893.7968 | U31: =IF(C31>0,T31/C31,0) -> 385.52444
A32: Limerick | C32: =IF(U32>0,T32/U32,0) -> 21.853699 | D32: Average density implied by the land total | E32: =SUM(E7:E31) -> 4263 | F32: =SUM(F7:F31) -> 4263 | G32: =SUM(G7:G31) -> 4263 | H32: =SUM(H7:H31) -> 4263 | I32: =SUM(I7:I31) -> 4263 | J32: =SUM(J7:J31) -> 2168 | K32: =SUM(K7:K31) -> 2168 | L32: =SUM(L7:L31) -> 2168 | ... U32: =SUM(U7:U31) -> 1824.1305
A34: By type of place
A35: Type of place | C35: Average density (homes/ha) | E35: 2026 | F35: 2027 | G35: 2028 | H35: 2029 | I35: 2030 | J35: 2031 | K35: 2032 | L35: 2033 | M35: 2034 | N35: 2035 | O35: 2036 | P35: 2037 | Q35: 2038 | R35: 2039 | S35: 2040 | T35: Homes, total | U35: Land needed (ha)
A36: City neighbourhoods | C36: =IF(U36>0,T36/U36,0) -> 26.9224 | E36: =SUMIFS(E$7:E$31,$B$7:$B$31,"City neighbourhood") -> 3128.7453 | F36: =SUMIFS(F$7:F$31,$B$7:$B$31,"City neighbourhood") -> 3128.7453 | G36: =SUMIFS(G$7:G$31,$B$7:$B$31,"City neighbourhood") -> 3128.7453 | H36: =SUMIFS(H$7:H$31,$B$7:$B$31,"City neighbourhood") -> 3128.7453 | I36: =SUMIFS(I$7:I$31,$B$7:$B$31,"City neighbourhood") -> 3128.7453 | J36: =SUMIFS(J$7:J$31,$B$7:$B$31,"City neighbourhood") -> 1591.1611 | K36: =SUMIFS(K$7:K$31,$B$7:$B$31,"City neighbourhood") -> 1591.1611 | L36: =SUMIFS(L$7:L$31,$B$7:$B$31,"City neighbourhood") -> 1591.1611 | ... U36: =SUMIFS(U$7:U$31,$B$7:$B$31,"City neighbourhood") -> 1086.7308
A37: Key towns | C37: =IF(U37>0,T37/U37,0) -> 19.919877 | E37: =SUMIFS(E$7:E$31,$B$7:$B$31,"Key town") -> 425.54436 | F37: =SUMIFS(F$7:F$31,$B$7:$B$31,"Key town") -> 425.54436 | G37: =SUMIFS(G$7:G$31,$B$7:$B$31,"Key town") -> 425.54436 | H37: =SUMIFS(H$7:H$31,$B$7:$B$31,"Key town") -> 425.54436 | I37: =SUMIFS(I$7:I$31,$B$7:$B$31,"Key town") -> 425.54436 | J37: =SUMIFS(J$7:J$31,$B$7:$B$31,"Key town") -> 216.41571 | K37: =SUMIFS(K$7:K$31,$B$7:$B$31,"Key town") -> 216.41571 | L37: =SUMIFS(L$7:L$31,$B$7:$B$31,"Key town") -> 216.41571 | ... U37: =SUMIFS(U$7:U$31,$B$7:$B$31,"Key town") -> 199.76699
A38: Villages | C38: =IF(U38>0,T38/U38,0) -> 17.970538 | E38: =SUMIFS(E$7:E$31,$B$7:$B$31,"Village") -> 292.31318 | F38: =SUMIFS(F$7:F$31,$B$7:$B$31,"Village") -> 292.31318 | G38: =SUMIFS(G$7:G$31,$B$7:$B$31,"Village") -> 292.31318 | H38: =SUMIFS(H$7:H$31,$B$7:$B$31,"Village") -> 292.31318 | I38: =SUMIFS(I$7:I$31,$B$7:$B$31,"Village") -> 292.31318 | J38: =SUMIFS(J$7:J$31,$B$7:$B$31,"Village") -> 148.65939 | K38: =SUMIFS(K$7:K$31,$B$7:$B$31,"Village") -> 148.65939 | L38: =SUMIFS(L$7:L$31,$B$7:$B$31,"Village") -> 148.65939 | ... U38: =SUMIFS(U$7:U$31,$B$7:$B$31,"Village") -> 152.10828
A39: Rest of county | C39: =IF(U39>0,T39/U39,0) -> 10.1 | E39: =SUMIFS(E$7:E$31,$B$7:$B$31,"Rest of county") -> 416.39715 | F39: =SUMIFS(F$7:F$31,$B$7:$B$31,"Rest of county") -> 416.39715 | G39: =SUMIFS(G$7:G$31,$B$7:$B$31,"Rest of county") -> 416.39715 | H39: =SUMIFS(H$7:H$31,$B$7:$B$31,"Rest of county") -> 416.39715 | I39: =SUMIFS(I$7:I$31,$B$7:$B$31,"Rest of county") -> 416.39715 | J39: =SUMIFS(J$7:J$31,$B$7:$B$31,"Rest of county") -> 211.76378 | K39: =SUMIFS(K$7:K$31,$B$7:$B$31,"Rest of county") -> 211.76378 | L39: =SUMIFS(L$7:L$31,$B$7:$B$31,"Rest of county") -> 211.76378 | ... U39: =SUMIFS(U$7:U$31,$B$7:$B$31,"Rest of county") -> 385.52444
A42: Land needed by year (ha)
A43: Catchment | B43: Type of place | C43: Density used (homes/ha) | E43: 2026 | F43: 2027 | G43: 2028 | H43: 2029 | I43: 2030 | J43: 2031 | K43: 2032 | L43: 2033 | M43: 2034 | N43: 2035 | O43: 2036 | P43: 2037 | Q43: 2038 | R43: 2039 | S43: 2040 | T43: Land, total (ha)
A44: =A7 -> Ballinacurra | B44: =B7 -> City neighbourhood | C44: =C7 -> 31 | E44: =IF($C44>0,E7/$C44,0) -> 4.1690567 | F44: =IF($C44>0,F7/$C44,0) -> 4.1690567 | G44: =IF($C44>0,G7/$C44,0) -> 4.1690567 | H44: =IF($C44>0,H7/$C44,0) -> 4.1690567 | I44: =IF($C44>0,I7/$C44,0) -> 4.1690567 | J44: =IF($C44>0,J7/$C44,0) -> 2.120224 | K44: =IF($C44>0,K7/$C44,0) -> 2.120224 | L44: =IF($C44>0,L7/$C44,0) -> 2.120224 | ... S44: =IF($C44>0,S7/$C44,0) -> 1.4913937 | T44: =SUM(E44:S44) -> 38.985521
A45: =A8 -> Caherdavin | B45: =B8 -> City neighbourhood | C45: =C8 -> 25 | E45: =IF($C45>0,E8/$C45,0) -> 21.011244 | F45: =IF($C45>0,F8/$C45,0) -> 21.011244 | G45: =IF($C45>0,G8/$C45,0) -> 21.011244 | H45: =IF($C45>0,H8/$C45,0) -> 21.011244 | I45: =IF($C45>0,I8/$C45,0) -> 21.011244 | J45: =IF($C45>0,J8/$C45,0) -> 10.685521 | K45: =IF($C45>0,K8/$C45,0) -> 10.685521 | L45: =IF($C45>0,L8/$C45,0) -> 10.685521 | ... S45: =IF($C45>0,S8/$C45,0) -> 7.5163375 | T45: =SUM(E45:S45) -> 196.47953
A46: =A9 -> Castletroy/Annacotty | B46: =B9 -> City neighbourhood | C46: =C9 -> 24.4 | E46: =IF($C46>0,E9/$C46,0) -> 25.54112 | F46: =IF($C46>0,F9/$C46,0) -> 25.54112 | G46: =IF($C46>0,G9/$C46,0) -> 25.54112 | H46: =IF($C46>0,H9/$C46,0) -> 25.54112 | I46: =IF($C46>0,I9/$C46,0) -> 25.54112 | J46: =IF($C46>0,J9/$C46,0) -> 12.989244 | K46: =IF($C46>0,K9/$C46,0) -> 12.989244 | L46: =IF($C46>0,L9/$C46,0) -> 12.989244 | ... S46: =IF($C46>0,S9/$C46,0) -> 9.1368068 | T46: =SUM(E46:S46) -> 238.83913
A47: =A10 -> City Centre | B47: =B10 -> City neighbourhood | C47: =C10 -> 35.4 | E47: =IF($C47>0,E10/$C47,0) -> 15.292508 | F47: =IF($C47>0,F10/$C47,0) -> 15.292508 | G47: =IF($C47>0,G10/$C47,0) -> 15.292508 | H47: =IF($C47>0,H10/$C47,0) -> 15.292508 | I47: =IF($C47>0,I10/$C47,0) -> 15.292508 | J47: =IF($C47>0,J10/$C47,0) -> 7.7771892 | K47: =IF($C47>0,K10/$C47,0) -> 7.7771892 | L47: =IF($C47>0,L10/$C47,0) -> 7.7771892 | ... S47: =IF($C47>0,S10/$C47,0) -> 5.4705782 | T47: =SUM(E47:S47) -> 143.00271
A48: =A11 -> Corbally/Grove Island | B48: =B11 -> City neighbourhood | C48: =C11 -> 24.1 | E48: =IF($C48>0,E11/$C48,0) -> 5.6820409 | F48: =IF($C48>0,F11/$C48,0) -> 5.6820409 | G48: =IF($C48>0,G11/$C48,0) -> 5.6820409 | H48: =IF($C48>0,H11/$C48,0) -> 5.6820409 | I48: =IF($C48>0,I11/$C48,0) -> 5.6820409 | J48: =IF($C48>0,J11/$C48,0) -> 2.8896703 | K48: =IF($C48>0,K11/$C48,0) -> 2.8896703 | L48: =IF($C48>0,L11/$C48,0) -> 2.8896703 | ... S48: =IF($C48>0,S11/$C48,0) -> 2.0326325 | T48: =SUM(E48:S48) -> 53.13368
A49: =A12 -> Dooradoyle | B49: =B12 -> City neighbourhood | C49: =C12 -> 22.5 | E49: =IF($C49>0,E12/$C49,0) -> 25.950771 | F49: =IF($C49>0,F12/$C49,0) -> 25.950771 | G49: =IF($C49>0,G12/$C49,0) -> 25.950771 | H49: =IF($C49>0,H12/$C49,0) -> 25.950771 | I49: =IF($C49>0,I12/$C49,0) -> 25.950771 | J49: =IF($C49>0,J12/$C49,0) -> 13.197577 | K49: =IF($C49>0,K12/$C49,0) -> 13.197577 | L49: =IF($C49>0,L12/$C49,0) -> 13.197577 | ... S49: =IF($C49>0,S12/$C49,0) -> 9.283351 | T49: =SUM(E49:S49) -> 242.66984
A50: =A13 -> Kings Island | B50: =B13 -> City neighbourhood | C50: =C13 -> 46.1 | E50: =IF($C50>0,E13/$C50,0) -> 1.469166 | F50: =IF($C50>0,F13/$C50,0) -> 1.469166 | G50: =IF($C50>0,G13/$C50,0) -> 1.469166 | H50: =IF($C50>0,H13/$C50,0) -> 1.469166 | I50: =IF($C50>0,I13/$C50,0) -> 1.469166 | J50: =IF($C50>0,J13/$C50,0) -> 0.74716206 | K50: =IF($C50>0,K13/$C50,0) -> 0.74716206 | L50: =IF($C50>0,L13/$C50,0) -> 0.74716206 | ... S50: =IF($C50>0,S13/$C50,0) -> 0.52556372 | T50: =SUM(E50:S50) -> 13.738408
A51: =A14 -> Singland/Garryowen | B51: =B14 -> City neighbourhood | C51: =C14 -> 35.3 | E51: =IF($C51>0,E14/$C51,0) -> 9.5345791 | F51: =IF($C51>0,F14/$C51,0) -> 9.5345791 | G51: =IF($C51>0,G14/$C51,0) -> 9.5345791 | H51: =IF($C51>0,H14/$C51,0) -> 9.5345791 | I51: =IF($C51>0,I14/$C51,0) -> 9.5345791 | J51: =IF($C51>0,J14/$C51,0) -> 4.8489251 | K51: =IF($C51>0,K14/$C51,0) -> 4.8489251 | L51: =IF($C51>0,L14/$C51,0) -> 4.8489251 | ... S51: =IF($C51>0,S14/$C51,0) -> 3.4107983 | T51: =SUM(E51:S51) -> 89.159386
A52: =A15 -> Southhill | B52: =B15 -> City neighbourhood | C52: =C15 -> 24.4 | E52: =IF($C52>0,E15/$C52,0) -> 7.5629763 | F52: =IF($C52>0,F15/$C52,0) -> 7.5629763 | G52: =IF($C52>0,G15/$C52,0) -> 7.5629763 | H52: =IF($C52>0,H15/$C52,0) -> 7.5629763 | I52: =IF($C52>0,I15/$C52,0) -> 7.5629763 | J52: =IF($C52>0,J15/$C52,0) -> 3.8462427 | K52: =IF($C52>0,K15/$C52,0) -> 3.8462427 | L52: =IF($C52>0,L15/$C52,0) -> 3.8462427 | ... S52: =IF($C52>0,S15/$C52,0) -> 2.7054982 | T52: =SUM(E52:S52) -> 70.72261
A53: =A16 -> Abbeyfeale | B53: =B16 -> Key town | C53: =C16 -> 18.1 | E53: =IF($C53>0,E16/$C53,0) -> 3.1860346 | F53: =IF($C53>0,F16/$C53,0) -> 3.1860346 | G53: =IF($C53>0,G16/$C53,0) -> 3.1860346 | H53: =IF($C53>0,H16/$C53,0) -> 3.1860346 | I53: =IF($C53>0,I16/$C53,0) -> 3.1860346 | J53: =IF($C53>0,J16/$C53,0) -> 1.6202963 | K53: =IF($C53>0,K16/$C53,0) -> 1.6202963 | L53: =IF($C53>0,L16/$C53,0) -> 1.6202963 | ... S53: =IF($C53>0,S16/$C53,0) -> 1.1397379 | T53: =SUM(E53:S53) -> 29.793123
A54: =A17 -> Caherconlish | B54: =B17 -> Key town | C54: =C17 -> 20.3 | E54: =IF($C54>0,E17/$C54,0) -> 1.6848587 | F54: =IF($C54>0,F17/$C54,0) -> 1.6848587 | G54: =IF($C54>0,G17/$C54,0) -> 1.6848587 | H54: =IF($C54>0,H17/$C54,0) -> 1.6848587 | I54: =IF($C54>0,I17/$C54,0) -> 1.6848587 | J54: =IF($C54>0,J17/$C54,0) -> 0.85685517 | K54: =IF($C54>0,K17/$C54,0) -> 0.85685517 | L54: =IF($C54>0,L17/$C54,0) -> 0.85685517 | ... S54: =IF($C54>0,S17/$C54,0) -> 0.60272331 | T54: =SUM(E54:S54) -> 15.755385
A55: =A18 -> Castleconnell | B55: =B18 -> Key town | C55: =C18 -> 18.4 | E55: =IF($C55>0,E18/$C55,0) -> 3.0476308 | F55: =IF($C55>0,F18/$C55,0) -> 3.0476308 | G55: =IF($C55>0,G18/$C55,0) -> 3.0476308 | H55: =IF($C55>0,H18/$C55,0) -> 3.0476308 | I55: =IF($C55>0,I18/$C55,0) -> 3.0476308 | J55: =IF($C55>0,J18/$C55,0) -> 1.5499093 | K55: =IF($C55>0,K18/$C55,0) -> 1.5499093 | L55: =IF($C55>0,L18/$C55,0) -> 1.5499093 | ... S55: =IF($C55>0,S18/$C55,0) -> 1.0902268 | T55: =SUM(E55:S55) -> 28.498887
... A68: =A31 -> Rest of county | B68: =B31 -> Rest of county | C68: =C31 -> 10.1 | E68: =IF($C68>0,E31/$C68,0) -> 41.22744 | F68: =IF($C68>0,F31/$C68,0) -> 41.22744 | G68: =IF($C68>0,G31/$C68,0) -> 41.22744 | H68: =IF($C68>0,H31/$C68,0) -> 41.22744 | I68: =IF($C68>0,I31/$C68,0) -> 41.22744 | J68: =IF($C68>0,J31/$C68,0) -> 20.966711 | K68: =IF($C68>0,K31/$C68,0) -> 20.966711 | L68: =IF($C68>0,L31/$C68,0) -> 20.966711 | ... S68: =IF($C68>0,S31/$C68,0) -> 14.748263 | T68: =SUM(E68:S68) -> 385.52444
A69: Limerick | E69: =SUM(E44:E68) -> 195.06995 | F69: =SUM(F44:F68) -> 195.06995 | G69: =SUM(G44:G68) -> 195.06995 | H69: =SUM(H44:H68) -> 195.06995 | I69: =SUM(I44:I68) -> 195.06995 | J69: =SUM(J44:J68) -> 99.205171 | K69: =SUM(K44:K68) -> 99.205171 | L69: =SUM(L44:L68) -> 99.205171 | ... T69: =SUM(T44:T68) -> 1824.1305
A71: Net density = homes on land zoned Existing Residential (GZT R2) ÷ that zoned area, from GeoDirectory residential addresses (2026 Q2 extract) and the LDP 2022–2028 / LAP zoning. It measures how densely existing residential areas are built, not the density of recent schemes or of town-centre and mixed-use land.
A72: City Centre: only 37% of its homes are on R2 land; the rest are on city-centre and mixed-use zoning at higher densities, so 35 homes/ha is a low figure for new city-centre schemes.
A73: Land needed is net residential land at the stated density. It excludes roads, open space, schools and other uses, and does not net off land already zoned, permitted or under construction (see the delivery tracker for identified land).
A74: Rest of county: most homes are one-off rural houses on unzoned land (30,455 homes on 258,786 ha). Land for those homes is not a density question, so the R2 village density is used as a placeholder; change it in column C.

Sheet Land at Council density
A1: Land needed at the Council's target densities
A2: ="New homes per year, 2026–"&Model!$B$3&", divided by the Council's target density for each place ("&Intro!$C$19&" of each range). Set by the levers on the Intro tab." -> New homes per year, 2026–2040, divided by the Council's target density for each place (Minimum of each range). Set by the levers on the Intro tab.
A3: Densities: Variation No. 3 to the Limerick Development Plan 2022–2028, Section 2.3.5.2, Table 2.5/2.6 (net dwellings per hectare). The Data tab, Table 6, shows the zone and range used for each place.
E5: New homes by year
A6: Catchment | B6: Type of place | C6: Council density used (homes/ha) | D6: Density zone | E6: 2026 | F6: 2027 | G6: 2028 | H6: 2029 | I6: 2030 | J6: 2031 | K6: 2032 | L6: 2033 | M6: 2034 | N6: 2035 | O6: 2036 | P6: 2037 | Q6: 2038 | R6: 2039 | S6: 2040 | T6: Homes, total | U6: Land needed (ha) | V6: Land at existing density (ha) | W6: Difference (ha)
A7: Ballinacurra | B7: City neighbourhood | C7: =Data!$H$298*CHOOSE(Model!$B$16,Data!$C$298,(Data!$C$298+Data!$D$298)/2,Data!$D$298)+(1-Data!$H$298)*CHOOSE(Model!$B$16,Data!$F$298,(Data!$F$298+Data!$G$298)/2,Data!$G$298) -> 47.998921 | D7: =IF(Data!$H$298>=0.9999,Data!$B$298,IF(Data!$H$298<=0.0001,Data!$E$298,TEXT(Data!$H$298,"0%")&" "&LEFT(Data!$B$298,FIND(",",Data!$B$298)-1)&", "&TEXT(1-Data!$H$298,"0%")&" "&LEFT(Data!$E$298,FIND(",",Data!$E$298)-1))) -> 87% City Zone 2, 13% City Zone 3 | E7: =Ballinacurra!B13 -> 129.24076 | F7: =Ballinacurra!B14 -> 129.24076 | G7: =Ballinacurra!B15 -> 129.24076 | H7: =Ballinacurra!B16 -> 129.24076 | I7: =Ballinacurra!B17 -> 129.24076 | J7: =Ballinacurra!B18 -> 65.726945 | K7: =Ballinacurra!B19 -> 65.726945 | L7: =Ballinacurra!B20 -> 65.726945 | M7: =Ballinacurra!B21 -> 65.726945 | N7: =Ballinacurra!B22 -> 63.513814 | O7: =Ballinacurra!B23 -> 48.112851 | P7: =Ballinacurra!B24 -> 47.718732 | Q7: =Ballinacurra!B25 -> 47.142712 | R7: =Ballinacurra!B26 -> 46.718276 | S7: =Ballinacurra!B27 -> 46.233206 | T7: =SUM(E7:S7) -> 1208.5512 | U7: =IF(C7>0,T7/C7,0) -> 25.178715 | V7: =Land!U7 -> 38.985521 | W7: =U7-V7 -> -13.806806
A8: Caherdavin | B8: City neighbourhood | C8: =Data!$H$299*CHOOSE(Model!$B$16,Data!$C$299,(Data!$C$299+Data!$D$299)/2,Data!$D$299)+(1-Data!$H$299)*CHOOSE(Model!$B$16,Data!$F$299,(Data!$F$299+Data!$G$299)/2,Data!$G$299) -> 43.118762 | D8: =IF(Data!$H$299>=0.9999,Data!$B$299,IF(Data!$H$299<=0.0001,Data!$E$299,TEXT(Data!$H$299,"0%")&" "&LEFT(Data!$B$299,FIND(",",Data!$B$299)-1)&", "&TEXT(1-Data!$H$299,"0%")&" "&LEFT(Data!$E$299,FIND(",",Data!$E$299)-1))) -> 54% City Zone 2, 46% City Zone 3 | E8: =Caherdavin!B13 -> 525.2811 | F8: =Caherdavin!B14 -> 525.2811 | G8: =Caherdavin!B15 -> 525.2811 | H8: =Caherdavin!B16 -> 525.2811 | I8: =Caherdavin!B17 -> 525.2811 | J8: =Caherdavin!B18 -> 267.13803 | K8: =Caherdavin!B19 -> 267.13803 | L8: =Caherdavin!B20 -> 267.13803 | M8: =Caherdavin!B21 -> 267.13803 | N8: =Caherdavin!B22 -> 258.14307 | O8: =Caherdavin!B23 -> 195.54799 | P8: =Caherdavin!B24 -> 193.94615 | Q8: =Caherdavin!B25 -> 191.605 | R8: =Caherdavin!B26 -> 189.87994 | S8: =Caherdavin!B27 -> 187.90844 | T8: =SUM(E8:S8) -> 4911.9882 | U8: =IF(C8>0,T8/C8,0) -> 113.91765 | V8: =Land!U8 -> 196.47953 | W8: =U8-V8 -> -82.561875
A9: Castletroy/Annacotty | B9: City neighbourhood | C9: =Data!$H$300*CHOOSE(Model!$B$16,Data!$C$300,(Data!$C$300+Data!$D$300)/2,Data!$D$300)+(1-Data!$H$300)*CHOOSE(Model!$B$16,Data!$F$300,(Data!$F$300+Data!$G$300)/2,Data!$G$300) -> 38.68471 | D9: =IF(Data!$H$300>=0.9999,Data!$B$300,IF(Data!$H$300<=0.0001,Data!$E$300,TEXT(Data!$H$300,"0%")&" "&LEFT(Data!$B$300,FIND(",",Data!$B$300)-1)&", "&TEXT(1-Data!$H$300,"0%")&" "&LEFT(Data!$E$300,FIND(",",Data!$E$300)-1))) -> 25% City Zone 2, 75% City Zone 3 | E9: ='Castletroy-Annacotty'!B13 -> 623.20332 | F9: ='Castletroy-Annacotty'!B14 -> 623.20332 | G9: ='Castletroy-Annacotty'!B15 -> 623.20332 | H9: ='Castletroy-Annacotty'!B16 -> 623.20332 | I9: ='Castletroy-Annacotty'!B17 -> 623.20332 | J9: ='Castletroy-Annacotty'!B18 -> 316.93756 | K9: ='Castletroy-Annacotty'!B19 -> 316.93756 | L9: ='Castletroy-Annacotty'!B20 -> 316.93756 | M9: ='Castletroy-Annacotty'!B21 -> 316.93756 | N9: ='Castletroy-Annacotty'!B22 -> 306.26577 | O9: ='Castletroy-Annacotty'!B23 -> 232.0018 | P9: ='Castletroy-Annacotty'!B24 -> 230.10134 | Q9: ='Castletroy-Annacotty'!B25 -> 227.32375 | R9: ='Castletroy-Annacotty'!B26 -> 225.27711 | S9: ='Castletroy-Annacotty'!B27 -> 222.93809 | T9: =SUM(E9:S9) -> 5827.6747 | U9: =IF(C9>0,T9/C9,0) -> 150.64543 | V9: =Land!U9 -> 238.83913 | W9: =U9-V9 -> -88.193698
A10: City Centre | B10: City neighbourhood | C10: =Data!$H$301*CHOOSE(Model!$B$16,Data!$C$301,(Data!$C$301+Data!$D$301)/2,Data!$D$301)+(1-Data!$H$301)*CHOOSE(Model!$B$16,Data!$F$301,(Data!$F$301+Data!$G$301)/2,Data!$G$301) -> 99.993621 | D10: =IF(Data!$H$301>=0.9999,Data!$B$301,IF(Data!$H$301<=0.0001,Data!$E$301,TEXT(Data!$H$301,"0%")&" "&LEFT(Data!$B$301,FIND(",",Data!$B$301)-1)&", "&TEXT(1-Data!$H$301,"0%")&" "&LEFT(Data!$E$301,FIND(",",Data!$E$301)-1))) -> City Zone 1, city centre (100–250) | E10: ='City Centre'!B13 -> 541.35479 | F10: ='City Centre'!B14 -> 541.35479 | G10: ='City Centre'!B15 -> 541.35479 | H10: ='City Centre'!B16 -> 541.35479 | I10: ='City Centre'!B17 -> 541.35479 | J10: ='City Centre'!B18 -> 275.3125 | K10: ='City Centre'!B19 -> 275.3125 | L10: ='City Centre'!B20 -> 275.3125 | M10: ='City Centre'!B21 -> 275.3125 | N10: ='City Centre'!B22 -> 266.04229 | O10: ='City Centre'!B23 -> 201.5318 | P10: ='City Centre'!B24 -> 199.88094 | Q10: ='City Centre'!B25 -> 197.46814 | R10: ='City Centre'!B26 -> 195.69029 | S10: ='City Centre'!B27 -> 193.65847 | T10: =SUM(E10:S10) -> 5062.2959 | U10: =IF(C10>0,T10/C10,0) -> 50.626188 | V10: =Land!U10 -> 143.00271 | W10: =U10-V10 -> -92.37652
A11: Corbally/Grove Island | B11: City neighbourhood | C11: =Data!$H$302*CHOOSE(Model!$B$16,Data!$C$302,(Data!$C$302+Data!$D$302)/2,Data!$D$302)+(1-Data!$H$302)*CHOOSE(Model!$B$16,Data!$F$302,(Data!$F$302+Data!$G$302)/2,Data!$G$302) -> 42.012198 | D11: =IF(Data!$H$302>=0.9999,Data!$B$302,IF(Data!$H$302<=0.0001,Data!$E$302,TEXT(Data!$H$302,"0%")&" "&LEFT(Data!$B$302,FIND(",",Data!$B$302)-1)&", "&TEXT(1-Data!$H$302,"0%")&" "&LEFT(Data!$E$302,FIND(",",Data!$E$302)-1))) -> 47% City Zone 2, 53% City Zone 3 | E11: ='Corbally-Grove Island'!B13 -> 136.93719 | F11: ='Corbally-Grove Island'!B14 -> 136.93719 | G11: ='Corbally-Grove Island'!B15 -> 136.93719 | H11: ='Corbally-Grove Island'!B16 -> 136.93719 | I11: ='Corbally-Grove Island'!B17 -> 136.93719 | J11: ='Corbally-Grove Island'!B18 -> 69.641055 | K11: ='Corbally-Grove Island'!B19 -> 69.641055 | L11: ='Corbally-Grove Island'!B20 -> 69.641055 | M11: ='Corbally-Grove Island'!B21 -> 69.641055 | N11: ='Corbally-Grove Island'!B22 -> 67.29613 | O11: ='Corbally-Grove Island'!B23 -> 50.978023 | P11: ='Corbally-Grove Island'!B24 -> 50.560434 | Q11: ='Corbally-Grove Island'!B25 -> 49.950111 | R11: ='Corbally-Grove Island'!B26 -> 49.500399 | S11: ='Corbally-Grove Island'!B27 -> 48.986443 | T11: =SUM(E11:S11) -> 1280.5217 | U11: =IF(C11>0,T11/C11,0) -> 30.479759 | V11: =Land!U11 -> 53.13368 | W11: =U11-V11 -> -22.653921
A12: Dooradoyle | B12: City neighbourhood | C12: =Data!$H$303*CHOOSE(Model!$B$16,Data!$C$303,(Data!$C$303+Data!$D$303)/2,Data!$D$303)+(1-Data!$H$303)*CHOOSE(Model!$B$16,Data!$F$303,(Data!$F$303+Data!$G$303)/2,Data!$G$303) -> 35.787512 | D12: =IF(Data!$H$303>=0.9999,Data!$B$303,IF(Data!$H$303<=0.0001,Data!$E$303,TEXT(Data!$H$303,"0%")&" "&LEFT(Data!$B$303,FIND(",",Data!$B$303)-1)&", "&TEXT(1-Data!$H$303,"0%")&" "&LEFT(Data!$E$303,FIND(",",Data!$E$303)-1))) -> 5% City Zone 2, 95% City Zone 3 | E12: =Dooradoyle!B13 -> 583.89234 | F12: =Dooradoyle!B14 -> 583.89234 | G12: =Dooradoyle!B15 -> 583.89234 | H12: =Dooradoyle!B16 -> 583.89234 | I12: =Dooradoyle!B17 -> 583.89234 | J12: =Dooradoyle!B18 -> 296.94548 | K12: =Dooradoyle!B19 -> 296.94548 | L12: =Dooradoyle!B20 -> 296.94548 | M12: =Dooradoyle!B21 -> 296.94548 | N12: =Dooradoyle!B22 -> 286.94686 | O12: =Dooradoyle!B23 -> 217.36738 | P12: =Dooradoyle!B24 -> 215.5868 | Q12: =Dooradoyle!B25 -> 212.98442 | R12: =Dooradoyle!B26 -> 211.06688 | S12: =Dooradoyle!B27 -> 208.8754 | T12: =SUM(E12:S12) -> 5460.0714 | U12: =IF(C12>0,T12/C12,0) -> 152.56918 | V12: =Land!U12 -> 242.66984 | W12: =U12-V12 -> -90.100657
A13: Kings Island | B13: City neighbourhood | C13: =Data!$H$304*CHOOSE(Model!$B$16,Data!$C$304,(Data!$C$304+Data!$D$304)/2,Data!$D$304)+(1-Data!$H$304)*CHOOSE(Model!$B$16,Data!$F$304,(Data!$F$304+Data!$G$304)/2,Data!$G$304) -> 50 | D13: =IF(Data!$H$304>=0.9999,Data!$B$304,IF(Data!$H$304<=0.0001,Data!$E$304,TEXT(Data!$H$304,"0%")&" "&LEFT(Data!$B$304,FIND(",",Data!$B$304)-1)&", "&TEXT(1-Data!$H$304,"0%")&" "&LEFT(Data!$E$304,FIND(",",Data!$E$304)-1))) -> City Zone 2, urban neighbourhoods (50–200) | E13: ='Kings Island'!B13 -> 67.728552 | F13: ='Kings Island'!B14 -> 67.728552 | G13: ='Kings Island'!B15 -> 67.728552 | H13: ='Kings Island'!B16 -> 67.728552 | I13: ='Kings Island'!B17 -> 67.728552 | J13: ='Kings Island'!B18 -> 34.444171 | K13: ='Kings Island'!B19 -> 34.444171 | L13: ='Kings Island'!B20 -> 34.444171 | M13: ='Kings Island'!B21 -> 34.444171 | N13: ='Kings Island'!B22 -> 33.284381 | O13: ='Kings Island'!B23 -> 25.213514 | P13: ='Kings Island'!B24 -> 25.006976 | Q13: ='Kings Island'!B25 -> 24.705113 | R13: ='Kings Island'!B26 -> 24.482688 | S13: ='Kings Island'!B27 -> 24.228487 | T13: =SUM(E13:S13) -> 633.3406 | U13: =IF(C13>0,T13/C13,0) -> 12.666812 | V13: =Land!U13 -> 13.738408 | W13: =U13-V13 -> -1.0715958
A14: Singland/Garryowen | B14: City neighbourhood | C14: =Data!$H$305*CHOOSE(Model!$B$16,Data!$C$305,(Data!$C$305+Data!$D$305)/2,Data!$D$305)+(1-Data!$H$305)*CHOOSE(Model!$B$16,Data!$F$305,(Data!$F$305+Data!$G$305)/2,Data!$G$305) -> 48.951182 | D14: =IF(Data!$H$305>=0.9999,Data!$B$305,IF(Data!$H$305<=0.0001,Data!$E$305,TEXT(Data!$H$305,"0%")&" "&LEFT(Data!$B$305,FIND(",",Data!$B$305)-1)&", "&TEXT(1-Data!$H$305,"0%")&" "&LEFT(Data!$E$305,FIND(",",Data!$E$305)-1))) -> 93% City Zone 2, 7% City Zone 3 | E14: ='Singland-Garryowen'!B13 -> 336.57064 | F14: ='Singland-Garryowen'!B14 -> 336.57064 | G14: ='Singland-Garryowen'!B15 -> 336.57064 | H14: ='Singland-Garryowen'!B16 -> 336.57064 | I14: ='Singland-Garryowen'!B17 -> 336.57064 | J14: ='Singland-Garryowen'!B18 -> 171.16706 | K14: ='Singland-Garryowen'!B19 -> 171.16706 | L14: ='Singland-Garryowen'!B20 -> 171.16706 | M14: ='Singland-Garryowen'!B21 -> 171.16706 | N14: ='Singland-Garryowen'!B22 -> 165.40359 | O14: ='Singland-Garryowen'!B23 -> 125.29618 | P14: ='Singland-Garryowen'!B24 -> 124.26981 | Q14: ='Singland-Garryowen'!B25 -> 122.76973 | R14: ='Singland-Garryowen'!B26 -> 121.66441 | S14: ='Singland-Garryowen'!B27 -> 120.40118 | T14: =SUM(E14:S14) -> 3147.3263 | U14: =IF(C14>0,T14/C14,0) -> 64.295206 | V14: =Land!U14 -> 89.159386 | W14: =U14-V14 -> -24.864181
A15: Southhill | B15: City neighbourhood | C15: =Data!$H$306*CHOOSE(Model!$B$16,Data!$C$306,(Data!$C$306+Data!$D$306)/2,Data!$D$306)+(1-Data!$H$306)*CHOOSE(Model!$B$16,Data!$F$306,(Data!$F$306+Data!$G$306)/2,Data!$G$306) -> 48.950568 | D15: =IF(Data!$H$306>=0.9999,Data!$B$306,IF(Data!$H$306<=0.0001,Data!$E$306,TEXT(Data!$H$306,"0%")&" "&LEFT(Data!$B$306,FIND(",",Data!$B$306)-1)&", "&TEXT(1-Data!$H$306,"0%")&" "&LEFT(Data!$E$306,FIND(",",Data!$E$306)-1))) -> 93% City Zone 2, 7% City Zone 3 | E15: =Southhill!B13 -> 184.53662 | F15: =Southhill!B14 -> 184.53662 | G15: =Southhill!B15 -> 184.53662 | H15: =Southhill!B16 -> 184.53662 | I15: =Southhill!B17 -> 184.53662 | J15: =Southhill!B18 -> 93.848322 | K15: =Southhill!B19 -> 93.848322 | L15: =Southhill!B20 -> 93.848322 | M15: =Southhill!B21 -> 93.848322 | N15: =Southhill!B22 -> 90.6883 | O15: =Southhill!B23 -> 68.698011 | P15: =Southhill!B24 -> 68.135267 | Q15: =Southhill!B25 -> 67.312796 | R15: =Southhill!B26 -> 66.706764 | S15: =Southhill!B27 -> 66.014156 | T15: =SUM(E15:S15) -> 1725.6317 | U15: =IF(C15>0,T15/C15,0) -> 35.252537 | V15: =Land!U15 -> 70.72261 | W15: =U15-V15 -> -35.470073
A16: Abbeyfeale | B16: Key town | C16: =Data!$H$307*CHOOSE(Model!$B$16,Data!$C$307,(Data!$C$307+Data!$D$307)/2,Data!$D$307)+(1-Data!$H$307)*CHOOSE(Model!$B$16,Data!$F$307,(Data!$F$307+Data!$G$307)/2,Data!$G$307) -> 25 | D16: =IF(Data!$H$307>=0.9999,Data!$B$307,IF(Data!$H$307<=0.0001,Data!$E$307,TEXT(Data!$H$307,"0%")&" "&LEFT(Data!$B$307,FIND(",",Data!$B$307)-1)&", "&TEXT(1-Data!$H$307,"0%")&" "&LEFT(Data!$E$307,FIND(",",Data!$E$307)-1))) -> Level 3 town Zone 2, town edge (25–40) | E16: =Abbeyfeale!B13 -> 57.667226 | F16: =Abbeyfeale!B14 -> 57.667226 | G16: =Abbeyfeale!B15 -> 57.667226 | H16: =Abbeyfeale!B16 -> 57.667226 | I16: =Abbeyfeale!B17 -> 57.667226 | J16: =Abbeyfeale!B18 -> 29.327363 | K16: =Abbeyfeale!B19 -> 29.327363 | L16: =Abbeyfeale!B20 -> 29.327363 | M16: =Abbeyfeale!B21 -> 29.327363 | N16: =Abbeyfeale!B22 -> 28.339864 | O16: =Abbeyfeale!B23 -> 21.467954 | P16: =Abbeyfeale!B24 -> 21.292098 | Q16: =Abbeyfeale!B25 -> 21.035078 | R16: =Abbeyfeale!B26 -> 20.845695 | S16: =Abbeyfeale!B27 -> 20.629256 | T16: =SUM(E16:S16) -> 539.25553 | U16: =IF(C16>0,T16/C16,0) -> 21.570221 | V16: =Land!U16 -> 29.793123 | W16: =U16-V16 -> -8.222902
A17: Caherconlish | B17: Key town | C17: =Data!$H$308*CHOOSE(Model!$B$16,Data!$C$308,(Data!$C$308+Data!$D$308)/2,Data!$D$308)+(1-Data!$H$308)*CHOOSE(Model!$B$16,Data!$F$308,(Data!$F$308+Data!$G$308)/2,Data!$G$308) -> 25 | D17: =IF(Data!$H$308>=0.9999,Data!$B$308,IF(Data!$H$308<=0.0001,Data!$E$308,TEXT(Data!$H$308,"0%")&" "&LEFT(Data!$B$308,FIND(",",Data!$B$308)-1)&", "&TEXT(1-Data!$H$308,"0%")&" "&LEFT(Data!$E$308,FIND(",",Data!$E$308)-1))) -> Level 3 town Zone 2, town edge (25–40) | E17: =Caherconlish!B13 -> 34.202631 | F17: =Caherconlish!B14 -> 34.202631 | G17: =Caherconlish!B15 -> 34.202631 | H17: =Caherconlish!B16 -> 34.202631 | I17: =Caherconlish!B17 -> 34.202631 | J17: =Caherconlish!B18 -> 17.39416 | K17: =Caherconlish!B19 -> 17.39416 | L17: =Caherconlish!B20 -> 17.39416 | M17: =Caherconlish!B21 -> 17.39416 | N17: =Caherconlish!B22 -> 16.808471 | O17: =Caherconlish!B23 -> 12.732718 | P17: =Caherconlish!B24 -> 12.628417 | Q17: =Caherconlish!B25 -> 12.475977 | R17: =Caherconlish!B26 -> 12.363653 | S17: =Caherconlish!B27 -> 12.235283 | T17: =SUM(E17:S17) -> 319.83431 | U17: =IF(C17>0,T17/C17,0) -> 12.793373 | V17: =Land!U17 -> 15.755385 | W17: =U17-V17 -> -2.9620124
A18: Castleconnell | B18: Key town | C18: =Data!$H$309*CHOOSE(Model!$B$16,Data!$C$309,(Data!$C$309+Data!$D$309)/2,Data!$D$309)+(1-Data!$H$309)*CHOOSE(Model!$B$16,Data!$F$309,(Data!$F$309+Data!$G$309)/2,Data!$G$309) -> 35 | D18: =IF(Data!$H$309>=0.9999,Data!$B$309,IF(Data!$H$309<=0.0001,Data!$E$309,TEXT(Data!$H$309,"0%")&" "&LEFT(Data!$B$309,FIND(",",Data!$B$309)-1)&", "&TEXT(1-Data!$H$309,"0%")&" "&LEFT(Data!$E$309,FIND(",",Data!$E$309)-1))) -> Metropolitan town Zone 2, suburban / urban extension (35–50) | E18: =Castleconnell!B13 -> 56.076406 | F18: =Castleconnell!B14 -> 56.076406 | G18: =Castleconnell!B15 -> 56.076406 | H18: =Castleconnell!B16 -> 56.076406 | I18: =Castleconnell!B17 -> 56.076406 | J18: =Castleconnell!B18 -> 28.518332 | K18: =Castleconnell!B19 -> 28.518332 | L18: =Castleconnell!B20 -> 28.518332 | M18: =Castleconnell!B21 -> 28.518332 | N18: =Castleconnell!B22 -> 27.558074 | O18: =Castleconnell!B23 -> 20.875735 | P18: =Castleconnell!B24 -> 20.70473 | Q18: =Castleconnell!B25 -> 20.4548 | R18: =Castleconnell!B26 -> 20.270641 | S18: =Castleconnell!B27 -> 20.060174 | T18: =SUM(E18:S18) -> 524.37951 | U18: =IF(C18>0,T18/C18,0) -> 14.982272 | V18: =Land!U18 -> 28.498887 | W18: =U18-V18 -> -13.516615
A19: Kilmallock | B19: Key town | C19: =Data!$H$310*CHOOSE(Model!$B$16,Data!$C$310,(Data!$C$310+Data!$D$310)/2,Data!$D$310)+(1-Data!$H$310)*CHOOSE(Model!$B$16,Data!$F$310,(Data!$F$310+Data!$G$310)/2,Data!$G$310) -> 25 | D19: =IF(Data!$H$310>=0.9999,Data!$B$310,IF(Data!$H$310<=0.0001,Data!$E$310,TEXT(Data!$H$310,"0%")&" "&LEFT(Data!$B$310,FIND(",",Data!$B$310)-1)&", "&TEXT(1-Data!$H$310,"0%")&" "&LEFT(Data!$E$310,FIND(",",Data!$E$310)-1))) -> Level 3 town Zone 2, town edge (25–40) | E19: =Kilmallock!B13 -> 44.344109 | F19: =Kilmallock!B14 -> 44.344109 | G19: =Kilmallock!B15 -> 44.344109 | H19: =Kilmallock!B16 -> 44.344109 | I19: =Kilmallock!B17 -> 44.344109 | J19: =Kilmallock!B18 -> 22.551731 | K19: =Kilmallock!B19 -> 22.551731 | L19: =Kilmallock!B20 -> 22.551731 | M19: =Kilmallock!B21 -> 22.551731 | N19: =Kilmallock!B22 -> 21.792378 | O19: =Kilmallock!B23 -> 16.508116 | P19: =Kilmallock!B24 -> 16.372889 | Q19: =Kilmallock!B25 -> 16.17525 | R19: =Kilmallock!B26 -> 16.02962 | S19: =Kilmallock!B27 -> 15.863187 | T19: =SUM(E19:S19) -> 414.66891 | U19: =IF(C19>0,T19/C19,0) -> 16.586756 | V19: =Land!U19 -> 24.108657 | W19: =U19-V19 -> -7.5219011
A20: Newcastle West | B20: Key town | C20: =Data!$H$311*CHOOSE(Model!$B$16,Data!$C$311,(Data!$C$311+Data!$D$311)/2,Data!$D$311)+(1-Data!$H$311)*CHOOSE(Model!$B$16,Data!$F$311,(Data!$F$311+Data!$G$311)/2,Data!$G$311) -> 30 | D20: =IF(Data!$H$311>=0.9999,Data!$B$311,IF(Data!$H$311<=0.0001,Data!$E$311,TEXT(Data!$H$311,"0%")&" "&LEFT(Data!$B$311,FIND(",",Data!$B$311)-1)&", "&TEXT(1-Data!$H$311,"0%")&" "&LEFT(Data!$E$311,FIND(",",Data!$E$311)-1))) -> Key town Zone 2, suburban / urban extension (30–50) | E20: ='Newcastle West'!B13 -> 193.08578 | F20: ='Newcastle West'!B14 -> 193.08578 | G20: ='Newcastle West'!B15 -> 193.08578 | H20: ='Newcastle West'!B16 -> 193.08578 | I20: ='Newcastle West'!B17 -> 193.08578 | J20: ='Newcastle West'!B18 -> 98.1961 | K20: ='Newcastle West'!B19 -> 98.1961 | L20: ='Newcastle West'!B20 -> 98.1961 | M20: ='Newcastle West'!B21 -> 98.1961 | N20: ='Newcastle West'!B22 -> 94.889682 | O20: ='Newcastle West'!B23 -> 71.880633 | P20: ='Newcastle West'!B24 -> 71.291818 | Q20: ='Newcastle West'!B25 -> 70.431244 | R20: ='Newcastle West'!B26 -> 69.797136 | S20: ='Newcastle West'!B27 -> 69.072441 | T20: =SUM(E20:S20) -> 1805.5763 | U20: =IF(C20>0,T20/C20,0) -> 60.185876 | V20: =Land!U20 -> 78.846125 | W20: =U20-V20 -> -18.66025
A21: Rathkeale | B21: Key town | C21: =Data!$H$312*CHOOSE(Model!$B$16,Data!$C$312,(Data!$C$312+Data!$D$312)/2,Data!$D$312)+(1-Data!$H$312)*CHOOSE(Model!$B$16,Data!$F$312,(Data!$F$312+Data!$G$312)/2,Data!$G$312) -> 25 | D21: =IF(Data!$H$312>=0.9999,Data!$B$312,IF(Data!$H$312<=0.0001,Data!$E$312,TEXT(Data!$H$312,"0%")&" "&LEFT(Data!$B$312,FIND(",",Data!$B$312)-1)&", "&TEXT(1-Data!$H$312,"0%")&" "&LEFT(Data!$E$312,FIND(",",Data!$E$312)-1))) -> Level 3 town Zone 2, town edge (25–40) | E21: =Rathkeale!B13 -> 40.168206 | F21: =Rathkeale!B14 -> 40.168206 | G21: =Rathkeale!B15 -> 40.168206 | H21: =Rathkeale!B16 -> 40.168206 | I21: =Rathkeale!B17 -> 40.168206 | J21: =Rathkeale!B18 -> 20.428025 | K21: =Rathkeale!B19 -> 20.428025 | L21: =Rathkeale!B20 -> 20.428025 | M21: =Rathkeale!B21 -> 20.428025 | N21: =Rathkeale!B22 -> 19.740181 | O21: =Rathkeale!B23 -> 14.95354 | P21: =Rathkeale!B24 -> 14.831048 | Q21: =Rathkeale!B25 -> 14.65202 | R21: =Rathkeale!B26 -> 14.520104 | S21: =Rathkeale!B27 -> 14.369344 | T21: =SUM(E21:S21) -> 375.61937 | U21: =IF(C21>0,T21/C21,0) -> 15.024775 | V21: =Land!U21 -> 22.76481 | W21: =U21-V21 -> -7.7400355
A22: Adare | B22: Village | C22: =Data!$H$313*CHOOSE(Model!$B$16,Data!$C$313,(Data!$C$313+Data!$D$313)/2,Data!$D$313)+(1-Data!$H$313)*CHOOSE(Model!$B$16,Data!$F$313,(Data!$F$313+Data!$G$313)/2,Data!$G$313) -> 22 | D22: =IF(Data!$H$313>=0.9999,Data!$B$313,IF(Data!$H$313<=0.0001,Data!$E$313,TEXT(Data!$H$313,"0%")&" "&LEFT(Data!$B$313,FIND(",",Data!$B$313)-1)&", "&TEXT(1-Data!$H$313,"0%")&" "&LEFT(Data!$E$313,FIND(",",Data!$E$313)-1))) -> Level 4 large village (22) | E22: =Adare!B13 -> 39.770501 | F22: =Adare!B14 -> 39.770501 | G22: =Adare!B15 -> 39.770501 | H22: =Adare!B16 -> 39.770501 | I22: =Adare!B17 -> 39.770501 | J22: =Adare!B18 -> 20.225767 | K22: =Adare!B19 -> 20.225767 | L22: =Adare!B20 -> 20.225767 | M22: =Adare!B21 -> 20.225767 | N22: =Adare!B22 -> 19.544734 | O22: =Adare!B23 -> 14.805486 | P22: =Adare!B24 -> 14.684206 | Q22: =Adare!B25 -> 14.50695 | R22: =Adare!B26 -> 14.376341 | S22: =Adare!B27 -> 14.227073 | T22: =SUM(E22:S22) -> 371.90036 | U22: =IF(C22>0,T22/C22,0) -> 16.904562 | V22: =Land!U22 -> 28.829486 | W22: =U22-V22 -> -11.924924
A23: Askeaton | B23: Village | C23: =Data!$H$314*CHOOSE(Model!$B$16,Data!$C$314,(Data!$C$314+Data!$D$314)/2,Data!$D$314)+(1-Data!$H$314)*CHOOSE(Model!$B$16,Data!$F$314,(Data!$F$314+Data!$G$314)/2,Data!$G$314) -> 22 | D23: =IF(Data!$H$314>=0.9999,Data!$B$314,IF(Data!$H$314<=0.0001,Data!$E$314,TEXT(Data!$H$314,"0%")&" "&LEFT(Data!$B$314,FIND(",",Data!$B$314)-1)&", "&TEXT(1-Data!$H$314,"0%")&" "&LEFT(Data!$E$314,FIND(",",Data!$E$314)-1))) -> Level 4 large village (22) | E23: =Askeaton!B13 -> 32.412958 | F23: =Askeaton!B14 -> 32.412958 | G23: =Askeaton!B15 -> 32.412958 | H23: =Askeaton!B16 -> 32.412958 | I23: =Askeaton!B17 -> 32.412958 | J23: =Askeaton!B18 -> 16.484 | K23: =Askeaton!B19 -> 16.484 | L23: =Askeaton!B20 -> 16.484 | M23: =Askeaton!B21 -> 16.484 | N23: =Askeaton!B22 -> 15.928958 | O23: =Askeaton!B23 -> 12.066471 | P23: =Askeaton!B24 -> 11.967628 | Q23: =Askeaton!B25 -> 11.823164 | R23: =Askeaton!B26 -> 11.716718 | S23: =Askeaton!B27 -> 11.595065 | T23: =SUM(E23:S23) -> 303.0988 | U23: =IF(C23>0,T23/C23,0) -> 13.777218 | V23: =Land!U23 -> 17.221523 | W23: =U23-V23 -> -3.4443045
A24: Bruff | B24: Village | C24: =Data!$H$315*CHOOSE(Model!$B$16,Data!$C$315,(Data!$C$315+Data!$D$315)/2,Data!$D$315)+(1-Data!$H$315)*CHOOSE(Model!$B$16,Data!$F$315,(Data!$F$315+Data!$G$315)/2,Data!$G$315) -> 22 | D24: =IF(Data!$H$315>=0.9999,Data!$B$315,IF(Data!$H$315<=0.0001,Data!$E$315,TEXT(Data!$H$315,"0%")&" "&LEFT(Data!$B$315,FIND(",",Data!$B$315)-1)&", "&TEXT(1-Data!$H$315,"0%")&" "&LEFT(Data!$E$315,FIND(",",Data!$E$315)-1))) -> Level 4 large village (22) | E24: =Bruff!B13 -> 22.669186 | F24: =Bruff!B14 -> 22.669186 | G24: =Bruff!B15 -> 22.669186 | H24: =Bruff!B16 -> 22.669186 | I24: =Bruff!B17 -> 22.669186 | J24: =Bruff!B18 -> 11.528687 | K24: =Bruff!B19 -> 11.528687 | L24: =Bruff!B20 -> 11.528687 | M24: =Bruff!B21 -> 11.528687 | N24: =Bruff!B22 -> 11.140498 | O24: =Bruff!B23 -> 8.4391268 | P24: =Bruff!B24 -> 8.3699972 | Q24: =Bruff!B25 -> 8.2689617 | R24: =Bruff!B26 -> 8.1945144 | S24: =Bruff!B27 -> 8.1094318 | T24: =SUM(E24:S24) -> 211.98321 | U24: =IF(C24>0,T24/C24,0) -> 9.6356003 | V24: =Land!U24 -> 14.928395 | W24: =U24-V24 -> -5.2927946
A25: Cappamore | B25: Village | C25: =Data!$H$316*CHOOSE(Model!$B$16,Data!$C$316,(Data!$C$316+Data!$D$316)/2,Data!$D$316)+(1-Data!$H$316)*CHOOSE(Model!$B$16,Data!$F$316,(Data!$F$316+Data!$G$316)/2,Data!$G$316) -> 22 | D25: =IF(Data!$H$316>=0.9999,Data!$B$316,IF(Data!$H$316<=0.0001,Data!$E$316,TEXT(Data!$H$316,"0%")&" "&LEFT(Data!$B$316,FIND(",",Data!$B$316)-1)&", "&TEXT(1-Data!$H$316,"0%")&" "&LEFT(Data!$E$316,FIND(",",Data!$E$316)-1))) -> Level 4 large village (22) | E25: =Cappamore!B13 -> 17.697873 | F25: =Cappamore!B14 -> 17.697873 | G25: =Cappamore!B15 -> 17.697873 | H25: =Cappamore!B16 -> 17.697873 | I25: =Cappamore!B17 -> 17.697873 | J25: =Cappamore!B18 -> 9.0004665 | K25: =Cappamore!B19 -> 9.0004665 | L25: =Cappamore!B20 -> 9.0004665 | M25: =Cappamore!B21 -> 9.0004665 | N25: =Cappamore!B22 -> 8.6974065 | O25: =Cappamore!B23 -> 6.5884411 | P25: =Cappamore!B24 -> 6.5344715 | Q25: =Cappamore!B25 -> 6.4555929 | R25: =Cappamore!B26 -> 6.3974718 | S25: =Cappamore!B27 -> 6.3310477 | T25: =SUM(E25:S25) -> 165.49566 | U25: =IF(C25>0,T25/C25,0) -> 7.5225301 | V25: =Land!U25 -> 7.6618362 | W25: =U25-V25 -> -0.13930611
A26: Croom | B26: Village | C26: =Data!$H$317*CHOOSE(Model!$B$16,Data!$C$317,(Data!$C$317+Data!$D$317)/2,Data!$D$317)+(1-Data!$H$317)*CHOOSE(Model!$B$16,Data!$F$317,(Data!$F$317+Data!$G$317)/2,Data!$G$317) -> 22 | D26: =IF(Data!$H$317>=0.9999,Data!$B$317,IF(Data!$H$317<=0.0001,Data!$E$317,TEXT(Data!$H$317,"0%")&" "&LEFT(Data!$B$317,FIND(",",Data!$B$317)-1)&", "&TEXT(1-Data!$H$317,"0%")&" "&LEFT(Data!$E$317,FIND(",",Data!$E$317)-1))) -> Level 4 large village (22) | E26: =Croom!B13 -> 28.435908 | F26: =Croom!B14 -> 28.435908 | G26: =Croom!B15 -> 28.435908 | H26: =Croom!B16 -> 28.435908 | I26: =Croom!B17 -> 28.435908 | J26: =Croom!B18 -> 14.461424 | K26: =Croom!B19 -> 14.461424 | L26: =Croom!B20 -> 14.461424 | M26: =Croom!B21 -> 14.461424 | N26: =Croom!B22 -> 13.974485 | O26: =Croom!B23 -> 10.585922 | P26: =Croom!B24 -> 10.499207 | Q26: =Croom!B25 -> 10.372469 | R26: =Croom!B26 -> 10.279084 | S26: =Croom!B27 -> 10.172357 | T26: =SUM(E26:S26) -> 265.90876 | U26: =IF(C26>0,T26/C26,0) -> 12.086762 | V26: =Land!U26 -> 16.619298 | W26: =U26-V26 -> -4.5325357
A27: Hospital | B27: Village | C27: =Data!$H$318*CHOOSE(Model!$B$16,Data!$C$318,(Data!$C$318+Data!$D$318)/2,Data!$D$318)+(1-Data!$H$318)*CHOOSE(Model!$B$16,Data!$F$318,(Data!$F$318+Data!$G$318)/2,Data!$G$318) -> 22 | D27: =IF(Data!$H$318>=0.9999,Data!$B$318,IF(Data!$H$318<=0.0001,Data!$E$318,TEXT(Data!$H$318,"0%")&" "&LEFT(Data!$B$318,FIND(",",Data!$B$318)-1)&", "&TEXT(1-Data!$H$318,"0%")&" "&LEFT(Data!$E$318,FIND(",",Data!$E$318)-1))) -> Level 4 large village (22) | E27: =Hospital!B13 -> 17.49902 | F27: =Hospital!B14 -> 17.49902 | G27: =Hospital!B15 -> 17.49902 | H27: =Hospital!B16 -> 17.49902 | I27: =Hospital!B17 -> 17.49902 | J27: =Hospital!B18 -> 8.8993376 | K27: =Hospital!B19 -> 8.8993376 | L27: =Hospital!B20 -> 8.8993376 | M27: =Hospital!B21 -> 8.8993376 | N27: =Hospital!B22 -> 8.5996828 | O27: =Hospital!B23 -> 6.5144137 | P27: =Hospital!B24 -> 6.4610505 | Q27: =Hospital!B25 -> 6.3830581 | R27: =Hospital!B26 -> 6.3255901 | S27: =Hospital!B27 -> 6.2599123 | T27: =SUM(E27:S27) -> 163.63616 | U27: =IF(C27>0,T27/C27,0) -> 7.4380073 | V27: =Land!U27 -> 9.8576 | W27: =U27-V27 -> -2.4195927
A28: Kilfinnane | B28: Village | C28: =Data!$H$319*CHOOSE(Model!$B$16,Data!$C$319,(Data!$C$319+Data!$D$319)/2,Data!$D$319)+(1-Data!$H$319)*CHOOSE(Model!$B$16,Data!$F$319,(Data!$F$319+Data!$G$319)/2,Data!$G$319) -> 22 | D28: =IF(Data!$H$319>=0.9999,Data!$B$319,IF(Data!$H$319<=0.0001,Data!$E$319,TEXT(Data!$H$319,"0%")&" "&LEFT(Data!$B$319,FIND(",",Data!$B$319)-1)&", "&TEXT(1-Data!$H$319,"0%")&" "&LEFT(Data!$E$319,FIND(",",Data!$E$319)-1))) -> Level 4 large village (22) | E28: =Kilfinnane!B13 -> 22.271481 | F28: =Kilfinnane!B14 -> 22.271481 | G28: =Kilfinnane!B15 -> 22.271481 | H28: =Kilfinnane!B16 -> 22.271481 | I28: =Kilfinnane!B17 -> 22.271481 | J28: =Kilfinnane!B18 -> 11.32643 | K28: =Kilfinnane!B19 -> 11.32643 | L28: =Kilfinnane!B20 -> 11.32643 | M28: =Kilfinnane!B21 -> 11.32643 | N28: =Kilfinnane!B22 -> 10.945051 | O28: =Kilfinnane!B23 -> 8.2910719 | P28: =Kilfinnane!B24 -> 8.2231551 | Q28: =Kilfinnane!B25 -> 8.1238922 | R28: =Kilfinnane!B26 -> 8.050751 | S28: =Kilfinnane!B27 -> 7.9671611 | T28: =SUM(E28:S28) -> 208.2642 | U28: =IF(C28>0,T28/C28,0) -> 9.4665547 | V28: =Land!U28 -> 10.790891 | W28: =U28-V28 -> -1.3243367
A29: Moroe | B29: Village | C29: =Data!$H$320*CHOOSE(Model!$B$16,Data!$C$320,(Data!$C$320+Data!$D$320)/2,Data!$D$320)+(1-Data!$H$320)*CHOOSE(Model!$B$16,Data!$F$320,(Data!$F$320+Data!$G$320)/2,Data!$G$320) -> 22 | D29: =IF(Data!$H$320>=0.9999,Data!$B$320,IF(Data!$H$320<=0.0001,Data!$E$320,TEXT(Data!$H$320,"0%")&" "&LEFT(Data!$B$320,FIND(",",Data!$B$320)-1)&", "&TEXT(1-Data!$H$320,"0%")&" "&LEFT(Data!$E$320,FIND(",",Data!$E$320)-1))) -> Level 4 large village (22) | E29: =Moroe!B13 -> 32.015253 | F29: =Moroe!B14 -> 32.015253 | G29: =Moroe!B15 -> 32.015253 | H29: =Moroe!B16 -> 32.015253 | I29: =Moroe!B17 -> 32.015253 | J29: =Moroe!B18 -> 16.281743 | K29: =Moroe!B19 -> 16.281743 | L29: =Moroe!B20 -> 16.281743 | M29: =Moroe!B21 -> 16.281743 | N29: =Moroe!B22 -> 15.733511 | O29: =Moroe!B23 -> 11.918416 | P29: =Moroe!B24 -> 11.820786 | Q29: =Moroe!B25 -> 11.678095 | R29: =Moroe!B26 -> 11.572955 | S29: =Moroe!B27 -> 11.452794 | T29: =SUM(E29:S29) -> 299.37979 | U29: =IF(C29>0,T29/C29,0) -> 13.608172 | V29: =Land!U29 -> 11.603868 | W29: =U29-V29 -> 2.0043045
A30: Patrickswell | B30: Village | C30: =Data!$H$321*CHOOSE(Model!$B$16,Data!$C$321,(Data!$C$321+Data!$D$321)/2,Data!$D$321)+(1-Data!$H$321)*CHOOSE(Model!$B$16,Data!$F$321,(Data!$F$321+Data!$G$321)/2,Data!$G$321) -> 25 | D30: =IF(Data!$H$321>=0.9999,Data!$B$321,IF(Data!$H$321<=0.0001,Data!$E$321,TEXT(Data!$H$321,"0%")&" "&LEFT(Data!$B$321,FIND(",",Data!$B$321)-1)&", "&TEXT(1-Data!$H$321,"0%")&" "&LEFT(Data!$E$321,FIND(",",Data!$E$321)-1))) -> Metropolitan village: not below 25 | E30: =Patrickswell!B13 -> 79.541002 | F30: =Patrickswell!B14 -> 79.541002 | G30: =Patrickswell!B15 -> 79.541002 | H30: =Patrickswell!B16 -> 79.541002 | I30: =Patrickswell!B17 -> 79.541002 | J30: =Patrickswell!B18 -> 40.451535 | K30: =Patrickswell!B19 -> 40.451535 | L30: =Patrickswell!B20 -> 40.451535 | M30: =Patrickswell!B21 -> 40.451535 | N30: =Patrickswell!B22 -> 39.089467 | O30: =Patrickswell!B23 -> 29.610971 | P30: =Patrickswell!B24 -> 29.368411 | Q30: =Patrickswell!B25 -> 29.013901 | R30: =Patrickswell!B26 -> 28.752682 | S30: =Patrickswell!B27 -> 28.454147 | T30: =SUM(E30:S30) -> 743.80073 | U30: =IF(C30>0,T30/C30,0) -> 29.752029 | V30: =Land!U30 -> 34.595383 | W30: =U30-V30 -> -4.8433536
A31: Rest of county | B31: Rest of county | C31: =Data!$H$322*CHOOSE(Model!$B$16,Data!$C$322,(Data!$C$322+Data!$D$322)/2,Data!$D$322)+(1-Data!$H$322)*CHOOSE(Model!$B$16,Data!$F$322,(Data!$F$322+Data!$G$322)/2,Data!$G$322) -> 10.1 | D31: =IF(Data!$H$322>=0.9999,Data!$B$322,IF(Data!$H$322<=0.0001,Data!$E$322,TEXT(Data!$H$322,"0%")&" "&LEFT(Data!$B$322,FIND(",",Data!$B$322)-1)&", "&TEXT(1-Data!$H$322,"0%")&" "&LEFT(Data!$E$322,FIND(",",Data!$E$322)-1))) -> No Council figure: existing density kept | E31: ='Rest of county'!B13 -> 416.39715 | F31: ='Rest of county'!B14 -> 416.39715 | G31: ='Rest of county'!B15 -> 416.39715 | H31: ='Rest of county'!B16 -> 416.39715 | I31: ='Rest of county'!B17 -> 416.39715 | J31: ='Rest of county'!B18 -> 211.76378 | K31: ='Rest of county'!B19 -> 211.76378 | L31: ='Rest of county'!B20 -> 211.76378 | M31: ='Rest of county'!B21 -> 211.76378 | N31: ='Rest of county'!B22 -> 204.63336 | O31: ='Rest of county'!B23 -> 155.01343 | P31: ='Rest of county'!B24 -> 153.74363 | Q31: ='Rest of county'!B25 -> 151.88777 | R31: ='Rest of county'!B26 -> 150.52029 | S31: ='Rest of county'!B27 -> 148.95746 | T31: =SUM(E31:S31) -> 3893.7968 | U31: =IF(C31>0,T31/C31,0) -> 385.52444 | V31: =Land!U31 -> 385.52444 | W31: =U31-V31 -> 0
A32: Limerick | C32: =IF(U32>0,T32/U32,0) -> 31.083268 | D32: Average density implied by the land total | E32: =SUM(E7:E31) -> 4263 | F32: =SUM(F7:F31) -> 4263 | G32: =SUM(G7:G31) -> 4263 | H32: =SUM(H7:H31) -> 4263 | I32: =SUM(I7:I31) -> 4263 | J32: =SUM(J7:J31) -> 2168 | K32: =SUM(K7:K31) -> 2168 | L32: =SUM(L7:L31) -> 2168 | ... W32: =SUM(W7:W31) -> -541.63989
A34: By type of place
A35: Type of place | C35: Average density (homes/ha) | E35: 2026 | F35: 2027 | G35: 2028 | H35: 2029 | I35: 2030 | J35: 2031 | K35: 2032 | L35: 2033 | M35: 2034 | N35: 2035 | O35: 2036 | P35: 2037 | Q35: 2038 | R35: 2039 | S35: 2040 | T35: Homes, total | U35: Land needed (ha) | V35: Land at existing density (ha) | W35: Difference (ha)
A36: City neighbourhoods | C36: =IF(U36>0,T36/U36,0) -> 46.028874 | E36: =SUMIFS(E$7:E$31,$B$7:$B$31,"City neighbourhood") -> 3128.7453 | F36: =SUMIFS(F$7:F$31,$B$7:$B$31,"City neighbourhood") -> 3128.7453 | G36: =SUMIFS(G$7:G$31,$B$7:$B$31,"City neighbourhood") -> 3128.7453 | H36: =SUMIFS(H$7:H$31,$B$7:$B$31,"City neighbourhood") -> 3128.7453 | I36: =SUMIFS(I$7:I$31,$B$7:$B$31,"City neighbourhood") -> 3128.7453 | J36: =SUMIFS(J$7:J$31,$B$7:$B$31,"City neighbourhood") -> 1591.1611 | K36: =SUMIFS(K$7:K$31,$B$7:$B$31,"City neighbourhood") -> 1591.1611 | L36: =SUMIFS(L$7:L$31,$B$7:$B$31,"City neighbourhood") -> 1591.1611 | ... W36: =SUMIFS(W$7:W$31,$B$7:$B$31,"City neighbourhood") -> -451.09933
A37: Key towns | C37: =IF(U37>0,T37/U37,0) -> 28.193578 | E37: =SUMIFS(E$7:E$31,$B$7:$B$31,"Key town") -> 425.54436 | F37: =SUMIFS(F$7:F$31,$B$7:$B$31,"Key town") -> 425.54436 | G37: =SUMIFS(G$7:G$31,$B$7:$B$31,"Key town") -> 425.54436 | H37: =SUMIFS(H$7:H$31,$B$7:$B$31,"Key town") -> 425.54436 | I37: =SUMIFS(I$7:I$31,$B$7:$B$31,"Key town") -> 425.54436 | J37: =SUMIFS(J$7:J$31,$B$7:$B$31,"Key town") -> 216.41571 | K37: =SUMIFS(K$7:K$31,$B$7:$B$31,"Key town") -> 216.41571 | L37: =SUMIFS(L$7:L$31,$B$7:$B$31,"Key town") -> 216.41571 | ... W37: =SUMIFS(W$7:W$31,$B$7:$B$31,"Key town") -> -58.623715
A38: Villages | C38: =IF(U38>0,T38/U38,0) -> 22.742616 | E38: =SUMIFS(E$7:E$31,$B$7:$B$31,"Village") -> 292.31318 | F38: =SUMIFS(F$7:F$31,$B$7:$B$31,"Village") -> 292.31318 | G38: =SUMIFS(G$7:G$31,$B$7:$B$31,"Village") -> 292.31318 | H38: =SUMIFS(H$7:H$31,$B$7:$B$31,"Village") -> 292.31318 | I38: =SUMIFS(I$7:I$31,$B$7:$B$31,"Village") -> 292.31318 | J38: =SUMIFS(J$7:J$31,$B$7:$B$31,"Village") -> 148.65939 | K38: =SUMIFS(K$7:K$31,$B$7:$B$31,"Village") -> 148.65939 | L38: =SUMIFS(L$7:L$31,$B$7:$B$31,"Village") -> 148.65939 | ... W38: =SUMIFS(W$7:W$31,$B$7:$B$31,"Village") -> -31.916843
A39: Rest of county | C39: =IF(U39>0,T39/U39,0) -> 10.1 | E39: =SUMIFS(E$7:E$31,$B$7:$B$31,"Rest of county") -> 416.39715 | F39: =SUMIFS(F$7:F$31,$B$7:$B$31,"Rest of county") -> 416.39715 | G39: =SUMIFS(G$7:G$31,$B$7:$B$31,"Rest of county") -> 416.39715 | H39: =SUMIFS(H$7:H$31,$B$7:$B$31,"Rest of county") -> 416.39715 | I39: =SUMIFS(I$7:I$31,$B$7:$B$31,"Rest of county") -> 416.39715 | J39: =SUMIFS(J$7:J$31,$B$7:$B$31,"Rest of county") -> 211.76378 | K39: =SUMIFS(K$7:K$31,$B$7:$B$31,"Rest of county") -> 211.76378 | L39: =SUMIFS(L$7:L$31,$B$7:$B$31,"Rest of county") -> 211.76378 | ... W39: =SUMIFS(W$7:W$31,$B$7:$B$31,"Rest of county") -> 0
A42: Land needed by year (ha)
A43: Catchment | B43: Type of place | C43: Density used (homes/ha) | E43: 2026 | F43: 2027 | G43: 2028 | H43: 2029 | I43: 2030 | J43: 2031 | K43: 2032 | L43: 2033 | M43: 2034 | N43: 2035 | O43: 2036 | P43: 2037 | Q43: 2038 | R43: 2039 | S43: 2040 | T43: Land, total (ha)
A44: =A7 -> Ballinacurra | B44: =B7 -> City neighbourhood | C44: =C7 -> 47.998921 | E44: =IF($C44>0,E7/$C44,0) -> 2.6925763 | F44: =IF($C44>0,F7/$C44,0) -> 2.6925763 | G44: =IF($C44>0,G7/$C44,0) -> 2.6925763 | H44: =IF($C44>0,H7/$C44,0) -> 2.6925763 | I44: =IF($C44>0,I7/$C44,0) -> 2.6925763 | J44: =IF($C44>0,J7/$C44,0) -> 1.3693421 | K44: =IF($C44>0,K7/$C44,0) -> 1.3693421 | L44: =IF($C44>0,L7/$C44,0) -> 1.3693421 | ... S44: =IF($C44>0,S7/$C44,0) -> 0.96321344 | T44: =SUM(E44:S44) -> 25.178715
A45: =A8 -> Caherdavin | B45: =B8 -> City neighbourhood | C45: =C8 -> 43.118762 | E45: =IF($C45>0,E8/$C45,0) -> 12.182193 | F45: =IF($C45>0,F8/$C45,0) -> 12.182193 | G45: =IF($C45>0,G8/$C45,0) -> 12.182193 | H45: =IF($C45>0,H8/$C45,0) -> 12.182193 | I45: =IF($C45>0,I8/$C45,0) -> 12.182193 | J45: =IF($C45>0,J8/$C45,0) -> 6.1954012 | K45: =IF($C45>0,K8/$C45,0) -> 6.1954012 | L45: =IF($C45>0,L8/$C45,0) -> 6.1954012 | ... S45: =IF($C45>0,S8/$C45,0) -> 4.3579275 | T45: =SUM(E45:S45) -> 113.91765
A46: =A9 -> Castletroy/Annacotty | B46: =B9 -> City neighbourhood | C46: =C9 -> 38.68471 | E46: =IF($C46>0,E9/$C46,0) -> 16.10981 | F46: =IF($C46>0,F9/$C46,0) -> 16.10981 | G46: =IF($C46>0,G9/$C46,0) -> 16.10981 | H46: =IF($C46>0,H9/$C46,0) -> 16.10981 | I46: =IF($C46>0,I9/$C46,0) -> 16.10981 | J46: =IF($C46>0,J9/$C46,0) -> 8.1928379 | K46: =IF($C46>0,K9/$C46,0) -> 8.1928379 | L46: =IF($C46>0,L9/$C46,0) -> 8.1928379 | ... S46: =IF($C46>0,S9/$C46,0) -> 5.762951 | T46: =SUM(E46:S46) -> 150.64543
A47: =A10 -> City Centre | B47: =B10 -> City neighbourhood | C47: =C10 -> 99.993621 | E47: =IF($C47>0,E10/$C47,0) -> 5.4138932 | F47: =IF($C47>0,F10/$C47,0) -> 5.4138932 | G47: =IF($C47>0,G10/$C47,0) -> 5.4138932 | H47: =IF($C47>0,H10/$C47,0) -> 5.4138932 | I47: =IF($C47>0,I10/$C47,0) -> 5.4138932 | J47: =IF($C47>0,J10/$C47,0) -> 2.7533006 | K47: =IF($C47>0,K10/$C47,0) -> 2.7533006 | L47: =IF($C47>0,L10/$C47,0) -> 2.7533006 | ... S47: =IF($C47>0,S10/$C47,0) -> 1.9367082 | T47: =SUM(E47:S47) -> 50.626188
A48: =A11 -> Corbally/Grove Island | B48: =B11 -> City neighbourhood | C48: =C11 -> 42.012198 | E48: =IF($C48>0,E11/$C48,0) -> 3.2594625 | F48: =IF($C48>0,F11/$C48,0) -> 3.2594625 | G48: =IF($C48>0,G11/$C48,0) -> 3.2594625 | H48: =IF($C48>0,H11/$C48,0) -> 3.2594625 | I48: =IF($C48>0,I11/$C48,0) -> 3.2594625 | J48: =IF($C48>0,J11/$C48,0) -> 1.6576389 | K48: =IF($C48>0,K11/$C48,0) -> 1.6576389 | L48: =IF($C48>0,L11/$C48,0) -> 1.6576389 | ... S48: =IF($C48>0,S11/$C48,0) -> 1.1660052 | T48: =SUM(E48:S48) -> 30.479759
A49: =A12 -> Dooradoyle | B49: =B12 -> City neighbourhood | C49: =C12 -> 35.787512 | E49: =IF($C49>0,E12/$C49,0) -> 16.315534 | F49: =IF($C49>0,F12/$C49,0) -> 16.315534 | G49: =IF($C49>0,G12/$C49,0) -> 16.315534 | H49: =IF($C49>0,H12/$C49,0) -> 16.315534 | I49: =IF($C49>0,I12/$C49,0) -> 16.315534 | J49: =IF($C49>0,J12/$C49,0) -> 8.2974611 | K49: =IF($C49>0,K12/$C49,0) -> 8.2974611 | L49: =IF($C49>0,L12/$C49,0) -> 8.2974611 | ... S49: =IF($C49>0,S12/$C49,0) -> 5.8365444 | T49: =SUM(E49:S49) -> 152.56918
A50: =A13 -> Kings Island | B50: =B13 -> City neighbourhood | C50: =C13 -> 50 | E50: =IF($C50>0,E13/$C50,0) -> 1.354571 | F50: =IF($C50>0,F13/$C50,0) -> 1.354571 | G50: =IF($C50>0,G13/$C50,0) -> 1.354571 | H50: =IF($C50>0,H13/$C50,0) -> 1.354571 | I50: =IF($C50>0,I13/$C50,0) -> 1.354571 | J50: =IF($C50>0,J13/$C50,0) -> 0.68888342 | K50: =IF($C50>0,K13/$C50,0) -> 0.68888342 | L50: =IF($C50>0,L13/$C50,0) -> 0.68888342 | ... S50: =IF($C50>0,S13/$C50,0) -> 0.48456975 | T50: =SUM(E50:S50) -> 12.666812
A51: =A14 -> Singland/Garryowen | B51: =B14 -> City neighbourhood | C51: =C14 -> 48.951182 | E51: =IF($C51>0,E14/$C51,0) -> 6.8756387 | F51: =IF($C51>0,F14/$C51,0) -> 6.8756387 | G51: =IF($C51>0,G14/$C51,0) -> 6.8756387 | H51: =IF($C51>0,H14/$C51,0) -> 6.8756387 | I51: =IF($C51>0,I14/$C51,0) -> 6.8756387 | J51: =IF($C51>0,J14/$C51,0) -> 3.4966889 | K51: =IF($C51>0,K14/$C51,0) -> 3.4966889 | L51: =IF($C51>0,L14/$C51,0) -> 3.4966889 | ... S51: =IF($C51>0,S14/$C51,0) -> 2.4596174 | T51: =SUM(E51:S51) -> 64.295206
A52: =A15 -> Southhill | B52: =B15 -> City neighbourhood | C52: =C15 -> 48.950568 | E52: =IF($C52>0,E15/$C52,0) -> 3.7698566 | F52: =IF($C52>0,F15/$C52,0) -> 3.7698566 | G52: =IF($C52>0,G15/$C52,0) -> 3.7698566 | H52: =IF($C52>0,H15/$C52,0) -> 3.7698566 | I52: =IF($C52>0,I15/$C52,0) -> 3.7698566 | J52: =IF($C52>0,J15/$C52,0) -> 1.917206 | K52: =IF($C52>0,K15/$C52,0) -> 1.917206 | L52: =IF($C52>0,L15/$C52,0) -> 1.917206 | ... S52: =IF($C52>0,S15/$C52,0) -> 1.3485882 | T52: =SUM(E52:S52) -> 35.252537
A53: =A16 -> Abbeyfeale | B53: =B16 -> Key town | C53: =C16 -> 25 | E53: =IF($C53>0,E16/$C53,0) -> 2.3066891 | F53: =IF($C53>0,F16/$C53,0) -> 2.3066891 | G53: =IF($C53>0,G16/$C53,0) -> 2.3066891 | H53: =IF($C53>0,H16/$C53,0) -> 2.3066891 | I53: =IF($C53>0,I16/$C53,0) -> 2.3066891 | J53: =IF($C53>0,J16/$C53,0) -> 1.1730945 | K53: =IF($C53>0,K16/$C53,0) -> 1.1730945 | L53: =IF($C53>0,L16/$C53,0) -> 1.1730945 | ... S53: =IF($C53>0,S16/$C53,0) -> 0.82517026 | T53: =SUM(E53:S53) -> 21.570221
A54: =A17 -> Caherconlish | B54: =B17 -> Key town | C54: =C17 -> 25 | E54: =IF($C54>0,E17/$C54,0) -> 1.3681052 | F54: =IF($C54>0,F17/$C54,0) -> 1.3681052 | G54: =IF($C54>0,G17/$C54,0) -> 1.3681052 | H54: =IF($C54>0,H17/$C54,0) -> 1.3681052 | I54: =IF($C54>0,I17/$C54,0) -> 1.3681052 | J54: =IF($C54>0,J17/$C54,0) -> 0.6957664 | K54: =IF($C54>0,K17/$C54,0) -> 0.6957664 | L54: =IF($C54>0,L17/$C54,0) -> 0.6957664 | ... S54: =IF($C54>0,S17/$C54,0) -> 0.48941133 | T54: =SUM(E54:S54) -> 12.793373
A55: =A18 -> Castleconnell | B55: =B18 -> Key town | C55: =C18 -> 35 | E55: =IF($C55>0,E18/$C55,0) -> 1.602183 | F55: =IF($C55>0,F18/$C55,0) -> 1.602183 | G55: =IF($C55>0,G18/$C55,0) -> 1.602183 | H55: =IF($C55>0,H18/$C55,0) -> 1.602183 | I55: =IF($C55>0,I18/$C55,0) -> 1.602183 | J55: =IF($C55>0,J18/$C55,0) -> 0.81480948 | K55: =IF($C55>0,K18/$C55,0) -> 0.81480948 | L55: =IF($C55>0,L18/$C55,0) -> 0.81480948 | ... S55: =IF($C55>0,S18/$C55,0) -> 0.57314781 | T55: =SUM(E55:S55) -> 14.982272
... A68: =A31 -> Rest of county | B68: =B31 -> Rest of county | C68: =C31 -> 10.1 | E68: =IF($C68>0,E31/$C68,0) -> 41.22744 | F68: =IF($C68>0,F31/$C68,0) -> 41.22744 | G68: =IF($C68>0,G31/$C68,0) -> 41.22744 | H68: =IF($C68>0,H31/$C68,0) -> 41.22744 | I68: =IF($C68>0,I31/$C68,0) -> 41.22744 | J68: =IF($C68>0,J31/$C68,0) -> 20.966711 | K68: =IF($C68>0,K31/$C68,0) -> 20.966711 | L68: =IF($C68>0,L31/$C68,0) -> 20.966711 | ... S68: =IF($C68>0,S31/$C68,0) -> 14.748263 | T68: =SUM(E68:S68) -> 385.52444
A69: Limerick | E69: =SUM(E44:E68) -> 137.14774 | F69: =SUM(F44:F68) -> 137.14774 | G69: =SUM(G44:G68) -> 137.14774 | H69: =SUM(H44:H68) -> 137.14774 | I69: =SUM(I44:I68) -> 137.14774 | J69: =SUM(J44:J68) -> 69.748136 | K69: =SUM(K44:K68) -> 69.748136 | L69: =SUM(L44:L68) -> 69.748136 | ... T69: =SUM(T44:T68) -> 1282.4906
A71: Source: Variation No. 3 to the Limerick Development Plan 2022–2028 (made 28 September 2026), Section 2.3.5.2, density table (Table 2.5, renumbered 2.6). Ranges are net dwellings per hectare. Figures were read from the published proposed variation; the strikethrough marking deleted text could not be checked, so confirm the ranges against the adopted plan.
A72: City neighbourhoods: Zone 2 (urban neighbourhoods) applies near high-frequency public transport and Zone 3 (suburban / urban extension) elsewhere. Each neighbourhood's density is weighted by the share of its identified housing land (land register, developable ha) in transport Tiers 1–2. City Centre uses Zone 1 for that land. Zone 3 locations that are accessible may be considered for up to 100 per ha; that is not used here.
A73: Towns and villages use the zone 2 / town-edge range, where most new housing land sits. Town-centre zones carry higher ranges (Castleconnell 50–150, Newcastle West 40–100). The older 80% / 20% serviced-sites rule (22 or 35 per ha, and 10 per ha) is not used.
A74: Rest of county: the variation sets no density for small villages, rural clusters or open countryside, so the existing density is kept. Land needed is net residential land; it excludes roads, open space and schools and does not net off land already zoned or permitted.

Sheet Zoned land vs need
A1: Zoned land against 2040 need, at Council densities
A2: Homes needed 2026–2040 by catchment (this model) against the land already identified in the Limerick housing land register, with the identified land valued at the Council density used in the Land at Council density tab.
A4: Headroom on the 2040 need | C4: 0.4 | D4: Change to test other headroom levels. The guidelines allow up to 50%.
D5: From this model | F5: From the land register
A6: Catchment | B6: Type of place | C6: Council density (homes/ha) | D6: Homes needed 2026–2040 | E6: Land needed at Council density (ha) | F6: Consented homes not yet built | G6: Zoned land without consent (ha) | H6: Homes on that land at Council density | I6: Identified supply (homes) | J6: Identified supply as land (ha) | K6: Surplus (+) / shortfall (−), homes | L6: Enough zoned land? | M6: Additional land needed to 2040 (ha) | N6: Homes to plan for with headroom | O6: Additional land needed with headroom (ha) | P6: Register capacity of the unconsented land (homes) | Q6: Sites with a manually set capacity (homes, unconsented)
A7: ='Land at Council density'!A7 -> Ballinacurra | B7: ='Land at Council density'!B7 -> City neighbourhood | C7: ='Land at Council density'!C7 -> 47.998921 | D7: ='Land at Council density'!T7 -> 1208.5512 | E7: ='Land at Council density'!U7 -> 25.178715 | F7: 277 | G7: 3.46 | H7: =G7*C7+Q7 -> 166.07627 | I7: =F7+H7 -> 443.07627 | J7: =IF(C7>0,G7+F7/C7,0) -> 9.230963 | K7: =I7-D7 -> -765.4749 | L7: =IF(K7>=0,"Yes","No") -> No | M7: =IF(C7>0,MAX(D7-I7,0)/C7,0) -> 15.947752 | N7: =D7*(1+$C$4) -> 1691.9716 | O7: =IF(C7>0,MAX(N7-I7,0)/C7,0) -> 26.019238 | P7: 153 | Q7: 0
A8: ='Land at Council density'!A8 -> Caherdavin | B8: ='Land at Council density'!B8 -> City neighbourhood | C8: ='Land at Council density'!C8 -> 43.118762 | D8: ='Land at Council density'!T8 -> 4911.9882 | E8: ='Land at Council density'!U8 -> 113.91765 | F8: 1098 | G8: 22.76 | H8: =G8*C8+Q8 -> 981.38303 | I8: =F8+H8 -> 2079.383 | J8: =IF(C8>0,G8+F8/C8,0) -> 48.224553 | K8: =I8-D8 -> -2832.6052 | L8: =IF(K8>=0,"Yes","No") -> No | M8: =IF(C8>0,MAX(D8-I8,0)/C8,0) -> 65.6931 | N8: =D8*(1+$C$4) -> 6876.7835 | O8: =IF(C8>0,MAX(N8-I8,0)/C8,0) -> 111.26016 | P8: 985 | Q8: 0
A9: ='Land at Council density'!A9 -> Castletroy/Annacotty | B9: ='Land at Council density'!B9 -> City neighbourhood | C9: ='Land at Council density'!C9 -> 38.68471 | D9: ='Land at Council density'!T9 -> 5827.6747 | E9: ='Land at Council density'!U9 -> 150.64543 | F9: 2026 | G9: 29.11 | H9: =G9*C9+Q9 -> 1126.1119 | I9: =F9+H9 -> 3152.1119 | J9: =IF(C9>0,G9+F9/C9,0) -> 81.482113 | K9: =I9-D9 -> -2675.5628 | L9: =IF(K9>=0,"Yes","No") -> No | M9: =IF(C9>0,MAX(D9-I9,0)/C9,0) -> 69.163315 | N9: =D9*(1+$C$4) -> 8158.7446 | O9: =IF(C9>0,MAX(N9-I9,0)/C9,0) -> 129.42149 | P9: 1193 | Q9: 0
A10: ='Land at Council density'!A10 -> City Centre | B10: ='Land at Council density'!B10 -> City neighbourhood | C10: ='Land at Council density'!C10 -> 99.993621 | D10: ='Land at Council density'!T10 -> 5062.2959 | E10: ='Land at Council density'!U10 -> 50.626188 | F10: 826 | G10: 8.71 | H10: =G10*C10+Q10 -> 3359.9444 | I10: =F10+H10 -> 4185.9444 | J10: =IF(C10>0,G10+F10/C10,0) -> 16.970527 | K10: =I10-D10 -> -876.35142 | L10: =IF(K10>=0,"Yes","No") -> No | M10: =IF(C10>0,MAX(D10-I10,0)/C10,0) -> 8.7640732 | N10: =D10*(1+$C$4) -> 7087.2142 | O10: =IF(C10>0,MAX(N10-I10,0)/C10,0) -> 29.014548 | P10: 3412 | Q10: 2489
A11: ='Land at Council density'!A11 -> Corbally/Grove Island | B11: ='Land at Council density'!B11 -> City neighbourhood | C11: ='Land at Council density'!C11 -> 42.012198 | D11: ='Land at Council density'!T11 -> 1280.5217 | E11: ='Land at Council density'!U11 -> 30.479759 | F11: 66 | G11: 15.68 | H11: =G11*C11+Q11 -> 658.75127 | I11: =F11+H11 -> 724.75127 | J11: =IF(C11>0,G11+F11/C11,0) -> 17.250972 | K11: =I11-D11 -> -555.77042 | L11: =IF(K11>=0,"Yes","No") -> No | M11: =IF(C11>0,MAX(D11-I11,0)/C11,0) -> 13.228787 | N11: =D11*(1+$C$4) -> 1792.7304 | O11: =IF(C11>0,MAX(N11-I11,0)/C11,0) -> 25.420691 | P11: 605 | Q11: 0
A12: ='Land at Council density'!A12 -> Dooradoyle | B12: ='Land at Council density'!B12 -> City neighbourhood | C12: ='Land at Council density'!C12 -> 35.787512 | D12: ='Land at Council density'!T12 -> 5460.0714 | E12: ='Land at Council density'!U12 -> 152.56918 | F12: 1643 | G12: 60.92 | H12: =G12*C12+Q12 -> 2180.1752 | I12: =F12+H12 -> 3823.1752 | J12: =IF(C12>0,G12+F12/C12,0) -> 106.82987 | K12: =I12-D12 -> -1636.8962 | L12: =IF(K12>=0,"Yes","No") -> No | M12: =IF(C12>0,MAX(D12-I12,0)/C12,0) -> 45.739313 | N12: =D12*(1+$C$4) -> 7644.1 | O12: =IF(C12>0,MAX(N12-I12,0)/C12,0) -> 106.76699 | P12: 2811 | Q12: 0
A13: ='Land at Council density'!A13 -> Kings Island | B13: ='Land at Council density'!B13 -> City neighbourhood | C13: ='Land at Council density'!C13 -> 50 | D13: ='Land at Council density'!T13 -> 633.3406 | E13: ='Land at Council density'!U13 -> 12.666812 | F13: 50 | G13: 0.28 | H13: =G13*C13+Q13 -> 14 | I13: =F13+H13 -> 64 | J13: =IF(C13>0,G13+F13/C13,0) -> 1.28 | K13: =I13-D13 -> -569.3406 | L13: =IF(K13>=0,"Yes","No") -> No | M13: =IF(C13>0,MAX(D13-I13,0)/C13,0) -> 11.386812 | N13: =D13*(1+$C$4) -> 886.67684 | O13: =IF(C13>0,MAX(N13-I13,0)/C13,0) -> 16.453537 | P13: 25 | Q13: 0
A14: ='Land at Council density'!A14 -> Singland/Garryowen | B14: ='Land at Council density'!B14 -> City neighbourhood | C14: ='Land at Council density'!C14 -> 48.951182 | D14: ='Land at Council density'!T14 -> 3147.3263 | E14: ='Land at Council density'!U14 -> 64.295206 | F14: 217 | G14: 11.75 | H14: =G14*C14+Q14 -> 575.17639 | I14: =F14+H14 -> 792.17639 | J14: =IF(C14>0,G14+F14/C14,0) -> 16.182988 | K14: =I14-D14 -> -2355.1499 | L14: =IF(K14>=0,"Yes","No") -> No | M14: =IF(C14>0,MAX(D14-I14,0)/C14,0) -> 48.112218 | N14: =D14*(1+$C$4) -> 4406.2569 | O14: =IF(C14>0,MAX(N14-I14,0)/C14,0) -> 73.8303 | P14: 517 | Q14: 0
A15: ='Land at Council density'!A15 -> Southhill | B15: ='Land at Council density'!B15 -> City neighbourhood | C15: ='Land at Council density'!C15 -> 48.950568 | D15: ='Land at Council density'!T15 -> 1725.6317 | E15: ='Land at Council density'!U15 -> 35.252537 | F15: 462 | G15: 15.11 | H15: =G15*C15+Q15 -> 739.64308 | I15: =F15+H15 -> 1201.6431 | J15: =IF(C15>0,G15+F15/C15,0) -> 24.548093 | K15: =I15-D15 -> -523.98861 | L15: =IF(K15>=0,"Yes","No") -> No | M15: =IF(C15>0,MAX(D15-I15,0)/C15,0) -> 10.704444 | N15: =D15*(1+$C$4) -> 2415.8844 | O15: =IF(C15>0,MAX(N15-I15,0)/C15,0) -> 24.805459 | P15: 699 | Q15: 0
A16: ='Land at Council density'!A16 -> Abbeyfeale | B16: ='Land at Council density'!B16 -> Key town | C16: ='Land at Council density'!C16 -> 25 | D16: ='Land at Council density'!T16 -> 539.25553 | E16: ='Land at Council density'!U16 -> 21.570221 | F16: 87 | G16: 10.8 | H16: =G16*C16+Q16 -> 270 | I16: =F16+H16 -> 357 | J16: =IF(C16>0,G16+F16/C16,0) -> 14.28 | K16: =I16-D16 -> -182.25553 | L16: =IF(K16>=0,"Yes","No") -> No | M16: =IF(C16>0,MAX(D16-I16,0)/C16,0) -> 7.2902211 | N16: =D16*(1+$C$4) -> 754.95774 | O16: =IF(C16>0,MAX(N16-I16,0)/C16,0) -> 15.91831 | P16: 215 | Q16: 0
A17: ='Land at Council density'!A17 -> Caherconlish | B17: ='Land at Council density'!B17 -> Key town | C17: ='Land at Council density'!C17 -> 25 | D17: ='Land at Council density'!T17 -> 319.83431 | E17: ='Land at Council density'!U17 -> 12.793373 | F17: 0 | G17: 14.82 | H17: =G17*C17+Q17 -> 370.5 | I17: =F17+H17 -> 370.5 | J17: =IF(C17>0,G17+F17/C17,0) -> 14.82 | K17: =I17-D17 -> 50.665687 | L17: =IF(K17>=0,"Yes","No") -> Yes | M17: =IF(C17>0,MAX(D17-I17,0)/C17,0) -> 0 | N17: =D17*(1+$C$4) -> 447.76804 | O17: =IF(C17>0,MAX(N17-I17,0)/C17,0) -> 3.0907215 | P17: 291 | Q17: 0
A18: ='Land at Council density'!A18 -> Castleconnell | B18: ='Land at Council density'!B18 -> Key town | C18: ='Land at Council density'!C18 -> 35 | D18: ='Land at Council density'!T18 -> 524.37951 | E18: ='Land at Council density'!U18 -> 14.982272 | F18: 88 | G18: 21.11 | H18: =G18*C18+Q18 -> 738.85 | I18: =F18+H18 -> 826.85 | J18: =IF(C18>0,G18+F18/C18,0) -> 23.624286 | K18: =I18-D18 -> 302.47049 | L18: =IF(K18>=0,"Yes","No") -> Yes | M18: =IF(C18>0,MAX(D18-I18,0)/C18,0) -> 0 | N18: =D18*(1+$C$4) -> 734.13132 | O18: =IF(C18>0,MAX(N18-I18,0)/C18,0) -> 0 | P18: 382 | Q18: 0
... A30: ='Land at Council density'!A30 -> Patrickswell | B30: ='Land at Council density'!B30 -> Village | C30: ='Land at Council density'!C30 -> 25 | D30: ='Land at Council density'!T30 -> 743.80073 | E30: ='Land at Council density'!U30 -> 29.752029 | F30: 407 | G30: 5.24 | H30: =G30*C30+Q30 -> 131 | I30: =F30+H30 -> 538 | J30: =IF(C30>0,G30+F30/C30,0) -> 21.52 | K30: =I30-D30 -> -205.80073 | L30: =IF(K30>=0,"Yes","No") -> No | M30: =IF(C30>0,MAX(D30-I30,0)/C30,0) -> 8.2320291 | N30: =D30*(1+$C$4) -> 1041.321 | O30: =IF(C30>0,MAX(N30-I30,0)/C30,0) -> 20.132841 | P30: 112 | Q30: 0
A31: Neighbourhoods and settlements | C31: =IF(E31>0,D31/E31,0) -> 40.102073 | D31: =SUM(D7:D30) -> 35970.203 | E31: =SUM(E7:E30) -> 896.96619 | F31: =SUM(F7:F30) -> 8096 | G31: =SUM(G7:G30) -> 462.58 | H31: =SUM(H7:H30) -> 17639.172 | I31: =SUM(I7:I30) -> 25735.172 | J31: =SUM(J7:J30) -> 674.26588 | K31: =SUM(K7:K30) -> -10235.032 | L31: =COUNTIF(L7:L30,"No")&" of 24 short" -> 16 of 24 short | M31: =SUM(M7:M30) -> 326.00657 | N31: =SUM(N7:N30) -> 50358.284 | O31: =SUM(O7:O30) -> 627.83316 | P31: =SUM(P7:P30) -> 17331 | Q31: =SUM(Q7:Q30) -> 2489
A32: Remainder of county (not analysed) | B32: ='Land at Council density'!B31 -> Rest of county | D32: ='Land at Council density'!T31 -> 3893.7968 | E32: Outside the scope of this study; not assessed against land
A34: By type of place
A35: Type of place | D35: Homes needed | E35: Land needed (ha) | F35: Consented not built | G35: Zoned land without consent (ha) | H35: Homes on that land | I35: Identified supply | J35: Supply as land (ha) | K35: Surplus / shortfall | L35: Catchments short | M35: Additional land to 2040 (ha) | N35: Homes with headroom | O35: Additional land with headroom (ha) | P35: Register capacity | Q35: Manually set (homes)
A36: City neighbourhood | D36: =SUMIFS(D$7:D$30,$B$7:$B$30,$A36) -> 29257.402 | E36: =SUMIFS(E$7:E$30,$B$7:$B$30,$A36) -> 635.63148 | F36: =SUMIFS(F$7:F$30,$B$7:$B$30,$A36) -> 6665 | G36: =SUMIFS(G$7:G$30,$B$7:$B$30,$A36) -> 167.78 | H36: =SUMIFS(H$7:H$30,$B$7:$B$30,$A36) -> 9801.2616 | I36: =SUMIFS(I$7:I$30,$B$7:$B$30,$A36) -> 16466.262 | J36: =SUMIFS(J$7:J$30,$B$7:$B$30,$A36) -> 322.00008 | K36: =SUMIFS(K$7:K$30,$B$7:$B$30,$A36) -> -12791.14 | L36: =COUNTIFS($B$7:$B$30,$A36,$L$7:$L$30,"No") -> 9 | M36: =SUMIFS(M$7:M$30,$B$7:$B$30,$A36) -> 288.73981 | N36: =SUMIFS(N$7:N$30,$B$7:$B$30,$A36) -> 40960.362 | O36: =SUMIFS(O$7:O$30,$B$7:$B$30,$A36) -> 542.99241 | P36: =SUMIFS(P$7:P$30,$B$7:$B$30,$A36) -> 10400 | Q36: =SUMIFS(Q$7:Q$30,$B$7:$B$30,$A36) -> 2489
A37: Key town | D37: =SUMIFS(D$7:D$30,$B$7:$B$30,$A37) -> 3979.3339 | E37: =SUMIFS(E$7:E$30,$B$7:$B$30,$A37) -> 141.14327 | F37: =SUMIFS(F$7:F$30,$B$7:$B$30,$A37) -> 500 | G37: =SUMIFS(G$7:G$30,$B$7:$B$30,$A37) -> 228.13 | H37: =SUMIFS(H$7:H$30,$B$7:$B$30,$A37) -> 6355.45 | I37: =SUMIFS(I$7:I$30,$B$7:$B$30,$A37) -> 6855.45 | J37: =SUMIFS(J$7:J$30,$B$7:$B$30,$A37) -> 245.49762 | K37: =SUMIFS(K$7:K$30,$B$7:$B$30,$A37) -> 2876.1161 | L37: =COUNTIFS($B$7:$B$30,$A37,$L$7:$L$30,"No") -> 1 | M37: =SUMIFS(M$7:M$30,$B$7:$B$30,$A37) -> 7.2902211 | N37: =SUMIFS(N$7:N$30,$B$7:$B$30,$A37) -> 5571.0675 | O37: =SUMIFS(O$7:O$30,$B$7:$B$30,$A37) -> 19.009031 | P37: =SUMIFS(P$7:P$30,$B$7:$B$30,$A37) -> 5729 | Q37: =SUMIFS(Q$7:Q$30,$B$7:$B$30,$A37) -> 0
A38: Village | D38: =SUMIFS(D$7:D$30,$B$7:$B$30,$A38) -> 2733.4677 | E38: =SUMIFS(E$7:E$30,$B$7:$B$30,$A38) -> 120.19144 | F38: =SUMIFS(F$7:F$30,$B$7:$B$30,$A38) -> 931 | G38: =SUMIFS(G$7:G$30,$B$7:$B$30,$A38) -> 66.67 | H38: =SUMIFS(H$7:H$30,$B$7:$B$30,$A38) -> 1482.46 | I38: =SUMIFS(I$7:I$30,$B$7:$B$30,$A38) -> 2413.46 | J38: =SUMIFS(J$7:J$30,$B$7:$B$30,$A38) -> 106.76818 | K38: =SUMIFS(K$7:K$30,$B$7:$B$30,$A38) -> -320.00767 | L38: =COUNTIFS($B$7:$B$30,$A38,$L$7:$L$30,"No") -> 6 | M38: =SUMIFS(M$7:M$30,$B$7:$B$30,$A38) -> 29.97653 | N38: =SUMIFS(N$7:N$30,$B$7:$B$30,$A38) -> 3826.8547 | O38: =SUMIFS(O$7:O$30,$B$7:$B$30,$A38) -> 65.831723 | P38: =SUMIFS(P$7:P$30,$B$7:$B$30,$A38) -> 1202 | Q38: =SUMIFS(Q$7:Q$30,$B$7:$B$30,$A38) -> 0
A41: How to read it
A42: Identified supply = consented homes not yet built + the register’s zoned land without consent valued at the Council density. Surplus or shortfall = identified supply − homes needed 2026–2040.
A43: Additional land needed = the shortfall ÷ the Council density (net residential ha). With headroom: (homes needed × (1 + headroom) − identified supply) ÷ Council density. A catchment in surplus needs no additional land; its surplus is not moved to other catchments.
A44: Manually set capacity: where the register holds a capacity set by hand (column Q; e.g. the masterplanned city-centre site CITY-107, 2,500 homes), that figure is used instead of land × Council density, and its land is left out of column G.
A45: Supply as land = zoned land without consent + consented homes ÷ Council density, for comparison with the land needed column.
A46: Land register: Limerick_Housing_Land_Register.gpkg, parcels not yet finished (built-out parcels excluded), as at the October 2026 build. Zoned land without consent = developable area × the share of the parcel’s capacity not yet consented. It includes the city and county council audits, the analyst’s zoned-land estimates for towns the county audit does not cover, and council-supplied sites.
A47: The register’s own capacity for the same land (last column) uses the council audit and site densities, not the Variation No. 3 ranges, so it differs from “Homes on that land at Council density”.
A48: Homes completed in 2026 count in the need but not in the supply (the register nets them off as built), so shortfalls are slightly overstated for 2026.
A49: The study covers the city neighbourhoods, key towns and villages. The remainder of the county is shown below the total for completeness only; it has not been assessed against land.
A50: Land is net residential land; it excludes roads, open space, schools and land that will not activate. See the activation discussion before treating the headroom figures as a zoning target.

Sheet Opportunity sites & options
A1: Opportunity sites and options for the 2040 shortfall
A2: Starts from the shortfall in the Zoned land vs need tab, adds the opportunity sites identified on the desk review, and shows how much infill land would still be needed. Opportunity-site homes are indicative (full site at Council density) and are not supply.
A4: City infill density (homes/ha) | C4: 100 | D4: Density assumed for the remaining city infill on sites not yet identified. Change to test; Variation No. 3 allows 50–200 in city Zone 2 and 100–250 in the city centre.
A5: Headroom | C5: ='Zoned land vs need'!C4 -> 0.4 | D5: Taken from the Zoned land vs need tab.
D6: From Zoned land vs need | G6: From the opportunity sites register | L6: Analyst input
A7: Catchment | B7: Type of place | C7: Council density (homes/ha) | D7: Homes needed 2026–2040 | E7: Identified supply (homes) | F7: Shortfall now (homes) | G7: Opportunity sites | H7: Opportunity homes: zoning allows housing | I7: Opportunity homes: needs rezoning | J7: Left after sites where zoning allows | K7: Left after all opportunity sites | L7: Infill constraint (enter to flag) | M7: Left in unconstrained catchments | N7: Left in constrained catchments (to place elsewhere) | O7: Infill land still needed at Council density (ha) | P7: Infill land still needed at city infill density (ha) | Q7: Left after all sites, with headroom (homes)
A8: ='Zoned land vs need'!A7 -> Ballinacurra | B8: ='Zoned land vs need'!B7 -> City neighbourhood | C8: ='Zoned land vs need'!C7 -> 47.998921 | D8: ='Zoned land vs need'!D7 -> 1208.5512 | E8: ='Zoned land vs need'!I7 -> 443.07627 | F8: =MAX(D8-E8,0) -> 765.4749 | G8: 7 | H8: 51 | I8: 141 | J8: =MAX(F8-H8,0) -> 714.4749 | K8: =MAX(J8-I8,0) -> 573.4749 | M8: =IF(L8="",K8,0) -> 573.4749 | N8: =IF(L8="",0,K8) -> 0 | O8: =IF(C8>0,K8/C8,0) -> 11.947662 | P8: =IF(B8="City neighbourhood",IF($C$4>0,K8/MAX($C$4,C8),0),IF(C8>0,K8/C8,0)) -> 5.734749 | Q8: =MAX(D8*(1+$C$5)-E8-H8-I8,0) -> 1056.8954
A9: ='Zoned land vs need'!A8 -> Caherdavin | B9: ='Zoned land vs need'!B8 -> City neighbourhood | C9: ='Zoned land vs need'!C8 -> 43.118762 | D9: ='Zoned land vs need'!D8 -> 4911.9882 | E9: ='Zoned land vs need'!I8 -> 2079.383 | F9: =MAX(D9-E9,0) -> 2832.6052 | G9: 14 | H9: 0 | I9: 4658 | J9: =MAX(F9-H9,0) -> 2832.6052 | K9: =MAX(J9-I9,0) -> 0 | M9: =IF(L9="",K9,0) -> 0 | N9: =IF(L9="",0,K9) -> 0 | O9: =IF(C9>0,K9/C9,0) -> 0 | P9: =IF(B9="City neighbourhood",IF($C$4>0,K9/MAX($C$4,C9),0),IF(C9>0,K9/C9,0)) -> 0 | Q9: =MAX(D9*(1+$C$5)-E9-H9-I9,0) -> 139.40044
A10: ='Zoned land vs need'!A9 -> Castletroy/Annacotty | B10: ='Zoned land vs need'!B9 -> City neighbourhood | C10: ='Zoned land vs need'!C9 -> 38.68471 | D10: ='Zoned land vs need'!D9 -> 5827.6747 | E10: ='Zoned land vs need'!I9 -> 3152.1119 | F10: =MAX(D10-E10,0) -> 2675.5628 | G10: 10 | H10: 92 | I10: 1104 | J10: =MAX(F10-H10,0) -> 2583.5628 | K10: =MAX(J10-I10,0) -> 1479.5628 | M10: =IF(L10="",K10,0) -> 1479.5628 | N10: =IF(L10="",0,K10) -> 0 | O10: =IF(C10>0,K10/C10,0) -> 38.246707 | P10: =IF(B10="City neighbourhood",IF($C$4>0,K10/MAX($C$4,C10),0),IF(C10>0,K10/C10,0)) -> 14.795628 | Q10: =MAX(D10*(1+$C$5)-E10-H10-I10,0) -> 3810.6327
A11: ='Zoned land vs need'!A10 -> City Centre | B11: ='Zoned land vs need'!B10 -> City neighbourhood | C11: ='Zoned land vs need'!C10 -> 99.993621 | D11: ='Zoned land vs need'!D10 -> 5062.2959 | E11: ='Zoned land vs need'!I10 -> 4185.9444 | F11: =MAX(D11-E11,0) -> 876.35142 | G11: 15 | H11: 532 | I11: 116 | J11: =MAX(F11-H11,0) -> 344.35142 | K11: =MAX(J11-I11,0) -> 228.35142 | M11: =IF(L11="",K11,0) -> 228.35142 | N11: =IF(L11="",0,K11) -> 0 | O11: =IF(C11>0,K11/C11,0) -> 2.2836598 | P11: =IF(B11="City neighbourhood",IF($C$4>0,K11/MAX($C$4,C11),0),IF(C11>0,K11/C11,0)) -> 2.2835142 | Q11: =MAX(D11*(1+$C$5)-E11-H11-I11,0) -> 2253.2698
A12: ='Zoned land vs need'!A11 -> Corbally/Grove Island | B12: ='Zoned land vs need'!B11 -> City neighbourhood | C12: ='Zoned land vs need'!C11 -> 42.012198 | D12: ='Zoned land vs need'!D11 -> 1280.5217 | E12: ='Zoned land vs need'!I11 -> 724.75127 | F12: =MAX(D12-E12,0) -> 555.77042 | G12: 2 | H12: 43 | I12: 139 | J12: =MAX(F12-H12,0) -> 512.77042 | K12: =MAX(J12-I12,0) -> 373.77042 | M12: =IF(L12="",K12,0) -> 373.77042 | N12: =IF(L12="",0,K12) -> 0 | O12: =IF(C12>0,K12/C12,0) -> 8.8967118 | P12: =IF(B12="City neighbourhood",IF($C$4>0,K12/MAX($C$4,C12),0),IF(C12>0,K12/C12,0)) -> 3.7377042 | Q12: =MAX(D12*(1+$C$5)-E12-H12-I12,0) -> 885.97909
A13: ='Zoned land vs need'!A12 -> Dooradoyle | B13: ='Zoned land vs need'!B12 -> City neighbourhood | C13: ='Zoned land vs need'!C12 -> 35.787512 | D13: ='Zoned land vs need'!D12 -> 5460.0714 | E13: ='Zoned land vs need'!I12 -> 3823.1752 | F13: =MAX(D13-E13,0) -> 1636.8962 | G13: 5 | H13: 6 | I13: 1013 | J13: =MAX(F13-H13,0) -> 1630.8962 | K13: =MAX(J13-I13,0) -> 617.8962 | M13: =IF(L13="",K13,0) -> 617.8962 | N13: =IF(L13="",0,K13) -> 0 | O13: =IF(C13>0,K13/C13,0) -> 17.265693 | P13: =IF(B13="City neighbourhood",IF($C$4>0,K13/MAX($C$4,C13),0),IF(C13>0,K13/C13,0)) -> 6.178962 | Q13: =MAX(D13*(1+$C$5)-E13-H13-I13,0) -> 2801.9248
A14: ='Zoned land vs need'!A13 -> Kings Island | B14: ='Zoned land vs need'!B13 -> City neighbourhood | C14: ='Zoned land vs need'!C13 -> 50 | D14: ='Zoned land vs need'!D13 -> 633.3406 | E14: ='Zoned land vs need'!I13 -> 64 | F14: =MAX(D14-E14,0) -> 569.3406 | G14: 4 | H14: 25 | I14: 9 | J14: =MAX(F14-H14,0) -> 544.3406 | K14: =MAX(J14-I14,0) -> 535.3406 | L14: Severe flood constraint across most of the island (analyst) | M14: =IF(L14="",K14,0) -> 0 | N14: =IF(L14="",0,K14) -> 535.3406 | O14: =IF(C14>0,K14/C14,0) -> 10.706812 | P14: =IF(B14="City neighbourhood",IF($C$4>0,K14/MAX($C$4,C14),0),IF(C14>0,K14/C14,0)) -> 5.353406 | Q14: =MAX(D14*(1+$C$5)-E14-H14-I14,0) -> 788.67684
A15: ='Zoned land vs need'!A14 -> Singland/Garryowen | B15: ='Zoned land vs need'!B14 -> City neighbourhood | C15: ='Zoned land vs need'!C14 -> 48.951182 | D15: ='Zoned land vs need'!D14 -> 3147.3263 | E15: ='Zoned land vs need'!I14 -> 792.17639 | F15: =MAX(D15-E15,0) -> 2355.1499 | G15: 1 | H15: 0 | I15: 25 | J15: =MAX(F15-H15,0) -> 2355.1499 | K15: =MAX(J15-I15,0) -> 2330.1499 | M15: =IF(L15="",K15,0) -> 2330.1499 | N15: =IF(L15="",0,K15) -> 0 | O15: =IF(C15>0,K15/C15,0) -> 47.601505 | P15: =IF(B15="City neighbourhood",IF($C$4>0,K15/MAX($C$4,C15),0),IF(C15>0,K15/C15,0)) -> 23.301499 | Q15: =MAX(D15*(1+$C$5)-E15-H15-I15,0) -> 3589.0805
A16: ='Zoned land vs need'!A15 -> Southhill | B16: ='Zoned land vs need'!B15 -> City neighbourhood | C16: ='Zoned land vs need'!C15 -> 48.950568 | D16: ='Zoned land vs need'!D15 -> 1725.6317 | E16: ='Zoned land vs need'!I15 -> 1201.6431 | F16: =MAX(D16-E16,0) -> 523.98861 | G16: 10 | H16: 0 | I16: 3914 | J16: =MAX(F16-H16,0) -> 523.98861 | K16: =MAX(J16-I16,0) -> 0 | M16: =IF(L16="",K16,0) -> 0 | N16: =IF(L16="",0,K16) -> 0 | O16: =IF(C16>0,K16/C16,0) -> 0 | P16: =IF(B16="City neighbourhood",IF($C$4>0,K16/MAX($C$4,C16),0),IF(C16>0,K16/C16,0)) -> 0 | Q16: =MAX(D16*(1+$C$5)-E16-H16-I16,0) -> 0
A17: ='Zoned land vs need'!A16 -> Abbeyfeale | B17: ='Zoned land vs need'!B16 -> Key town | C17: ='Zoned land vs need'!C16 -> 25 | D17: ='Zoned land vs need'!D16 -> 539.25553 | E17: ='Zoned land vs need'!I16 -> 357 | F17: =MAX(D17-E17,0) -> 182.25553 | G17: 4 | H17: 0 | I17: 460 | J17: =MAX(F17-H17,0) -> 182.25553 | K17: =MAX(J17-I17,0) -> 0 | M17: =IF(L17="",K17,0) -> 0 | N17: =IF(L17="",0,K17) -> 0 | O17: =IF(C17>0,K17/C17,0) -> 0 | P17: =IF(B17="City neighbourhood",IF($C$4>0,K17/MAX($C$4,C17),0),IF(C17>0,K17/C17,0)) -> 0 | Q17: =MAX(D17*(1+$C$5)-E17-H17-I17,0) -> 0
A18: ='Zoned land vs need'!A17 -> Caherconlish | B18: ='Zoned land vs need'!B17 -> Key town | C18: ='Zoned land vs need'!C17 -> 25 | D18: ='Zoned land vs need'!D17 -> 319.83431 | E18: ='Zoned land vs need'!I17 -> 370.5 | F18: =MAX(D18-E18,0) -> 0 | G18: 2 | H18: 0 | I18: 87 | J18: =MAX(F18-H18,0) -> 0 | K18: =MAX(J18-I18,0) -> 0 | M18: =IF(L18="",K18,0) -> 0 | N18: =IF(L18="",0,K18) -> 0 | O18: =IF(C18>0,K18/C18,0) -> 0 | P18: =IF(B18="City neighbourhood",IF($C$4>0,K18/MAX($C$4,C18),0),IF(C18>0,K18/C18,0)) -> 0 | Q18: =MAX(D18*(1+$C$5)-E18-H18-I18,0) -> 0
A19: ='Zoned land vs need'!A18 -> Castleconnell | B19: ='Zoned land vs need'!B18 -> Key town | C19: ='Zoned land vs need'!C18 -> 35 | D19: ='Zoned land vs need'!D18 -> 524.37951 | E19: ='Zoned land vs need'!I18 -> 826.85 | F19: =MAX(D19-E19,0) -> 0 | G19: 0 | H19: 0 | I19: 0 | J19: =MAX(F19-H19,0) -> 0 | K19: =MAX(J19-I19,0) -> 0 | M19: =IF(L19="",K19,0) -> 0 | N19: =IF(L19="",0,K19) -> 0 | O19: =IF(C19>0,K19/C19,0) -> 0 | P19: =IF(B19="City neighbourhood",IF($C$4>0,K19/MAX($C$4,C19),0),IF(C19>0,K19/C19,0)) -> 0 | Q19: =MAX(D19*(1+$C$5)-E19-H19-I19,0) -> 0
A20: ='Zoned land vs need'!A19 -> Kilmallock | B20: ='Zoned land vs need'!B19 -> Key town | C20: ='Zoned land vs need'!C19 -> 25 | D20: ='Zoned land vs need'!D19 -> 414.66891 | E20: ='Zoned land vs need'!I19 -> 1032.75 | F20: =MAX(D20-E20,0) -> 0 | G20: 0 | H20: 0 | I20: 0 | J20: =MAX(F20-H20,0) -> 0 | K20: =MAX(J20-I20,0) -> 0 | M20: =IF(L20="",K20,0) -> 0 | N20: =IF(L20="",0,K20) -> 0 | O20: =IF(C20>0,K20/C20,0) -> 0 | P20: =IF(B20="City neighbourhood",IF($C$4>0,K20/MAX($C$4,C20),0),IF(C20>0,K20/C20,0)) -> 0 | Q20: =MAX(D20*(1+$C$5)-E20-H20-I20,0) -> 0
A21: ='Zoned land vs need'!A20 -> Newcastle West | B21: ='Zoned land vs need'!B20 -> Key town | C21: ='Zoned land vs need'!C20 -> 30 | D21: ='Zoned land vs need'!D20 -> 1805.5763 | E21: ='Zoned land vs need'!I20 -> 2890.6 | F21: =MAX(D21-E21,0) -> 0 | G21: 0 | H21: 0 | I21: 0 | J21: =MAX(F21-H21,0) -> 0 | K21: =MAX(J21-I21,0) -> 0 | M21: =IF(L21="",K21,0) -> 0 | N21: =IF(L21="",0,K21) -> 0 | O21: =IF(C21>0,K21/C21,0) -> 0 | P21: =IF(B21="City neighbourhood",IF($C$4>0,K21/MAX($C$4,C21),0),IF(C21>0,K21/C21,0)) -> 0 | Q21: =MAX(D21*(1+$C$5)-E21-H21-I21,0) -> 0
A22: ='Zoned land vs need'!A21 -> Rathkeale | B22: ='Zoned land vs need'!B21 -> Key town | C22: ='Zoned land vs need'!C21 -> 25 | D22: ='Zoned land vs need'!D21 -> 375.61937 | E22: ='Zoned land vs need'!I21 -> 1377.75 | F22: =MAX(D22-E22,0) -> 0 | G22: 4 | H22: 64 | I22: 0 | J22: =MAX(F22-H22,0) -> 0 | K22: =MAX(J22-I22,0) -> 0 | M22: =IF(L22="",K22,0) -> 0 | N22: =IF(L22="",0,K22) -> 0 | O22: =IF(C22>0,K22/C22,0) -> 0 | P22: =IF(B22="City neighbourhood",IF($C$4>0,K22/MAX($C$4,C22),0),IF(C22>0,K22/C22,0)) -> 0 | Q22: =MAX(D22*(1+$C$5)-E22-H22-I22,0) -> 0
A23: ='Zoned land vs need'!A22 -> Adare | B23: ='Zoned land vs need'!B22 -> Village | C23: ='Zoned land vs need'!C22 -> 22 | D23: ='Zoned land vs need'!D22 -> 371.90036 | E23: ='Zoned land vs need'!I22 -> 437.62 | F23: =MAX(D23-E23,0) -> 0 | G23: 6 | H23: 50 | I23: 120 | J23: =MAX(F23-H23,0) -> 0 | K23: =MAX(J23-I23,0) -> 0 | M23: =IF(L23="",K23,0) -> 0 | N23: =IF(L23="",0,K23) -> 0 | O23: =IF(C23>0,K23/C23,0) -> 0 | P23: =IF(B23="City neighbourhood",IF($C$4>0,K23/MAX($C$4,C23),0),IF(C23>0,K23/C23,0)) -> 0 | Q23: =MAX(D23*(1+$C$5)-E23-H23-I23,0) -> 0
A24: ='Zoned land vs need'!A23 -> Askeaton | B24: ='Zoned land vs need'!B23 -> Village | C24: ='Zoned land vs need'!C23 -> 22 | D24: ='Zoned land vs need'!D23 -> 303.0988 | E24: ='Zoned land vs need'!I23 -> 519.64 | F24: =MAX(D24-E24,0) -> 0 | G24: 0 | H24: 0 | I24: 0 | J24: =MAX(F24-H24,0) -> 0 | K24: =MAX(J24-I24,0) -> 0 | M24: =IF(L24="",K24,0) -> 0 | N24: =IF(L24="",0,K24) -> 0 | O24: =IF(C24>0,K24/C24,0) -> 0 | P24: =IF(B24="City neighbourhood",IF($C$4>0,K24/MAX($C$4,C24),0),IF(C24>0,K24/C24,0)) -> 0 | Q24: =MAX(D24*(1+$C$5)-E24-H24-I24,0) -> 0
A25: ='Zoned land vs need'!A24 -> Bruff | B25: ='Zoned land vs need'!B24 -> Village | C25: ='Zoned land vs need'!C24 -> 22 | D25: ='Zoned land vs need'!D24 -> 211.98321 | E25: ='Zoned land vs need'!I24 -> 151.04 | F25: =MAX(D25-E25,0) -> 60.943207 | G25: 15 | H25: 45 | I25: 145 | J25: =MAX(F25-H25,0) -> 15.943207 | K25: =MAX(J25-I25,0) -> 0 | M25: =IF(L25="",K25,0) -> 0 | N25: =IF(L25="",0,K25) -> 0 | O25: =IF(C25>0,K25/C25,0) -> 0 | P25: =IF(B25="City neighbourhood",IF($C$4>0,K25/MAX($C$4,C25),0),IF(C25>0,K25/C25,0)) -> 0 | Q25: =MAX(D25*(1+$C$5)-E25-H25-I25,0) -> 0
A26: ='Zoned land vs need'!A25 -> Cappamore | B26: ='Zoned land vs need'!B25 -> Village | C26: ='Zoned land vs need'!C25 -> 22 | D26: ='Zoned land vs need'!D25 -> 165.49566 | E26: ='Zoned land vs need'!I25 -> 58.26 | F26: =MAX(D26-E26,0) -> 107.23566 | G26: 7 | H26: 33 | I26: 202 | J26: =MAX(F26-H26,0) -> 74.235662 | K26: =MAX(J26-I26,0) -> 0 | M26: =IF(L26="",K26,0) -> 0 | N26: =IF(L26="",0,K26) -> 0 | O26: =IF(C26>0,K26/C26,0) -> 0 | P26: =IF(B26="City neighbourhood",IF($C$4>0,K26/MAX($C$4,C26),0),IF(C26>0,K26/C26,0)) -> 0 | Q26: =MAX(D26*(1+$C$5)-E26-H26-I26,0) -> 0
... A31: ='Zoned land vs need'!A30 -> Patrickswell | B31: ='Zoned land vs need'!B30 -> Village | C31: ='Zoned land vs need'!C30 -> 25 | D31: ='Zoned land vs need'!D30 -> 743.80073 | E31: ='Zoned land vs need'!I30 -> 538 | F31: =MAX(D31-E31,0) -> 205.80073 | G31: 5 | H31: 83 | I31: 956 | J31: =MAX(F31-H31,0) -> 122.80073 | K31: =MAX(J31-I31,0) -> 0 | M31: =IF(L31="",K31,0) -> 0 | N31: =IF(L31="",0,K31) -> 0 | O31: =IF(C31>0,K31/C31,0) -> 0 | P31: =IF(B31="City neighbourhood",IF($C$4>0,K31/MAX($C$4,C31),0),IF(C31>0,K31/C31,0)) -> 0 | Q31: =MAX(D31*(1+$C$5)-E31-H31-I31,0) -> 0
A32: Neighbourhoods and settlements | D32: =SUM(D8:D31) -> 35970.203 | E32: =SUM(E8:E31) -> 25735.172 | F32: =SUM(F8:F31) -> 13657.575 | G32: =SUM(G8:G31) -> 142 | H32: =SUM(H8:H31) -> 1151 | I32: =SUM(I8:I31) -> 13518 | J32: =SUM(J8:J31) -> 12670.575 | K32: =SUM(K8:K31) -> 6150.0105 | M32: =SUM(M8:M31) -> 5614.6699 | N32: =SUM(N8:N31) -> 535.3406 | O32: =SUM(O8:O31) -> 137.46985 | P32: =SUM(P8:P31) -> 61.906563 | Q32: =SUM(Q8:Q31) -> 15461.481
A33: Rail corridor new towns (long term, not counted) | G33: 29 | I33: 6665 | J33: Beyond 2040; shown for completeness
A35: By type of place
A36: Type of place | D36: Homes needed | E36: Identified supply | F36: Shortfall now | G36: Opportunity sites | H36: Zoning allows | I36: Needs rezoning | J36: Left after zoning-allows sites | K36: Left after all sites | L36: Catchments still short | M36: Left, unconstrained | N36: Left, constrained | O36: Infill ha at Council density | P36: Infill ha at city infill density | Q36: Left with headroom
A37: City neighbourhood | D37: =SUMIFS(D$8:D$31,$B$8:$B$31,$A37) -> 29257.402 | E37: =SUMIFS(E$8:E$31,$B$8:$B$31,$A37) -> 16466.262 | F37: =SUMIFS(F$8:F$31,$B$8:$B$31,$A37) -> 12791.14 | G37: =SUMIFS(G$8:G$31,$B$8:$B$31,$A37) -> 68 | H37: =SUMIFS(H$8:H$31,$B$8:$B$31,$A37) -> 749 | I37: =SUMIFS(I$8:I$31,$B$8:$B$31,$A37) -> 11119 | J37: =SUMIFS(J$8:J$31,$B$8:$B$31,$A37) -> 12042.14 | K37: =SUMIFS(K$8:K$31,$B$8:$B$31,$A37) -> 6138.5463 | L37: =COUNTIFS($B$8:$B$31,$A37,$K$8:$K$31,">0") -> 7 | M37: =SUMIFS(M$8:M$31,$B$8:$B$31,$A37) -> 5603.2057 | N37: =SUMIFS(N$8:N$31,$B$8:$B$31,$A37) -> 535.3406 | O37: =SUMIFS(O$8:O$31,$B$8:$B$31,$A37) -> 136.94875 | P37: =SUMIFS(P$8:P$31,$B$8:$B$31,$A37) -> 61.385463 | Q37: =SUMIFS(Q$8:Q$31,$B$8:$B$31,$A37) -> 15325.859
A38: Key town | D38: =SUMIFS(D$8:D$31,$B$8:$B$31,$A38) -> 3979.3339 | E38: =SUMIFS(E$8:E$31,$B$8:$B$31,$A38) -> 6855.45 | F38: =SUMIFS(F$8:F$31,$B$8:$B$31,$A38) -> 182.25553 | G38: =SUMIFS(G$8:G$31,$B$8:$B$31,$A38) -> 10 | H38: =SUMIFS(H$8:H$31,$B$8:$B$31,$A38) -> 64 | I38: =SUMIFS(I$8:I$31,$B$8:$B$31,$A38) -> 547 | J38: =SUMIFS(J$8:J$31,$B$8:$B$31,$A38) -> 182.25553 | K38: =SUMIFS(K$8:K$31,$B$8:$B$31,$A38) -> 0 | L38: =COUNTIFS($B$8:$B$31,$A38,$K$8:$K$31,">0") -> 0 | M38: =SUMIFS(M$8:M$31,$B$8:$B$31,$A38) -> 0 | N38: =SUMIFS(N$8:N$31,$B$8:$B$31,$A38) -> 0 | O38: =SUMIFS(O$8:O$31,$B$8:$B$31,$A38) -> 0 | P38: =SUMIFS(P$8:P$31,$B$8:$B$31,$A38) -> 0 | Q38: =SUMIFS(Q$8:Q$31,$B$8:$B$31,$A38) -> 0
A39: Village | D39: =SUMIFS(D$8:D$31,$B$8:$B$31,$A39) -> 2733.4677 | E39: =SUMIFS(E$8:E$31,$B$8:$B$31,$A39) -> 2413.46 | F39: =SUMIFS(F$8:F$31,$B$8:$B$31,$A39) -> 684.17975 | G39: =SUMIFS(G$8:G$31,$B$8:$B$31,$A39) -> 64 | H39: =SUMIFS(H$8:H$31,$B$8:$B$31,$A39) -> 338 | I39: =SUMIFS(I$8:I$31,$B$8:$B$31,$A39) -> 1852 | J39: =SUMIFS(J$8:J$31,$B$8:$B$31,$A39) -> 446.17975 | K39: =SUMIFS(K$8:K$31,$B$8:$B$31,$A39) -> 11.464204 | L39: =COUNTIFS($B$8:$B$31,$A39,$K$8:$K$31,">0") -> 1 | M39: =SUMIFS(M$8:M$31,$B$8:$B$31,$A39) -> 11.464204 | N39: =SUMIFS(N$8:N$31,$B$8:$B$31,$A39) -> 0 | O39: =SUMIFS(O$8:O$31,$B$8:$B$31,$A39) -> 0.52110017 | P39: =SUMIFS(P$8:P$31,$B$8:$B$31,$A39) -> 0.52110017 | Q39: =SUMIFS(Q$8:Q$31,$B$8:$B$31,$A39) -> 135.6216
A42: What the numbers say
A43: ="Key towns: "&TEXT(F38,"#,##0")&" homes short now across "&COUNTIFS($B$8:$B$31,"Key town",$F$8:$F$31,">0")&" town(s); after opportunity sites, "&TEXT(K38,"#,##0")&" short." -> Key towns: 182 homes short now across 1 town(s); after opportunity sites, 0 short.
A44: ="Villages: "&TEXT(F39,"#,##0")&" homes short now across "&COUNTIFS($B$8:$B$31,"Village",$F$8:$F$31,">0")&" villages; after opportunity sites where zoning allows, "&TEXT(J39,"#,##0")&"; after all opportunity sites, "&TEXT(K39,"#,##0")&"." -> Villages: 684 homes short now across 6 villages; after opportunity sites where zoning allows, 446; after all opportunity sites, 11.
A45: ="City neighbourhoods: "&TEXT(F37,"#,##0")&" homes short now. Opportunity sites where zoning allows cover "&TEXT(F37-J37,"#,##0")&"; with rezoned opportunity sites, "&TEXT(F37-K37,"#,##0")&". That leaves "&TEXT(K37,"#,##0")&" homes for infill on sites not yet identified." -> City neighbourhoods: 12,791 homes short now. Opportunity sites where zoning allows cover 749; with rezoned opportunity sites, 6,653. That leaves 6,139 homes for infill on sites not yet identified.
A46: ="That remaining city infill needs about "&TEXT(O37,"#,##0")&" ha at Council densities, or about "&TEXT(P37,"#,##0")&" ha at "&$C$4&" homes/ha." -> That remaining city infill needs about 137 ha at Council densities, or about 61 ha at 100 homes/ha.
A47: ="Constrained catchments (flagged in column L) leave "&TEXT(N32,"#,##0")&" homes to be placed in other neighbourhoods." -> Constrained catchments (flagged in column L) leave 535 homes to be placed in other neighbourhoods.
A50: Options for closing the shortfall
A51: 1. Bring forward opportunity sites where zoning already allows housing | D51: Column H. No plan change is needed; the work is ownership, servicing and delivery route. Confirm each site in the opportunity sites register first, because the homes are indicative.
A52: 2. Rezone opportunity sites through the plan review | D52: Column I. Most of these homes sit on a few large city sites zoned open space, agriculture or education (Caherdavin, Southhill, Dooradoyle). Check whether those are true infill before relying on them.
A53: 3. Higher density on city infill not yet identified | D53: Columns O–P and the lever in C4. The city shortfall left after the identified land and opportunity sites has to come from smaller infill and brownfield sites at well above current densities.
A54: 4. Vacancy, dereliction and over-the-shop | D54: Not counted here. Bringing vacant and derelict buildings back into use adds homes without new land, especially in the City Centre and town centres. The register’s GeoDirectory counts cover residential addresses only, so this needs its own survey.
A55: 5. Place constrained neighbourhoods’ share elsewhere | D55: Column N. Where infill is constrained (e.g. Kings Island, flood risk across most of the island), the remaining homes should be planned for in neighbouring neighbourhoods or the City Centre.
A56: 6. Rail corridor new towns (after 2040) | D56: Shown below the total and not counted. A longer-term option along the rail lines.
A57: Settlements outside the city | D57: Key towns already have more zoned land than they need, except Abbeyfeale (small). Several villages are short by a few hectares; their opportunity sites close part of the gap. See the sentences above.
A60: Notes
A61: Opportunity-site homes: site area × 0.91 × the Council density for the catchment, less any part already in the land register. They are an upper bound until each site is investigated; confidence is Low.
A62: “Zoning allows housing” = the main zoning on the site is residential or mixed use (town or village centre, district or local centre). Everything else needs rezoning.
A63: Infill constraint: enter a short reason in column L to flag a catchment; its remaining homes then move to column N. Kings Island is flagged by the analyst for flood risk.
A64: Infill land is net residential land. “City infill density” applies only to city neighbourhoods and never goes below the Council density there.

Sheet Ballinacurra
A1: Ballinacurra
A2: =Model!$B$46&" · new homes per year, 2026–"&Model!$B$3&" · set by the levers on the Intro tab" -> City neighbourhood · new homes per year, 2026–2040 · set by the levers on the Intro tab
A4: Share of Limerick's new homes | C4: =Model!$D$46 -> 0.030316856
A5: New homes, 2026 to end year | C5: =Model!$E$46 -> 1208.5512
A6: Social share of new homes | C6: =Model!$Q$46 -> 0.27602786
A7: Social rent share of households, 2022 | C7: =Model!$G$46 -> 0.0841
A8: Social share of all homes at end year (2022 plus new) | C8: =Model!$R$46 -> 0.16223732
A9: Bedroom mix | C9: =IF(Model!$B$5=1,"S1: the Council's planned split for each year","S2: this catchment's own household need, the same mix every year") -> S1: the Council's planned split for each year
A12: Year | B12: Homes | C12: 1-bed | D12: 2-bed | E12: 3-bed | F12: 4+ bed | G12: Private purchase | H12: Private rent | I12: Affordable purchase | J12: Cost rental | K12: Social: general needs | L12: Social: disability | M12: Social: older people | N12: Social: Traveller | O12: Social: community
A13: 2026 | B13: =IF($A13<=Model!$B$3,Data!$B$4*Model!$D$46,0) -> 129.24076 | C13: =$B13*IF(Model!$B$5=1,Data!$D$4,Model!$AC$46) -> 33.43165 | D13: =$B13*IF(Model!$B$5=1,Data!$E$4,Model!$AD$46) -> 40.918158 | E13: =$B13*IF(Model!$B$5=1,Data!$F$4,Model!$AE$46) -> 23.91439 | F13: =$B13*IF(Model!$B$5=1,Data!$G$4,Model!$AF$46) -> 30.976561 | G13: =$B13*Model!$S$46 -> 62.943095 | H13: =$B13*Model!$T$46 -> 15.717211 | I13: =$B13*Model!$U$46 -> 7.4532014 | J13: =$B13*Model!$V$46 -> 7.4532014 | K13: =$B13*Model!$W$46 -> 24.188548 | L13: =$B13*Model!$X$46 -> 6.6288527 | M13: =$B13*Model!$Y$46 -> 3.8014441 | N13: =$B13*Model!$Z$46 -> 0.39231986 | O13: =$B13*Model!$AA$46 -> 0.66288527
A14: 2027 | B14: =IF($A14<=Model!$B$3,Data!$B$5*Model!$D$46,0) -> 129.24076 | C14: =$B14*IF(Model!$B$5=1,Data!$D$5,Model!$AC$46) -> 32.492048 | D14: =$B14*IF(Model!$B$5=1,Data!$E$5,Model!$AD$46) -> 41.039397 | E14: =$B14*IF(Model!$B$5=1,Data!$F$5,Model!$AE$46) -> 23.85377 | F14: =$B14*IF(Model!$B$5=1,Data!$G$5,Model!$AF$46) -> 31.855544 | G14: =$B14*Model!$S$46 -> 62.943095 | H14: =$B14*Model!$T$46 -> 15.717211 | I14: =$B14*Model!$U$46 -> 7.4532014 | J14: =$B14*Model!$V$46 -> 7.4532014 | K14: =$B14*Model!$W$46 -> 24.188548 | L14: =$B14*Model!$X$46 -> 6.6288527 | M14: =$B14*Model!$Y$46 -> 3.8014441 | N14: =$B14*Model!$Z$46 -> 0.39231986 | O14: =$B14*Model!$AA$46 -> 0.66288527
A15: 2028 | B15: =IF($A15<=Model!$B$3,Data!$B$6*Model!$D$46,0) -> 129.24076 | C15: =$B15*IF(Model!$B$5=1,Data!$D$6,Model!$AC$46) -> 32.386 | D15: =$B15*IF(Model!$B$5=1,Data!$E$6,Model!$AD$46) -> 41.058655 | E15: =$B15*IF(Model!$B$5=1,Data!$F$6,Model!$AE$46) -> 23.864964 | F15: =$B15*IF(Model!$B$5=1,Data!$G$6,Model!$AF$46) -> 31.93114 | G15: =$B15*Model!$S$46 -> 62.943095 | H15: =$B15*Model!$T$46 -> 15.717211 | I15: =$B15*Model!$U$46 -> 7.4532014 | J15: =$B15*Model!$V$46 -> 7.4532014 | K15: =$B15*Model!$W$46 -> 24.188548 | L15: =$B15*Model!$X$46 -> 6.6288527 | M15: =$B15*Model!$Y$46 -> 3.8014441 | N15: =$B15*Model!$Z$46 -> 0.39231986 | O15: =$B15*Model!$AA$46 -> 0.66288527
A16: 2029 | B16: =IF($A16<=Model!$B$3,Data!$B$7*Model!$D$46,0) -> 129.24076 | C16: =$B16*IF(Model!$B$5=1,Data!$D$7,Model!$AC$46) -> 32.044917 | D16: =$B16*IF(Model!$B$5=1,Data!$E$7,Model!$AD$46) -> 40.836806 | E16: =$B16*IF(Model!$B$5=1,Data!$F$7,Model!$AE$46) -> 23.707782 | F16: =$B16*IF(Model!$B$5=1,Data!$G$7,Model!$AF$46) -> 32.651254 | G16: =$B16*Model!$S$46 -> 62.943095 | H16: =$B16*Model!$T$46 -> 15.717211 | I16: =$B16*Model!$U$46 -> 7.4532014 | J16: =$B16*Model!$V$46 -> 7.4532014 | K16: =$B16*Model!$W$46 -> 24.188548 | L16: =$B16*Model!$X$46 -> 6.6288527 | M16: =$B16*Model!$Y$46 -> 3.8014441 | N16: =$B16*Model!$Z$46 -> 0.39231986 | O16: =$B16*Model!$AA$46 -> 0.66288527
A17: 2030 | B17: =IF($A17<=Model!$B$3,Data!$B$8*Model!$D$46,0) -> 129.24076 | C17: =$B17*IF(Model!$B$5=1,Data!$D$8,Model!$AC$46) -> 31.991788 | D17: =$B17*IF(Model!$B$5=1,Data!$E$8,Model!$AD$46) -> 40.239908 | E17: =$B17*IF(Model!$B$5=1,Data!$F$8,Model!$AE$46) -> 23.743668 | F17: =$B17*IF(Model!$B$5=1,Data!$G$8,Model!$AF$46) -> 33.265395 | G17: =$B17*Model!$S$46 -> 62.943095 | H17: =$B17*Model!$T$46 -> 15.717211 | I17: =$B17*Model!$U$46 -> 7.4532014 | J17: =$B17*Model!$V$46 -> 7.4532014 | K17: =$B17*Model!$W$46 -> 24.188548 | L17: =$B17*Model!$X$46 -> 6.6288527 | M17: =$B17*Model!$Y$46 -> 3.8014441 | N17: =$B17*Model!$Z$46 -> 0.39231986 | O17: =$B17*Model!$AA$46 -> 0.66288527
A18: 2031 | B18: =IF($A18<=Model!$B$3,Data!$B$9*Model!$D$46,0) -> 65.726945 | C18: =$B18*IF(Model!$B$5=1,Data!$D$9,Model!$AC$46) -> 15.188745 | D18: =$B18*IF(Model!$B$5=1,Data!$E$9,Model!$AD$46) -> 19.978808 | E18: =$B18*IF(Model!$B$5=1,Data!$F$9,Model!$AE$46) -> 12.490545 | F18: =$B18*IF(Model!$B$5=1,Data!$G$9,Model!$AF$46) -> 18.068846 | G18: =$B18*Model!$S$46 -> 32.010469 | H18: =$B18*Model!$T$46 -> 7.9931771 | I18: =$B18*Model!$U$46 -> 3.7904153 | J18: =$B18*Model!$V$46 -> 3.7904153 | K18: =$B18*Model!$W$46 -> 12.301378 | L18: =$B18*Model!$X$46 -> 3.3711829 | M18: =$B18*Model!$Y$46 -> 1.9332702 | N18: =$B18*Model!$Z$46 -> 0.19951899 | O18: =$B18*Model!$AA$46 -> 0.33711829
A19: 2032 | B19: =IF($A19<=Model!$B$3,Data!$B$10*Model!$D$46,0) -> 65.726945 | C19: =$B19*IF(Model!$B$5=1,Data!$D$10,Model!$AC$46) -> 14.612725 | D19: =$B19*IF(Model!$B$5=1,Data!$E$10,Model!$AD$46) -> 19.584689 | E19: =$B19*IF(Model!$B$5=1,Data!$F$10,Model!$AE$46) -> 12.702763 | F19: =$B19*IF(Model!$B$5=1,Data!$G$10,Model!$AF$46) -> 18.826768 | G19: =$B19*Model!$S$46 -> 32.010469 | H19: =$B19*Model!$T$46 -> 7.9931771 | I19: =$B19*Model!$U$46 -> 3.7904153 | J19: =$B19*Model!$V$46 -> 3.7904153 | K19: =$B19*Model!$W$46 -> 12.301378 | L19: =$B19*Model!$X$46 -> 3.3711829 | M19: =$B19*Model!$Y$46 -> 1.9332702 | N19: =$B19*Model!$Z$46 -> 0.19951899 | O19: =$B19*Model!$AA$46 -> 0.33711829
A20: 2033 | B20: =IF($A20<=Model!$B$3,Data!$B$11*Model!$D$46,0) -> 65.726945 | C20: =$B20*IF(Model!$B$5=1,Data!$D$11,Model!$AC$46) -> 14.498145 | D20: =$B20*IF(Model!$B$5=1,Data!$E$11,Model!$AD$46) -> 19.654389 | E20: =$B20*IF(Model!$B$5=1,Data!$F$11,Model!$AE$46) -> 12.708625 | F20: =$B20*IF(Model!$B$5=1,Data!$G$11,Model!$AF$46) -> 18.865787 | G20: =$B20*Model!$S$46 -> 32.010469 | H20: =$B20*Model!$T$46 -> 7.9931771 | I20: =$B20*Model!$U$46 -> 3.7904153 | J20: =$B20*Model!$V$46 -> 3.7904153 | K20: =$B20*Model!$W$46 -> 12.301378 | L20: =$B20*Model!$X$46 -> 3.3711829 | M20: =$B20*Model!$Y$46 -> 1.9332702 | N20: =$B20*Model!$Z$46 -> 0.19951899 | O20: =$B20*Model!$AA$46 -> 0.33711829
A21: 2034 | B21: =IF($A21<=Model!$B$3,Data!$B$12*Model!$D$46,0) -> 65.726945 | C21: =$B21*IF(Model!$B$5=1,Data!$D$12,Model!$AC$46) -> 14.37019 | D21: =$B21*IF(Model!$B$5=1,Data!$E$12,Model!$AD$46) -> 19.705957 | E21: =$B21*IF(Model!$B$5=1,Data!$F$12,Model!$AE$46) -> 12.702763 | F21: =$B21*IF(Model!$B$5=1,Data!$G$12,Model!$AF$46) -> 18.948035 | G21: =$B21*Model!$S$46 -> 32.010469 | H21: =$B21*Model!$T$46 -> 7.9931771 | I21: =$B21*Model!$U$46 -> 3.7904153 | J21: =$B21*Model!$V$46 -> 3.7904153 | K21: =$B21*Model!$W$46 -> 12.301378 | L21: =$B21*Model!$X$46 -> 3.3711829 | M21: =$B21*Model!$Y$46 -> 1.9332702 | N21: =$B21*Model!$Z$46 -> 0.19951899 | O21: =$B21*Model!$AA$46 -> 0.33711829
A22: 2035 | B22: =IF($A22<=Model!$B$3,Data!$B$13*Model!$D$46,0) -> 63.513814 | C22: =$B22*IF(Model!$B$5=1,Data!$D$13,Model!$AC$46) -> 13.612269 | D22: =$B22*IF(Model!$B$5=1,Data!$E$13,Model!$AD$46) -> 18.766134 | E22: =$B22*IF(Model!$B$5=1,Data!$F$13,Model!$AE$46) -> 12.187376 | F22: =$B22*IF(Model!$B$5=1,Data!$G$13,Model!$AF$46) -> 18.948035 | G22: =$B22*Model!$S$46 -> 30.932626 | H22: =$B22*Model!$T$46 -> 7.7240341 | I22: =$B22*Model!$U$46 -> 3.662786 | J22: =$B22*Model!$V$46 -> 3.662786 | K22: =$B22*Model!$W$46 -> 11.887171 | L22: =$B22*Model!$X$46 -> 3.2576698 | M22: =$B22*Model!$Y$46 -> 1.8681739 | N22: =$B22*Model!$Z$46 -> 0.19280087 | O22: =$B22*Model!$AA$46 -> 0.32576698
A23: 2036 | B23: =IF($A23<=Model!$B$3,Data!$B$14*Model!$D$46,0) -> 48.112851 | C23: =$B23*IF(Model!$B$5=1,Data!$D$14,Model!$AC$46) -> 11.606414 | D23: =$B23*IF(Model!$B$5=1,Data!$E$14,Model!$AD$46) -> 14.928316 | E23: =$B23*IF(Model!$B$5=1,Data!$F$14,Model!$AE$46) -> 8.9968827 | F23: =$B23*IF(Model!$B$5=1,Data!$G$14,Model!$AF$46) -> 12.581238 | G23: =$B23*Model!$S$46 -> 23.432018 | H23: =$B23*Model!$T$46 -> 5.8510941 | I23: =$B23*Model!$U$46 -> 2.774626 | J23: =$B23*Model!$V$46 -> 2.774626 | K23: =$B23*Model!$W$46 -> 9.0047446 | L23: =$B23*Model!$X$46 -> 2.4677432 | M23: =$B23*Model!$Y$46 -> 1.4151752 | N23: =$B23*Model!$Z$46 -> 0.14605011 | O23: =$B23*Model!$AA$46 -> 0.24677432
A24: 2037 | B24: =IF($A24<=Model!$B$3,Data!$B$15*Model!$D$46,0) -> 47.718732 | C24: =$B24*IF(Model!$B$5=1,Data!$D$15,Model!$AC$46) -> 11.511339 | D24: =$B24*IF(Model!$B$5=1,Data!$E$15,Model!$AD$46) -> 14.80603 | E24: =$B24*IF(Model!$B$5=1,Data!$F$15,Model!$AE$46) -> 8.9231842 | F24: =$B24*IF(Model!$B$5=1,Data!$G$15,Model!$AF$46) -> 12.478178 | G24: =$B24*Model!$S$46 -> 23.240073 | H24: =$B24*Model!$T$46 -> 5.8031645 | I24: =$B24*Model!$U$46 -> 2.7518975 | J24: =$B24*Model!$V$46 -> 2.7518975 | K24: =$B24*Model!$W$46 -> 8.9309817 | L24: =$B24*Model!$X$46 -> 2.4475286 | M24: =$B24*Model!$Y$46 -> 1.4035827 | N24: =$B24*Model!$Z$46 -> 0.14485373 | O24: =$B24*Model!$AA$46 -> 0.24475286
A25: 2038 | B25: =IF($A25<=Model!$B$3,Data!$B$16*Model!$D$46,0) -> 47.142712 | C25: =$B25*IF(Model!$B$5=1,Data!$D$16,Model!$AC$46) -> 11.372384 | D25: =$B25*IF(Model!$B$5=1,Data!$E$16,Model!$AD$46) -> 14.627304 | E25: =$B25*IF(Model!$B$5=1,Data!$F$16,Model!$AE$46) -> 8.8154711 | F25: =$B25*IF(Model!$B$5=1,Data!$G$16,Model!$AF$46) -> 12.327552 | G25: =$B25*Model!$S$46 -> 22.959538 | H25: =$B25*Model!$T$46 -> 5.7331136 | I25: =$B25*Model!$U$46 -> 2.7186789 | J25: =$B25*Model!$V$46 -> 2.7186789 | K25: =$B25*Model!$W$46 -> 8.8231745 | L25: =$B25*Model!$X$46 -> 2.4179841 | M25: =$B25*Model!$Y$46 -> 1.3866398 | N25: =$B25*Model!$Z$46 -> 0.14310518 | O25: =$B25*Model!$AA$46 -> 0.24179841
A26: 2039 | B26: =IF($A26<=Model!$B$3,Data!$B$17*Model!$D$46,0) -> 46.718276 | C26: =$B26*IF(Model!$B$5=1,Data!$D$17,Model!$AC$46) -> 11.269996 | D26: =$B26*IF(Model!$B$5=1,Data!$E$17,Model!$AD$46) -> 14.495612 | E26: =$B26*IF(Model!$B$5=1,Data!$F$17,Model!$AE$46) -> 8.7361035 | F26: =$B26*IF(Model!$B$5=1,Data!$G$17,Model!$AF$46) -> 12.216565 | G26: =$B26*Model!$S$46 -> 22.752829 | H26: =$B26*Model!$T$46 -> 5.6814972 | I26: =$B26*Model!$U$46 -> 2.694202 | J26: =$B26*Model!$V$46 -> 2.694202 | K26: =$B26*Model!$W$46 -> 8.7437375 | L26: =$B26*Model!$X$46 -> 2.3962144 | M26: =$B26*Model!$Y$46 -> 1.3741556 | N26: =$B26*Model!$Z$46 -> 0.14181677 | O26: =$B26*Model!$AA$46 -> 0.23962144
A27: 2040 | B27: =IF($A27<=Model!$B$3,Data!$B$18*Model!$D$46,0) -> 46.233206 | C27: =$B27*IF(Model!$B$5=1,Data!$D$18,Model!$AC$46) -> 11.152981 | D27: =$B27*IF(Model!$B$5=1,Data!$E$18,Model!$AD$46) -> 14.345106 | E27: =$B27*IF(Model!$B$5=1,Data!$F$18,Model!$AE$46) -> 8.6453977 | F27: =$B27*IF(Model!$B$5=1,Data!$G$18,Model!$AF$46) -> 12.089722 | G27: =$B27*Model!$S$46 -> 22.516589 | H27: =$B27*Model!$T$46 -> 5.6225069 | I27: =$B27*Model!$U$46 -> 2.6662285 | J27: =$B27*Model!$V$46 -> 2.6662285 | K27: =$B27*Model!$W$46 -> 8.6529525 | L27: =$B27*Model!$X$46 -> 2.3713348 | M27: =$B27*Model!$Y$46 -> 1.3598879 | N27: =$B27*Model!$Z$46 -> 0.14034431 | O27: =$B27*Model!$AA$46 -> 0.23713348
A28: Total 2026 to end year | B28: =SUM(B13:B27) -> 1208.5512 | C28: =SUM(C13:C27) -> 291.54159 | D28: =SUM(D13:D27) -> 374.98527 | E28: =SUM(E13:E27) -> 225.99369 | F28: =SUM(F13:F27) -> 316.03062 | G28: =SUM(G13:G27) -> 588.59102 | H28: =SUM(H13:H27) -> 146.97418 | I28: =SUM(I13:I27) -> 69.696087 | ... O28: =SUM(O13:O27) -> 6.198747
A29: Share of new homes | B29: =IF($B$28>0,B28/$B$28,0) -> 1 | C29: =IF($B$28>0,C28/$B$28,0) -> 0.24123231 | D29: =IF($B$28>0,D28/$B$28,0) -> 0.3102767 | E29: =IF($B$28>0,E28/$B$28,0) -> 0.18699555 | F29: =IF($B$28>0,F28/$B$28,0) -> 0.26149544 | G29: =IF($B$28>0,G28/$B$28,0) -> 0.48702201 | H29: =IF($B$28>0,H28/$B$28,0) -> 0.12161188 | I29: =IF($B$28>0,I28/$B$28,0) -> 0.057669124 | ... O29: =IF($B$28>0,O28/$B$28,0) -> 0.0051290729
A32: Unit mix: existing homes, new homes and the two combined at the end year
A33: Bedrooms | B33: Existing homes, 2022 | C33: % | D33: New homes | E33: % | F33: Combined | G33: %
A34: 1-bed | B34: =Data!$H$23*Data!$M$23/SUM(Data!$H$23:$K$23) -> 38.286091 | C34: =IF($B$38>0,B34/$B$38,0) -> 0.021753461 | D34: =C28 -> 291.54159 | E34: =IF($D$38>0,D34/$D$38,0) -> 0.24123231 | F34: =B34+D34 -> 329.82768 | G34: =IF($F$38>0,F34/$F$38,0) -> 0.11110729
A35: 2-bed | B35: =Data!$I$23*Data!$M$23/SUM(Data!$H$23:$K$23) -> 316.73039 | C35: =IF($B$38>0,B35/$B$38,0) -> 0.17996045 | D35: =D28 -> 374.98527 | E35: =IF($D$38>0,D35/$D$38,0) -> 0.3102767 | F35: =B35+D35 -> 691.71566 | G35: =IF($F$38>0,F35/$F$38,0) -> 0.23301456
A36: 3-bed | B36: =Data!$J$23*Data!$M$23/SUM(Data!$H$23:$K$23) -> 885.22083 | C36: =IF($B$38>0,B36/$B$38,0) -> 0.50296638 | D36: =E28 -> 225.99369 | E36: =IF($D$38>0,D36/$D$38,0) -> 0.18699555 | F36: =B36+D36 -> 1111.2145 | G36: =IF($F$38>0,F36/$F$38,0) -> 0.37432891
A37: 4+ bed | B37: =Data!$K$23*Data!$M$23/SUM(Data!$H$23:$K$23) -> 519.76269 | C37: =IF($B$38>0,B37/$B$38,0) -> 0.29531971 | D37: =F28 -> 316.03062 | E37: =IF($D$38>0,D37/$D$38,0) -> 0.26149544 | F37: =B37+D37 -> 835.79331 | G37: =IF($F$38>0,F37/$F$38,0) -> 0.28154924
A38: Total | B38: =SUM(B34:B37) -> 1760 | C38: =SUM(C34:C37) -> 1 | D38: =SUM(D34:D37) -> 1208.5512 | E38: =SUM(E34:E37) -> 1 | F38: =SUM(F34:F37) -> 2968.5512 | G38: =SUM(G34:G37) -> 1
A39: Existing homes: Census 2022 households by stated bedrooms (T6_9), with not stated and 0-bed households spread pro rata so the total is all households.
A40: Tenure: the social share comes from the selected rule; the other tenures fill the rest in Limerick proportions. Shares are set on the totals to the end year and applied to every year.
A41: Figures are unrounded model outputs shown to the nearest home, so displayed rows can differ from totals by rounding.

Sheet Caherdavin
A1: Caherdavin
A2: =Model!$B$47&" · new homes per year, 2026–"&Model!$B$3&" · set by the levers on the Intro tab" -> City neighbourhood · new homes per year, 2026–2040 · set by the levers on the Intro tab
A4: Share of Limerick's new homes | C4: =Model!$D$47 -> 0.12321865
A5: New homes, 2026 to end year | C5: =Model!$E$47 -> 4911.9882
A6: Social share of new homes | C6: =Model!$Q$47 -> 0.23641737
A7: Social rent share of households, 2022 | C7: =Model!$G$47 -> 0.17369
A8: Social share of all homes at end year (2022 plus new) | C8: =Model!$R$47 -> 0.2
A9: Bedroom mix | C9: =IF(Model!$B$5=1,"S1: the Council's planned split for each year","S2: this catchment's own household need, the same mix every year") -> S1: the Council's planned split for each year
A12: Year | B12: Homes | C12: 1-bed | D12: 2-bed | E12: 3-bed | F12: 4+ bed | G12: Private purchase | H12: Private rent | I12: Affordable purchase | J12: Cost rental | K12: Social: general needs | L12: Social: disability | M12: Social: older people | N12: Social: Traveller | O12: Social: community
A13: 2026 | B13: =IF($A13<=Model!$B$3,Data!$B$4*Model!$D$47,0) -> 525.2811 | C13: =$B13*IF(Model!$B$5=1,Data!$D$4,Model!$AC$47) -> 135.8783 | D13: =$B13*IF(Model!$B$5=1,Data!$E$4,Model!$AD$47) -> 166.30616 | E13: =$B13*IF(Model!$B$5=1,Data!$F$4,Model!$AE$47) -> 97.196713 | F13: =$B13*IF(Model!$B$5=1,Data!$G$4,Model!$AF$47) -> 125.89993 | G13: =$B13*Model!$S$47 -> 269.82026 | H13: =$B13*Model!$T$47 -> 67.375492 | I13: =$B13*Model!$U$47 -> 31.949886 | J13: =$B13*Model!$V$47 -> 31.949886 | K13: =$B13*Model!$W$47 -> 84.203189 | L13: =$B13*Model!$X$47 -> 23.075818 | M13: =$B13*Model!$Y$47 -> 13.233275 | N13: =$B13*Model!$Z$47 -> 1.3657117 | O13: =$B13*Model!$AA$47 -> 2.3075818
A14: 2027 | B14: =IF($A14<=Model!$B$3,Data!$B$5*Model!$D$47,0) -> 525.2811 | C14: =$B14*IF(Model!$B$5=1,Data!$D$5,Model!$AC$47) -> 132.05941 | D14: =$B14*IF(Model!$B$5=1,Data!$E$5,Model!$AD$47) -> 166.79892 | E14: =$B14*IF(Model!$B$5=1,Data!$F$5,Model!$AE$47) -> 96.950334 | F14: =$B14*IF(Model!$B$5=1,Data!$G$5,Model!$AF$47) -> 129.47243 | G14: =$B14*Model!$S$47 -> 269.82026 | H14: =$B14*Model!$T$47 -> 67.375492 | I14: =$B14*Model!$U$47 -> 31.949886 | J14: =$B14*Model!$V$47 -> 31.949886 | K14: =$B14*Model!$W$47 -> 84.203189 | L14: =$B14*Model!$X$47 -> 23.075818 | M14: =$B14*Model!$Y$47 -> 13.233275 | N14: =$B14*Model!$Z$47 -> 1.3657117 | O14: =$B14*Model!$AA$47 -> 2.3075818
A15: 2028 | B15: =IF($A15<=Model!$B$3,Data!$B$6*Model!$D$47,0) -> 525.2811 | C15: =$B15*IF(Model!$B$5=1,Data!$D$6,Model!$AC$47) -> 131.62839 | D15: =$B15*IF(Model!$B$5=1,Data!$E$6,Model!$AD$47) -> 166.8772 | E15: =$B15*IF(Model!$B$5=1,Data!$F$6,Model!$AE$47) -> 96.995829 | F15: =$B15*IF(Model!$B$5=1,Data!$G$6,Model!$AF$47) -> 129.77968 | G15: =$B15*Model!$S$47 -> 269.82026 | H15: =$B15*Model!$T$47 -> 67.375492 | I15: =$B15*Model!$U$47 -> 31.949886 | J15: =$B15*Model!$V$47 -> 31.949886 | K15: =$B15*Model!$W$47 -> 84.203189 | L15: =$B15*Model!$X$47 -> 23.075818 | M15: =$B15*Model!$Y$47 -> 13.233275 | N15: =$B15*Model!$Z$47 -> 1.3657117 | O15: =$B15*Model!$AA$47 -> 2.3075818
A16: 2029 | B16: =IF($A16<=Model!$B$3,Data!$B$7*Model!$D$47,0) -> 525.2811 | C16: =$B16*IF(Model!$B$5=1,Data!$D$7,Model!$AC$47) -> 130.24211 | D16: =$B16*IF(Model!$B$5=1,Data!$E$7,Model!$AD$47) -> 165.97552 | E16: =$B16*IF(Model!$B$5=1,Data!$F$7,Model!$AE$47) -> 96.356983 | F16: =$B16*IF(Model!$B$5=1,Data!$G$7,Model!$AF$47) -> 132.70648 | G16: =$B16*Model!$S$47 -> 269.82026 | H16: =$B16*Model!$T$47 -> 67.375492 | I16: =$B16*Model!$U$47 -> 31.949886 | J16: =$B16*Model!$V$47 -> 31.949886 | K16: =$B16*Model!$W$47 -> 84.203189 | L16: =$B16*Model!$X$47 -> 23.075818 | M16: =$B16*Model!$Y$47 -> 13.233275 | N16: =$B16*Model!$Z$47 -> 1.3657117 | O16: =$B16*Model!$AA$47 -> 2.3075818
A17: 2030 | B17: =IF($A17<=Model!$B$3,Data!$B$8*Model!$D$47,0) -> 525.2811 | C17: =$B17*IF(Model!$B$5=1,Data!$D$8,Model!$AC$47) -> 130.02617 | D17: =$B17*IF(Model!$B$5=1,Data!$E$8,Model!$AD$47) -> 163.54951 | E17: =$B17*IF(Model!$B$5=1,Data!$F$8,Model!$AE$47) -> 96.502839 | F17: =$B17*IF(Model!$B$5=1,Data!$G$8,Model!$AF$47) -> 135.20257 | G17: =$B17*Model!$S$47 -> 269.82026 | H17: =$B17*Model!$T$47 -> 67.375492 | I17: =$B17*Model!$U$47 -> 31.949886 | J17: =$B17*Model!$V$47 -> 31.949886 | K17: =$B17*Model!$W$47 -> 84.203189 | L17: =$B17*Model!$X$47 -> 23.075818 | M17: =$B17*Model!$Y$47 -> 13.233275 | N17: =$B17*Model!$Z$47 -> 1.3657117 | O17: =$B17*Model!$AA$47 -> 2.3075818
A18: 2031 | B18: =IF($A18<=Model!$B$3,Data!$B$9*Model!$D$47,0) -> 267.13803 | C18: =$B18*IF(Model!$B$5=1,Data!$D$9,Model!$AC$47) -> 61.732543 | D18: =$B18*IF(Model!$B$5=1,Data!$E$9,Model!$AD$47) -> 81.201089 | E18: =$B18*IF(Model!$B$5=1,Data!$F$9,Model!$AE$47) -> 50.766083 | F18: =$B18*IF(Model!$B$5=1,Data!$G$9,Model!$AF$47) -> 73.438314 | G18: =$B18*Model!$S$47 -> 137.22034 | H18: =$B18*Model!$T$47 -> 34.264618 | I18: =$B18*Model!$U$47 -> 16.248499 | J18: =$B18*Model!$V$47 -> 16.248499 | K18: =$B18*Model!$W$47 -> 42.822546 | L18: =$B18*Model!$X$47 -> 11.735485 | M18: =$B18*Model!$Y$47 -> 6.7299415 | N18: =$B18*Model!$Z$47 -> 0.69454912 | O18: =$B18*Model!$AA$47 -> 1.1735485
A19: 2032 | B19: =IF($A19<=Model!$B$3,Data!$B$10*Model!$D$47,0) -> 267.13803 | C19: =$B19*IF(Model!$B$5=1,Data!$D$10,Model!$AC$47) -> 59.391388 | D19: =$B19*IF(Model!$B$5=1,Data!$E$10,Model!$AD$47) -> 79.599247 | E19: =$B19*IF(Model!$B$5=1,Data!$F$10,Model!$AE$47) -> 51.628614 | F19: =$B19*IF(Model!$B$5=1,Data!$G$10,Model!$AF$47) -> 76.518781 | G19: =$B19*Model!$S$47 -> 137.22034 | H19: =$B19*Model!$T$47 -> 34.264618 | I19: =$B19*Model!$U$47 -> 16.248499 | J19: =$B19*Model!$V$47 -> 16.248499 | K19: =$B19*Model!$W$47 -> 42.822546 | L19: =$B19*Model!$X$47 -> 11.735485 | M19: =$B19*Model!$Y$47 -> 6.7299415 | N19: =$B19*Model!$Z$47 -> 0.69454912 | O19: =$B19*Model!$AA$47 -> 1.1735485
A20: 2033 | B20: =IF($A20<=Model!$B$3,Data!$B$11*Model!$D$47,0) -> 267.13803 | C20: =$B20*IF(Model!$B$5=1,Data!$D$11,Model!$AC$47) -> 58.925694 | D20: =$B20*IF(Model!$B$5=1,Data!$E$11,Model!$AD$47) -> 79.88253 | E20: =$B20*IF(Model!$B$5=1,Data!$F$11,Model!$AE$47) -> 51.652439 | F20: =$B20*IF(Model!$B$5=1,Data!$G$11,Model!$AF$47) -> 76.677367 | G20: =$B20*Model!$S$47 -> 137.22034 | H20: =$B20*Model!$T$47 -> 34.264618 | I20: =$B20*Model!$U$47 -> 16.248499 | J20: =$B20*Model!$V$47 -> 16.248499 | K20: =$B20*Model!$W$47 -> 42.822546 | L20: =$B20*Model!$X$47 -> 11.735485 | M20: =$B20*Model!$Y$47 -> 6.7299415 | N20: =$B20*Model!$Z$47 -> 0.69454912 | O20: =$B20*Model!$AA$47 -> 1.1735485
A21: 2034 | B21: =IF($A21<=Model!$B$3,Data!$B$12*Model!$D$47,0) -> 267.13803 | C21: =$B21*IF(Model!$B$5=1,Data!$D$12,Model!$AC$47) -> 58.405639 | D21: =$B21*IF(Model!$B$5=1,Data!$E$12,Model!$AD$47) -> 80.092121 | E21: =$B21*IF(Model!$B$5=1,Data!$F$12,Model!$AE$47) -> 51.628614 | F21: =$B21*IF(Model!$B$5=1,Data!$G$12,Model!$AF$47) -> 77.011655 | G21: =$B21*Model!$S$47 -> 137.22034 | H21: =$B21*Model!$T$47 -> 34.264618 | I21: =$B21*Model!$U$47 -> 16.248499 | J21: =$B21*Model!$V$47 -> 16.248499 | K21: =$B21*Model!$W$47 -> 42.822546 | L21: =$B21*Model!$X$47 -> 11.735485 | M21: =$B21*Model!$Y$47 -> 6.7299415 | N21: =$B21*Model!$Z$47 -> 0.69454912 | O21: =$B21*Model!$AA$47 -> 1.1735485
A22: 2035 | B22: =IF($A22<=Model!$B$3,Data!$B$13*Model!$D$47,0) -> 258.14307 | C22: =$B22*IF(Model!$B$5=1,Data!$D$13,Model!$AC$47) -> 55.325173 | D22: =$B22*IF(Model!$B$5=1,Data!$E$13,Model!$AD$47) -> 76.272343 | E22: =$B22*IF(Model!$B$5=1,Data!$F$13,Model!$AE$47) -> 49.533897 | F22: =$B22*IF(Model!$B$5=1,Data!$G$13,Model!$AF$47) -> 77.011655 | G22: =$B22*Model!$S$47 -> 132.59992 | H22: =$B22*Model!$T$47 -> 33.110874 | I22: =$B22*Model!$U$47 -> 15.701387 | J22: =$B22*Model!$V$47 -> 15.701387 | K22: =$B22*Model!$W$47 -> 41.380643 | L22: =$B22*Model!$X$47 -> 11.340333 | M22: =$B22*Model!$Y$47 -> 6.5033337 | N22: =$B22*Model!$Z$47 -> 0.67116255 | O22: =$B22*Model!$AA$47 -> 1.1340333
A23: 2036 | B23: =IF($A23<=Model!$B$3,Data!$B$14*Model!$D$47,0) -> 195.54799 | C23: =$B23*IF(Model!$B$5=1,Data!$D$14,Model!$AC$47) -> 47.172655 | D23: =$B23*IF(Model!$B$5=1,Data!$E$14,Model!$AD$47) -> 60.674067 | E23: =$B23*IF(Model!$B$5=1,Data!$F$14,Model!$AE$47) -> 36.566579 | F23: =$B23*IF(Model!$B$5=1,Data!$G$14,Model!$AF$47) -> 51.134694 | G23: =$B23*Model!$S$47 -> 100.44681 | H23: =$B23*Model!$T$47 -> 25.08208 | I23: =$B23*Model!$U$47 -> 11.894081 | J23: =$B23*Model!$V$47 -> 11.894081 | K23: =$B23*Model!$W$47 -> 31.346578 | L23: =$B23*Model!$X$47 -> 8.5905051 | M23: =$B23*Model!$Y$47 -> 4.9263917 | N23: =$B23*Model!$Z$47 -> 0.50841765 | O23: =$B23*Model!$AA$47 -> 0.85905051
A24: 2037 | B24: =IF($A24<=Model!$B$3,Data!$B$15*Model!$D$47,0) -> 193.94615 | C24: =$B24*IF(Model!$B$5=1,Data!$D$15,Model!$AC$47) -> 46.786237 | D24: =$B24*IF(Model!$B$5=1,Data!$E$15,Model!$AD$47) -> 60.177052 | E24: =$B24*IF(Model!$B$5=1,Data!$F$15,Model!$AE$47) -> 36.267042 | F24: =$B24*IF(Model!$B$5=1,Data!$G$15,Model!$AF$47) -> 50.715822 | G24: =$B24*Model!$S$47 -> 99.623994 | H24: =$B24*Model!$T$47 -> 24.876618 | I24: =$B24*Model!$U$47 -> 11.79665 | J24: =$B24*Model!$V$47 -> 11.79665 | K24: =$B24*Model!$W$47 -> 31.0898 | L24: =$B24*Model!$X$47 -> 8.5201355 | M24: =$B24*Model!$Y$47 -> 4.8860369 | N24: =$B24*Model!$Z$47 -> 0.50425291 | O24: =$B24*Model!$AA$47 -> 0.85201355
A25: 2038 | B25: =IF($A25<=Model!$B$3,Data!$B$16*Model!$D$47,0) -> 191.605 | C25: =$B25*IF(Model!$B$5=1,Data!$D$16,Model!$AC$47) -> 46.221473 | D25: =$B25*IF(Model!$B$5=1,Data!$E$16,Model!$AD$47) -> 59.450645 | E25: =$B25*IF(Model!$B$5=1,Data!$F$16,Model!$AE$47) -> 35.829257 | F25: =$B25*IF(Model!$B$5=1,Data!$G$16,Model!$AF$47) -> 50.103623 | G25: =$B25*Model!$S$47 -> 98.421417 | H25: =$B25*Model!$T$47 -> 24.576329 | I25: =$B25*Model!$U$47 -> 11.654251 | J25: =$B25*Model!$V$47 -> 11.654251 | K25: =$B25*Model!$W$47 -> 30.714511 | L25: =$B25*Model!$X$47 -> 8.4172876 | M25: =$B25*Model!$Y$47 -> 4.8270567 | N25: =$B25*Model!$Z$47 -> 0.498166 | O25: =$B25*Model!$AA$47 -> 0.84172876
A26: 2039 | B26: =IF($A26<=Model!$B$3,Data!$B$17*Model!$D$47,0) -> 189.87994 | C26: =$B26*IF(Model!$B$5=1,Data!$D$17,Model!$AC$47) -> 45.805331 | D26: =$B26*IF(Model!$B$5=1,Data!$E$17,Model!$AD$47) -> 58.915398 | E26: =$B26*IF(Model!$B$5=1,Data!$F$17,Model!$AE$47) -> 35.506678 | F26: =$B26*IF(Model!$B$5=1,Data!$G$17,Model!$AF$47) -> 49.652529 | G26: =$B26*Model!$S$47 -> 97.535308 | H26: =$B26*Model!$T$47 -> 24.355063 | I26: =$B26*Model!$U$47 -> 11.549325 | J26: =$B26*Model!$V$47 -> 11.549325 | K26: =$B26*Model!$W$47 -> 30.437981 | L26: =$B26*Model!$X$47 -> 8.3415049 | M26: =$B26*Model!$Y$47 -> 4.7835977 | N26: =$B26*Model!$Z$47 -> 0.4936809 | O26: =$B26*Model!$AA$47 -> 0.83415049
A27: 2040 | B27: =IF($A27<=Model!$B$3,Data!$B$18*Model!$D$47,0) -> 187.90844 | C27: =$B27*IF(Model!$B$5=1,Data!$D$18,Model!$AC$47) -> 45.329741 | D27: =$B27*IF(Model!$B$5=1,Data!$E$18,Model!$AD$47) -> 58.303687 | E27: =$B27*IF(Model!$B$5=1,Data!$F$18,Model!$AE$47) -> 35.138017 | F27: =$B27*IF(Model!$B$5=1,Data!$G$18,Model!$AF$47) -> 49.136994 | G27: =$B27*Model!$S$47 -> 96.522611 | H27: =$B27*Model!$T$47 -> 24.102188 | I27: =$B27*Model!$U$47 -> 11.42941 | J27: =$B27*Model!$V$47 -> 11.42941 | K27: =$B27*Model!$W$47 -> 30.121948 | L27: =$B27*Model!$X$47 -> 8.2548962 | M27: =$B27*Model!$Y$47 -> 4.7339303 | N27: =$B27*Model!$Z$47 -> 0.48855508 | O27: =$B27*Model!$AA$47 -> 0.82548962
A28: Total 2026 to end year | B28: =SUM(B13:B27) -> 4911.9882 | C28: =SUM(C13:C27) -> 1184.9303 | D28: =SUM(D13:D27) -> 1524.0755 | E28: =SUM(E13:E27) -> 918.51992 | F28: =SUM(F13:F27) -> 1284.4625 | G28: =SUM(G13:G27) -> 2523.1327 | H28: =SUM(H13:H27) -> 630.03908 | I28: =SUM(I13:I27) -> 298.76853 | ... O28: =SUM(O13:O27) -> 21.578569
A29: Share of new homes | B29: =IF($B$28>0,B28/$B$28,0) -> 1 | C29: =IF($B$28>0,C28/$B$28,0) -> 0.24123231 | D29: =IF($B$28>0,D28/$B$28,0) -> 0.3102767 | E29: =IF($B$28>0,E28/$B$28,0) -> 0.18699555 | F29: =IF($B$28>0,F28/$B$28,0) -> 0.26149544 | G29: =IF($B$28>0,G28/$B$28,0) -> 0.51366832 | H29: =IF($B$28>0,H28/$B$28,0) -> 0.12826559 | I29: =IF($B$28>0,I28/$B$28,0) -> 0.060824359 | ... O29: =IF($B$28>0,O28/$B$28,0) -> 0.0043930418
A32: Unit mix: existing homes, new homes and the two combined at the end year
A33: Bedrooms | B33: Existing homes, 2022 | C33: % | D33: New homes | E33: % | F33: Combined | G33: %
A34: 1-bed | B34: =Data!$H$24*Data!$M$24/SUM(Data!$H$24:$K$24) -> 206.67702 | C34: =IF($B$38>0,B34/$B$38,0) -> 0.03039815 | D34: =C28 -> 1184.9303 | E34: =IF($D$38>0,D34/$D$38,0) -> 0.24123231 | F34: =B34+D34 -> 1391.6073 | G34: =IF($F$38>0,F34/$F$38,0) -> 0.11882919
A35: 2-bed | B35: =Data!$I$24*Data!$M$24/SUM(Data!$H$24:$K$24) -> 903.08872 | C35: =IF($B$38>0,B35/$B$38,0) -> 0.1328267 | D35: =D28 -> 1524.0755 | E35: =IF($D$38>0,D35/$D$38,0) -> 0.3102767 | F35: =B35+D35 -> 2427.1642 | G35: =IF($F$38>0,F35/$F$38,0) -> 0.20725529
A36: 3-bed | B36: =Data!$J$24*Data!$M$24/SUM(Data!$H$24:$K$24) -> 3894.2893 | C36: =IF($B$38>0,B36/$B$38,0) -> 0.57277383 | D36: =E28 -> 918.51992 | E36: =IF($D$38>0,D36/$D$38,0) -> 0.18699555 | F36: =B36+D36 -> 4812.8092 | G36: =IF($F$38>0,F36/$F$38,0) -> 0.41096525
A37: 4+ bed | B37: =Data!$K$24*Data!$M$24/SUM(Data!$H$24:$K$24) -> 1794.945 | C37: =IF($B$38>0,B37/$B$38,0) -> 0.26400132 | D37: =F28 -> 1284.4625 | E37: =IF($D$38>0,D37/$D$38,0) -> 0.26149544 | F37: =B37+D37 -> 3079.4075 | G37: =IF($F$38>0,F37/$F$38,0) -> 0.26295027
A38: Total | B38: =SUM(B34:B37) -> 6799 | C38: =SUM(C34:C37) -> 1 | D38: =SUM(D34:D37) -> 4911.9882 | E38: =SUM(E34:E37) -> 1 | F38: =SUM(F34:F37) -> 11710.988 | G38: =SUM(G34:G37) -> 1
A39: Existing homes: Census 2022 households by stated bedrooms (T6_9), with not stated and 0-bed households spread pro rata so the total is all households.
A40: Tenure: the social share comes from the selected rule; the other tenures fill the rest in Limerick proportions. Shares are set on the totals to the end year and applied to every year.
A41: Figures are unrounded model outputs shown to the nearest home, so displayed rows can differ from totals by rounding.

Sheet Castletroy-Annacotty
A1: Castletroy/Annacotty
A2: =Model!$B$48&" · new homes per year, 2026–"&Model!$B$3&" · set by the levers on the Intro tab" -> City neighbourhood · new homes per year, 2026–2040 · set by the levers on the Intro tab
A4: Share of Limerick's new homes | C4: =Model!$D$48 -> 0.14618891
A5: New homes, 2026 to end year | C5: =Model!$E$48 -> 5827.6747
A6: Social share of new homes | C6: =Model!$Q$48 -> 0.27602786
A7: Social rent share of households, 2022 | C7: =Model!$G$48 -> 0.03637
A8: Social share of all homes at end year (2022 plus new) | C8: =Model!$R$48 -> 0.14494302
