Workbook

Sheet README
A1: Limerick residential delivery study – data companion
A3: Scheme | B3: A counted residential application from the Limerick pipeline workbook (after primacy rules), plus residential Part 8 schemes in the planning register that CIS does not hold (Source column).
A4: Owner / sector | B4: Public = Limerick City and County Council (incl. Part 8), approved housing bodies, Land Development Agency. From CIS grantee and promoter, building control local-authority and AHB flags, and Part 8 file numbers (yy/8nnn). Turnkey purchases not identified in these sources are classed as private.
A5: City neighbourhood | B5: Nine neighbourhoods defined by Limerick City and County Council from 42 Electoral Divisions (King’s Island, code 1a, shown separately). Schemes outside them are labelled Outside city neighbourhoods.
A6: Planning dates | B6: National Planning Applications dataset (Department of Housing, Local Government and Heritage), Limerick County Council records, queried 29/09/2026. An Coimisiún Pleanála case pages for SHD. CIS dates for Part 8 schemes.
A7: Start on site | B7: Earliest commencement date on a building control commencement notice (National Building Control Office open data, 2014–present) matched by planning reference, including extensions of duration and appeal references. CIS start date used only where no notice matched and CIS records the scheme on site or complete.
A8: Completion | B8: CIS. Date of the first dated CIS update recording the scheme as complete; CIS finish date where no such update exists. Completion certificates were tested but record 328 of the 1,226 units CIS reports complete on the same schemes, so they are not used for completions.
A9: Status | B9: Complete (CIS); Under construction (commencement notice or CIS on site / part complete); Not started – permission live; Not started – past expiry (register expiry, including extensions of duration, before 29/09/2026). Part 8 schemes have no register expiry.
A10: Size bands | B10: 1–9, 10–24, 25–49, 50–99, 100+ units (CIS units).
A11: LEA | B11: Point-in-polygon against Local Electoral Areas 2019 (Tailte Éireann, generalised 20m).
A12: Durations | B12: Approval = application received to final grant (appeal decision date where appealed). Grant to start = final grant to first commencement. Build period = start to completion. Negative intervals (data errors) are dropped.
A13: Formulas | B13: Status, expiry and LEA count/sum tables are live formulas on the Schemes sheet. Medians, quartiles and cumulative start shares were calculated in Python (delivery_analysis.py) and are values.
A14: Contacts | B14: No personal data. Scheme names are CIS project headings.

Sheet Schemes
A1: Planning ref | B1: Register ref | C1: Source | D1: Site ID | E1: Scheme | F1: Settlement | G1: LEA | H1: City neighbourhood | I1: Latitude | J1: Longitude | K1: Units | L1: Size band | M1: Type | N1: Route | O1: Owner | P1: Sector | Q1: CIS stage | R1: Status | S1: Application received | T1: Permission granted | U1: Further information | V1: Appealed | W1: Expiry | X1: Start on site | Y1: Start source | Z1: Commencement notices | AA1: Units on notices | AB1: Completion (CIS) | AC1: Completion certificates | AD1: Units on certificates | AE1: Approval (yrs) | AF1: Grant to start (yrs) | AG1: Build period (yrs) | AH1: Build rate (dpa) | AI1: Relationship | AJ1: Relationship confidence | AK1: CIS notes on barriers | AL1: Completion source | AM1: Social housing project no. | AN1: Social housing programme | AO1: Social housing stage | AP1: Social housing stage quarter | AQ1: Public delivery mode
A2: 22990 | B2: 22990 | C2: CIS | D2: SG-015 | E2: €22m - Residential Development, Adare | F2: Rathkeale | G2: Adare-Rathkeale | H2: Outside city neighbourhoods | I2: 52.558685 | J2: -8.7982115 | K2: 99 | L2: 50–99 | M2: Mixed | N2: Standard planning application | O2: Private | P2: Private | Q2: Permission Granted | R2: Not started – permission live | S2: 44817 | T2: 45713 | U2: Yes | V2: Yes | W2: 47538 | Z2: 0 | AA2: 0 | AC2: 0 | AD2: 0 | AE2: 2.4531143 | AI2: Additional application on site | AJ2: Low
A3: 21630 | B3: 21630 | C3: CIS | D3: U-1166991 | E3: €10.8m - Residential Development, Croom | F3: Other County Limerick | G3: Adare-Rathkeale | H3: Outside city neighbourhoods | I3: 52.525037 | J3: -8.7170903 | K3: 51 | L3: 50–99 | M3: Houses | N3: Standard planning application | O3: Private | P3: Private | Q3: Contract Awarded | R3: Not started – permission live | S3: 44328 | T3: 44693 | U3: Yes | V3: No | W3: 46518 | Z3: 1 | AA3: 12 | AC3: 0 | AD3: 0 | AE3: 0.99931554 | AI3: Primary | AJ3: High
A4: 22410 | B4: 22410 | C4: CIS | D4: P-1225380 | E4: €18.8m - Nursing Home Development, Croom | F4: Other County Limerick | G4: Adare-Rathkeale | H4: Outside city neighbourhoods | I4: 52.522213 | J4: -8.7125164 | K4: 32 | L4: 25–49 | M4: Unknown | N4: Standard planning application | O4: Private | P4: Private | Q4: Permission Granted | R4: Not started – permission live | S4: 44662 | T4: 44977 | U4: Yes | V4: No | W4: 46802 | Z4: 0 | AA4: 0 | AC4: 0 | AD4: 0 | AE4: 0.862423 | AI4: Primary | AJ4: High
A5: 198010 | B5: 198010 | C5: CIS | D5: SG-015 | E5: €5m - Housing Development | F5: Rathkeale | G5: Adare-Rathkeale | H5: Outside city neighbourhoods | I5: 52.557513 | J5: -8.7986152 | K5: 31 | L5: 25–49 | M5: Apartments | N5: Part 8 / council | O5: Public – local authority | P5: Public | Q5: Permission Granted | R5: Not started – permission live | S5: 43759 | T5: 43857 | U5: No | V5: No | Z5: 0 | AA5: 0 | AC5: 0 | AD5: 0 | AE5: 0.26830938 | AI5: Primary | AJ5: High
A6: 24352 | B6: 24352 | C6: CIS | D6: P-1366163 | E6: €7.3m - Residential Development | F6: Other County Limerick | G6: Adare-Rathkeale | H6: Outside city neighbourhoods | I6: 52.649054 | J6: -8.8667748 | K6: 30 | L6: 25–49 | M6: Houses | N6: Standard planning application | O6: Private | P6: Private | Q6: On Site | R6: Under construction | S6: 45547 | T6: 45917 | U6: Yes | V6: No | W6: 47742 | X6: 46013 | Y6: Commencement notice | Z6: 1 | AA6: 30 | AC6: 0 | AD6: 0 | AE6: 1.0130048 | AF6: 0.26283368 | AI6: Primary | AJ6: High
A7: 2660779 | B7: 2660779 | C7: CIS | D7: P-1444384 | E7: €8.6m - Staff Accommodation/8Apartments, Adare | F7: Adare | G7: Adare-Rathkeale | H7: Outside city neighbourhoods | I7: 52.561726 | J7: -8.7657741 | K7: 28 | L7: 25–49 | M7: Apartments | N7: Standard planning application | O7: Private | P7: Private | Q7: Permission Granted | R7: Not started – permission live | S7: 46212 | T7: 46267 | U7: No | V7: No | W7: 48093 | Z7: 0 | AA7: 0 | AC7: 0 | AD7: 0 | AE7: 0.15058179 | AI7: Primary | AJ7: High
A8: 2360793 | B8: 2360793 | C8: CIS | D8: SG-015 | E8: €6.1m - Residential Development, Adare | F8: Rathkeale | G8: Adare-Rathkeale | H8: Outside city neighbourhoods | I8: 52.558434 | J8: -8.7997018 | K8: 28 | L8: 25–49 | M8: Mixed | N8: Standard planning application | O8: Private | P8: Private | Q8: Permission Granted | R8: Not started – permission live | S8: 45231 | T8: 45737 | U8: No | V8: Yes | W8: 47562 | Z8: 0 | AA8: 0 | AC8: 0 | AD8: 0 | AE8: 1.3853525 | AI8: Additional phase | AJ8: Medium
A9: 2460304 | B9: 2460304 | C9: CIS | D9: SG-015 | E9: €6.2m - Residential Development, Adare | F9: Rathkeale | G9: Adare-Rathkeale | H9: Outside city neighbourhoods | I9: 52.560608 | J9: -8.7983532 | K9: 25 | L9: 25–49 | M9: Houses | N9: Standard planning application | O9: Private | P9: Private | Q9: Permission Granted | R9: Not started – permission live | S9: 45391 | T9: 45737 | U9: No | V9: Yes | W9: 47562 | Z9: 0 | AA9: 0 | AC9: 0 | AD9: 0 | AE9: 0.94729637 | AI9: Additional phase | AJ9: Medium
A10: 198005 | B10: 198005 | C10: CIS | D10: P-1058813 | E10: €1.7m - Residential Development | F10: Other County Limerick | G10: Adare-Rathkeale | H10: Outside city neighbourhoods | I10: 52.523142 | J10: -8.7171557 | K10: 16 | L10: 10–24 | M10: Mixed | N10: Part 8 / council | O10: Public – approved housing body | P10: Public | Q10: Complete | R10: Complete | S10: 43668 | T10: 44498 | U10: No | V10: No | X10: 45313 | Y10: Commencement notice | Z10: 1 | AA10: 16 | AB10: 46013 | AC10: 1 | AD10: 1 | AE10: 2.2724162 | AF10: 2.2313484 | AG10: 1.9164956 | AH10: 8.3485714 | AI10: Primary | AJ10: High | AL10: CIS | AM10: 1927 | AN10: CAS AHB Construction | AO10: Completed | AP10: Q4-2025 | AQ10: Construction
A11: 19552 | B11: 19552 | C11: CIS | D11: P-1051821 | E11: €2m - Apartment Development | F11: Other County Limerick | G11: Adare-Rathkeale | H11: Outside city neighbourhoods | I11: 52.524713 | J11: -8.7145002 | K11: 14 | L11: 10–24 | M11: Apartments | N11: Standard planning application | O11: Private | P11: Private | Q11: Permission Granted | R11: Not started – permission live | S11: 43623 | T11: 44148 | U11: Yes | V11: Yes | W11: 47070 | Z11: 0 | AA11: 0 | AC11: 0 | AD11: 0 | AE11: 1.4373717 | AI11: Primary | AJ11: High
A12: 20525 | B12: 20525 | C12: Register only (private, not in CIS) | E12: Register: the construction of 14 dwelling houses, including 2 no semi-detached 2 | F12: Croom | G12: Adare-Rathkeale | H12: Outside city neighbourhoods | I12: 52.523083 | J12: -8.7188044 | K12: 14 | L12: 10–24 | M12: Houses | N12: Standard planning application | O12: Private | P12: Private | Q12: Permission Granted | R12: Not started – permission live | S12: 44001 | T12: 44532 | U12: Yes | V12: Yes | W12: 46357 | Z12: 0 | AA12: 0 | AC12: 0 | AD12: 0 | AE12: 1.4537988 | AI12: Primary
A13: Part 8 - 1345677 | B13: Part 8 - 1345677 | C13: CIS | D13: P-1345677 | E13: €1.5m - New Traveller Welfare Units, Hillview Park | F13: Rathkeale | G13: Adare-Rathkeale | H13: Outside city neighbourhoods | I13: 52.52642 | J13: -8.9374848 | K13: 11 | L13: 10–24 | M13: Unknown | N13: Part 8 / council | O13: Public – local authority | P13: Public | Q13: On Site | R13: Under construction | S13: 45527 | U13: No | V13: No | X13: 45614 | Y13: CIS start date | Z13: 0 | AA13: 0 | AC13: 0 | AD13: 0 | AI13: Primary | AJ13: High
A14: 2560977 | B14: 2560977 | C14: CIS | D14: P-1424781 | E14: €2.7m - Self Catering Accommodation Lodges, Adare | F14: Rathkeale | G14: Adare-Rathkeale | H14: Outside city neighbourhoods | I14: 52.554604 | J14: -8.7893973 | K14: 10 | L14: 10–24 | M14: Houses | N14: Standard planning application | O14: Private | P14: Private | Q14: On Site | R14: Under construction | S14: 45926 | T14: 46104 | U14: Yes | V14: No | W14: 47929 | X14: 46174 | Y14: Commencement notice | Z14: 1 | AA14: 0 | AC14: 0 | AD14: 0 | AE14: 0.48733744 | AF14: 0.19164956 | AI14: Primary | AJ14: High
A15: 24151 | B15: 24151 | C15: Register only (private, not in CIS) | E15: Register: the construction of 10 dwelling units to include 2 no. detached 5 bedr | F15: Croom | G15: Adare-Rathkeale | H15: Outside city neighbourhoods | I15: 52.51598 | J15: -8.7204716 | K15: 10 | L15: 10–24 | M15: Houses | N15: Standard planning application | O15: Private | P15: Private | Q15: Permission Granted | R15: Not started – permission live | S15: 45394 | T15: 45672 | U15: Yes | V15: No | W15: 47497 | Z15: 0 | AA15: 0 | AC15: 0 | AD15: 0 | AE15: 0.76112252 | AI15: Primary
A16: 20314 | B16: 20314 | C16: CIS | D16: P-1098119 | E16: €1.1m - 6 Houses | F16: Adare | G16: Adare-Rathkeale | H16: Outside city neighbourhoods | I16: 52.58449 | J16: -8.7687836 | K16: 6 | L16: 1–9 | M16: Houses | N16: Standard planning application | O16: Private | P16: Private | Q16: On Site | R16: Under construction | S16: 43935 | T16: 44054 | U16: No | V16: No | W16: 45879 | X16: 44539 | Y16: Commencement notice | Z16: 1 | AA16: 6 | AC16: 0 | AD16: 0 | AE16: 0.32580424 | AF16: 1.3278576 | AI16: Primary | AJ16: High
A17: 201101 | B17: 201101 | C17: CIS | D17: P-1130829 | E17: €1m - 5 Houses | F17: Adare | G17: Adare-Rathkeale | H17: Outside city neighbourhoods | I17: 52.555542 | J17: -8.7931992 | K17: 5 | L17: 1–9 | M17: Houses | N17: Standard planning application | O17: Private | P17: Private | Q17: On Site | R17: Under construction | S17: 44133 | T17: 44333 | U17: No | V17: Yes | W17: 45428 | X17: 45554 | Y17: CIS start date | Z17: 0 | AA17: 0 | AC17: 0 | AD17: 0 | AE17: 0.54757016 | AF17: 3.3429158 | AI17: Primary | AJ17: High
A18: 197016 | B18: 197016 | C18: CIS | D18: P-1053166 | E18: €800k - Residential Development, Ballingarry | F18: Other County Limerick | G18: Adare-Rathkeale | H18: Outside city neighbourhoods | I18: 52.476141 | J18: -8.8677338 | K18: 4 | L18: 1–9 | M18: Houses | N18: Standard planning application | O18: Private | P18: Private | Q18: On Site | R18: Under construction | S18: 43629 | T18: 43711 | U18: Yes | V18: No | W18: 45501 | X18: 44427 | Y18: Commencement notice | Z18: 3 | AA18: 3 | AC18: 0 | AD18: 0 | AE18: 0.22450376 | AF18: 1.9603012 | AI18: Extension of duration (parent not in CIS) | AJ18: Low
A19: 2360207 | B19: 2360207 | C19: CIS | D19: P-1283723 | E19: €680k - 3 Houses | F19: Other County Limerick | G19: Adare-Rathkeale | H19: Outside city neighbourhoods | I19: 52.595345 | J19: -9.1866288 | K19: 3 | L19: 1–9 | M19: Houses | N19: Standard planning application | O19: Private | P19: Private | Q19: Permission Granted | R19: Not started – past expiry | S19: 45026 | T19: 45187 | U19: Yes | V19: No | W19: 46282 | Z19: 0 | AA19: 0 | AC19: 0 | AD19: 0 | AE19: 0.44079398 | AI19: Primary | AJ19: High
A20: 2460299 | B20: 2460299 | C20: CIS | D20: P-1339954 | E20: €884k - 3 Houses | F20: Other County Limerick | G20: Adare-Rathkeale | H20: Outside city neighbourhoods | I20: 52.459563 | J20: -8.7608001 | K20: 3 | L20: 1–9 | M20: Houses | N20: Standard planning application | O20: Private | P20: Private | Q20: Permission Granted | R20: Not started – permission live | S20: 45387 | T20: 45475 | U20: No | V20: No | W20: 47300 | Z20: 0 | AA20: 0 | AC20: 0 | AD20: 0 | AE20: 0.24093087 | AI20: Primary | AJ20: High
A21: 2360794 | B21: 2360794 | C21: CIS | D21: P-1316492 | E21: €15.3m - Residential Development, Bruff | F21: Bruff | G21: Cappamore-Kilmallock | H21: Outside city neighbourhoods | I21: 52.472417 | J21: -8.5493436 | K21: 74 | L21: 50–99 | M21: Houses | N21: Standard planning application | O21: Private | P21: Private | Q21: Permission Granted | R21: Not started – permission live | S21: 45231 | T21: 45419 | U21: Yes | V21: No | W21: 47244 | Z21: 0 | AA21: 0 | AC21: 0 | AD21: 0 | AE21: 0.51471595 | AI21: Primary | AJ21: High | AK21: Site for sale / sold
A22: 2460788 | B22: 2460788 | C22: CIS | D22: P-1360674 | E22: €7.4m - Residential Development, Kilmallock | F22: Kilmallock | G22: Cappamore-Kilmallock | H22: Outside city neighbourhoods | I22: 52.39729 | J22: -8.5779289 | K22: 42 | L22: 25–49 | M22: Mixed | N22: Standard planning application | O22: Private | P22: Private | Q22: On Site | R22: Under construction | S22: 45510 | T22: 45853 | U22: Yes | V22: No | W22: 47678 | X22: 46118 | Y22: Commencement notice | Z22: 1 | AA22: 28 | AC22: 0 | AD22: 0 | AE22: 0.93908282 | AF22: 0.72553046 | AI22: Primary | AJ22: High
A23: 191298 | B23: 191298 | C23: CIS | D23: P-1084266 | E23: €5.6m - Housing Development | F23: Other County Limerick | G23: Cappamore-Kilmallock | H23: Outside city neighbourhoods | I23: 52.650553 | J23: -8.3967629 | K23: 32 | L23: 25–49 | M23: Houses | N23: Standard planning application | O23: Private | P23: Private | Q23: Stalled or Suspended | R23: Not started – permission live | S23: 43822 | T23: 44161 | U23: Yes | V23: No | W23: 47082 | Z23: 0 | AA23: 0 | AC23: 0 | AD23: 0 | AE23: 0.92813142 | AI23: Primary | AJ23: High | AK23: On hold / no movement
A24: 2326 | B24: 2326 | C24: CIS | D24: P-1266613 | E24: €6.3m - Housing Development, Kilmallock | F24: Kilmallock | G24: Cappamore-Kilmallock | H24: Outside city neighbourhoods | I24: 52.402655 | J24: -8.5838068 | K24: 28 | L24: 25–49 | M24: Houses | N24: Standard planning application | O24: Private | P24: Private | Q24: On Site | R24: Under construction | S24: 44944 | T24: 45320 | U24: Yes | V24: No | W24: 47146 | X24: 46109 | Y24: Commencement notice | Z24: 1 | AA24: 28 | AC24: 0 | AD24: 0 | AE24: 1.0294319 | AF24: 2.1601643 | AI24: Primary | AJ24: High
A25: 2461182 | B25: 2461182 | C25: CIS | D25: P-1379266 | E25: €5.4m - Residential Development | F25: Other County Limerick | G25: Cappamore-Kilmallock | H25: Outside city neighbourhoods | I25: 52.605077 | J25: -8.2511879 | K25: 27 | L25: 25–49 | M25: Mixed | N25: Standard planning application | O25: Private | P25: Private | Q25: Permission Granted | R25: Not started – permission live | S25: 45625 | T25: 46111 | U25: Yes | V25: Yes | W25: 47936 | Z25: 0 | AA25: 0 | AC25: 0 | AD25: 0 | AE25: 1.3305955 | AI25: Primary | AJ25: High
A26: 23529 | B26: 23529 | C26: CIS | D26: P-1317302 | E26: €4.4m - Housing Development | F26: Cappamore | G26: Cappamore-Kilmallock | H26: Outside city neighbourhoods | I26: 52.612409 | J26: -8.3357647 | K26: 22 | L26: 10–24 | M26: Houses | N26: Standard planning application | O26: Private | P26: Private | Q26: On Site | R26: Under construction | S26: 45237 | T26: 45538 | U26: Yes | V26: No | W26: 47363 | X26: 45939 | Y26: Commencement notice | Z26: 1 | AA26: 22 | AC26: 0 | AD26: 0 | AE26: 0.82409309 | AF26: 1.0978782 | AI26: Primary | AJ26: High
A27: 19149 | B27: 19149 | C27: CIS | D27: U-1034286 | E27: €567k - Change of Use to Care Residential Units | F27: Other County Limerick | G27: Cappamore-Kilmallock | H27: Outside city neighbourhoods | I27: 52.603895 | J27: -8.244808 | K27: 21 | L27: 10–24 | M27: Apartments | N27: Standard planning application | O27: Public – approved housing body | P27: Public | Q27: Tender | R27: Not started – past expiry | S27: 43516 | T27: 43719 | U27: Yes | V27: No | W27: 45545 | Z27: 0 | AA27: 0 | AC27: 0 | AD27: 0 | AE27: 0.55578371 | AI27: Primary | AJ27: High | AM27: 1937 | AN27: CAS AHB Construction | AO27: Stage 3 Pre-Tender Design | AP27: Q2-2024 | AQ27: Construction
A28: 188002 | B28: 188002 | C28: CIS | D28: P-981494 | E28: €1.9m - Residential Development | F28: Other County Limerick | G28: Cappamore-Kilmallock | H28: Outside city neighbourhoods | I28: 52.472518 | J28: -8.4303433 | K28: 20 | L28: 10–24 | M28: Apartments | N28: Part 8 / council | O28: Public – local authority | P28: Public | Q28: Complete | R28: Complete | S28: 43174 | T28: 43234 | U28: No | V28: No | X28: 43908 | Y28: Commencement notice | Z28: 1 | AA28: 20 | AB28: 45274 | AC28: 1 | AD28: 1 | AE28: 0.16427105 | AF28: 1.8453114 | AG28: 3.7399042 | AH28: 5.3477306 | AI28: Primary | AJ28: High | AL28: CIS | AM28: 1819 | AN28: SHIP LA Construction | AO28: Completed | AP28: Q4-2023 | AQ28: Construction
A29: Part 8 - 1392454 | B29: Part 8 - 1392454 | C29: CIS | D29: P-1392454 | E29: €5.9m - Residential Development, Bruff | F29: Bruff | G29: Cappamore-Kilmallock | H29: Outside city neighbourhoods | I29: 52.475549 | J29: -8.5474034 | K29: 18 | L29: 10–24 | M29: Unknown | N29: Part 8 / council | O29: Public – local authority | P29: Public | Q29: On Site | R29: Under construction | S29: 45477 | T29: 45569 | U29: No | V29: No | X29: 46150 | Y29: CIS start date | Z29: 0 | AA29: 0 | AC29: 0 | AD29: 0 | AE29: 0.25188227 | AF29: 1.5906913 | AI29: Primary | AJ29: High | AM29: 1831 | AN29: SHIP LA Construction | AO29: Stage 4 Tender Report / Final Turnkey or CALF Approval | AP29: Q4-2025 | AQ29: Construction
A30: 221352 | B30: 221352 | C30: CIS | D30: SG-030 | E30: €5.5m - Housing Development, Cappamore | F30: Cappamore | G30: Cappamore-Kilmallock | H30: Outside city neighbourhoods | I30: 52.615676 | J30: -8.3431937 | K30: 17 | L30: 10–24 | M30: Houses | N30: Standard planning application | O30: Public – approved housing body | P30: Public | Q30: Complete | R30: Complete | S30: 44910 | T30: 45118 | U30: Yes | V30: No | W30: 46944 | X30: 45734 | Y30: Commencement notice | Z30: 1 | AA30: 17 | AB30: 46244 | AC30: 1 | AD30: 1 | AE30: 0.56947296 | AF30: 1.6865161 | AG30: 1.3963039 | AH30: 12.175 | AI30: Primary | AJ30: High | AL30: CIS | AM30: 1714 | AN30: CALF Construction | AO30: On Site | AP30: Q1-2025 | AQ30: Construction
A31: 211170 | B31: 211170 | C31: CIS | D31: P-1184979 | E31: €3m - Modifications to Housing Development, Kilfinane | F31: Other County Limerick | G31: Cappamore-Kilmallock | H31: Outside city neighbourhoods | I31: 52.358135 | J31: -8.4627718 | K31: 14 | L31: 10–24 | M31: Houses | N31: Standard planning application | O31: Public – local authority | P31: Public | Q31: On Site | R31: Under construction | S31: 44425 | T31: 44820 | U31: Yes | V31: No | W31: 46645 | X31: 45404 | Y31: Commencement notice | Z31: 1 | AA31: 1 | AC31: 0 | AD31: 0 | AE31: 1.0814511 | AF31: 1.5989049 | AI31: Primary | AJ31: High | AM31: 1812 | AN31: SHIP LA Turnkey | AO31: Stage 4 Tender Report / Final Turnkey or CALF Approval | AP31: Q1-2026 | AQ31: Turnkey
A32: 198007 | B32: 198007 | C32: CIS | D32: P-1065269 | E32: €1.4m - Housing Development | F32: Other County Limerick | G32: Cappamore-Kilmallock | H32: Outside city neighbourhoods | I32: 52.43691 | J32: -8.4080414 | K32: 12 | L32: 10–24 | M32: Unknown | N32: Part 8 / council | O32: Public – local authority | P32: Public | Q32: Complete | R32: Complete | S32: 43710 | T32: 43784 | U32: No | V32: No | X32: 44421 | Y32: Commencement notice | Z32: 1 | AA32: 12 | AB32: 45337 | AC32: 1 | AD32: 1 | AE32: 0.20260096 | AF32: 1.744011 | AG32: 2.5078713 | AH32: 4.7849345 | AI32: Primary | AJ32: High | AL32: CIS | AM32: 1821 | AN32: SHIP LA Construction | AO32: Completed | AP32: Q4-2022 | AQ32: Construction
A33: 19872 | B33: 19872 | C33: CIS | D33: P-1065293 | E33: €1.3m - Care Residential Units | F33: Cappamore | G33: Cappamore-Kilmallock | H33: Outside city neighbourhoods | I33: 52.612941 | J33: -8.3334135 | K33: 10 | L33: 10–24 | M33: Apartments | N33: Standard planning application | O33: Private | P33: Private | Q33: On Site | R33: Under construction | S33: 43710 | T33: 43886 | U33: Yes | V33: No | W33: 45712 | X33: 45420 | Y33: Commencement notice | Z33: 1 | AA33: 10 | AC33: 0 | AD33: 0 | AE33: 0.48186174 | AF33: 4.1998631 | AI33: Primary | AJ33: High
A34: 218013 | B34: 218013 | C34: CIS | D34: P-1205019 | E34: €3m - Housing Development | F34: Other County Limerick | G34: Cappamore-Kilmallock | H34: Outside city neighbourhoods | I34: 52.359072 | J34: -8.4736504 | K34: 10 | L34: 10–24 | M34: Unknown | N34: Part 8 / council | O34: Public – local authority | P34: Public | Q34: Complete | R34: Complete | S34: 44540 | T34: 44629 | U34: No | V34: No | X34: 45370 | Y34: Commencement notice | Z34: 1 | AA34: 10 | AB34: 46155 | AC34: 1 | AD34: 2 | AE34: 0.24366872 | AF34: 2.0287474 | AG34: 2.1492129 | AH34: 4.6528662 | AI34: Primary | AJ34: High | AL34: CIS | AM34: 1829 | AN34: SHIP LA Construction | AO34: Completed | AP34: Q4-2025 | AQ34: Construction
A35: 2148 | B35: 2148 | C35: CIS | D35: P-1144674 | E35: €1.9m - Change of Use to 9 Apartments, St. Paul's Convent | F35: Other County Limerick | G35: Cappamore-Kilmallock | H35: Outside city neighbourhoods | I35: 52.360612 | J35: -8.4700482 | K35: 9 | L35: 1–9 | M35: Apartments | N35: Standard planning application | O35: Public – approved housing body | P35: Public | Q35: Complete | R35: Complete | S35: 44215 | T35: 44475 | U35: Yes | V35: No | W35: 46300 | X35: 45250 | Y35: Commencement notice | Z35: 1 | AA35: 9 | AB35: 45950 | AC35: 1 | AD35: 1 | AE35: 0.7118412 | AF35: 2.1218344 | AG35: 1.9164956 | AH35: 4.6960714 | AI35: Primary | AJ35: High | AL35: CIS | AM35: 1931 | AN35: CAS AHB Construction | AO35: Completed | AP35: Q4-2024 | AQ35: Construction
A36: 21550 | B36: 21550 | C36: CIS | D36: P-1164066 | E36: €1.9m - 9 Houses | F36: Caherconlish | G36: Cappamore-Kilmallock | H36: Outside city neighbourhoods | I36: 52.595383 | J36: -8.4712455 | K36: 9 | L36: 1–9 | M36: Houses | N36: Standard planning application | O36: Private | P36: Private | Q36: Complete | R36: Complete | S36: 44314 | T36: 44615 | U36: Yes | V36: No | W36: 46440 | X36: 45393 | Y36: Commencement notice | Z36: 1 | AA36: 7 | AB36: 46195 | AC36: 1 | AD36: 3 | AE36: 0.82409309 | AF36: 2.1300479 | AG36: 2.1957563 | AH36: 4.0988155 | AI36: Primary | AJ36: High | AL36: CIS
A37: 228000 | B37: 228000 | C37: CIS | D37: P-1213266 | E37: €2.5m - 9 Houses | F37: Other County Limerick | G37: Cappamore-Kilmallock | H37: Outside city neighbourhoods | I37: 52.368832 | J37: -8.3446032 | K37: 9 | L37: 1–9 | M37: Houses | N37: Part 8 / council | O37: Public – local authority | P37: Public | Q37: On Site | R37: Under construction | S37: 44596 | T37: 44658 | U37: No | V37: No | X37: 45769 | Y37: Commencement notice | Z37: 1 | AA37: 9 | AC37: 0 | AD37: 0 | AE37: 0.16974675 | AF37: 3.0417522 | AI37: Additional application on site | AJ37: Low | AM37: 1828 | AN37: SHIP LA Construction | AO37: Stage 4 Tender Report / Final Turnkey or CALF Approval | AP37: Q1-2025 | AQ37: Construction
A38: 2560947 | B38: 2560947 | C38: CIS | D38: P-1414007 | E38: €1m - 8 Houses, Bruff | F38: Bruff | G38: Cappamore-Kilmallock | H38: Outside city neighbourhoods | I38: 52.476941 | J38: -8.5370467 | K38: 8 | L38: 1–9 | M38: Houses | N38: Standard planning application | O38: Private | P38: Private | Q38: Permission Granted | R38: Not started – permission live | S38: 45919 | T38: 46267 | U38: Yes | V38: No | W38: 48093 | Z38: 0 | AA38: 0 | AC38: 0 | AD38: 0 | AE38: 0.95277207 | AI38: Primary | AJ38: High
A39: 2360393 | B39: 2360393 | C39: CIS | D39: SG-016 | E39: €604k - 8 Residential Units | F39: Other County Limerick | G39: Cappamore-Kilmallock | H39: Outside city neighbourhoods | I39: 52.437319 | J39: -8.4085515 | K39: 8 | L39: 1–9 | M39: Houses | N39: Standard planning application | O39: Private | P39: Private | Q39: Complete | R39: Complete | S39: 45085 | T39: 45265 | U39: Yes | V39: No | W39: 47091 | X39: 45565 | Y39: Commencement notice | Z39: 1 | AA39: 4 | AB39: 46251 | AC39: 1 | AD39: 4 | AE39: 0.49281314 | AF39: 0.82135524 | AG39: 1.8781656 | AH39: 4.2594752 | AI39: Additional application on site | AJ39: Low | AL39: CIS
A40: 2461101 | B40: 2461101 | C40: CIS | D40: SG-030 | E40: €1.4m - 7 Houses | F40: Cappamore | G40: Cappamore-Kilmallock | H40: Outside city neighbourhoods | I40: 52.615241 | J40: -8.3441163 | K40: 7 | L40: 1–9 | M40: Houses | N40: Standard planning application | O40: Private | P40: Private | Q40: Permission Granted | R40: Not started – permission live | S40: 45603 | T40: 45868 | U40: Yes | V40: No | W40: 47042 | Z40: 0 | AA40: 0 | AC40: 0 | AD40: 0 | AE40: 0.72553046 | AI40: Replaces earlier | AJ40: Medium
A41: 2360798 | B41: 2360798 | C41: CIS | D41: SG-033 | E41: €1.2m - 6 Houses | F41: Other County Limerick | G41: Cappamore-Kilmallock | H41: Outside city neighbourhoods | I41: 52.434756 | J41: -8.4094577 | K41: 6 | L41: 1–9 | M41: Houses | N41: Standard planning application | O41: Private | P41: Private | Q41: On Site | R41: Under construction | S41: 45232 | T41: 45596 | U41: Yes | V41: No | W41: 47421 | X41: 45845 | Y41: Commencement notice | Z41: 2 | AA41: 6 | AC41: 0 | AD41: 0 | AE41: 0.99657769 | AF41: 0.68172485 | AI41: Additional phase | AJ41: Medium
A42: 19233 | B42: 19233 | C42: CIS | D42: P-1036712 | E42: €931k - 5 Houses | F42: Kilmallock | G42: Cappamore-Kilmallock | H42: Outside city neighbourhoods | I42: 52.401713 | J42: -8.5787066 | K42: 5 | L42: 1–9 | M42: Houses | N42: Standard planning application | O42: Private | P42: Private | Q42: Complete | R42: Complete | S42: 43536 | T42: 43892 | U42: Yes | V42: Yes | W42: 45717 | X42: 45401 | Y42: Commencement notice | Z42: 1 | AA42: 5 | AB42: 46000 | AC42: 1 | AD42: 3 | AE42: 0.97467488 | AF42: 4.1314168 | AG42: 1.6399726 | AH42: 3.0488314 | AI42: Primary | AJ42: High | AL42: CIS
A43: 21240 | B43: 21240 | C43: CIS | D43: P-1152091 | E43: €561k - Main Street Housing Development, Ballylanders | F43: Other County Limerick | G43: Cappamore-Kilmallock | H43: Outside city neighbourhoods | I43: 52.371808 | J43: -8.3478474 | K43: 5 | L43: 1–9 | M43: Houses | N43: Standard planning application | O43: Public – local authority | P43: Public | Q43: Complete | R43: Complete | S43: 44256 | T43: 44698 | U43: Yes | V43: Yes | W43: 46523 | X43: 45128 | Y43: Commencement notice | Z43: 1 | AA43: 5 | AB43: 45611 | AC43: 1 | AD43: 2 | AE43: 1.21013 | AF43: 1.1772758 | AG43: 1.3223819 | AH43: 3.7810559 | AI43: Primary | AJ43: High | AL43: Department social housing report | AM43: 1804 | AN43: SHIP LA Turnkey | AO43: Completed | AP43: Q4-2024 | AQ43: Turnkey
A44: 191184 | B44: 191184 | C44: CIS | D44: SG-016 | E44: €790k - 5 Houses | F44: Other County Limerick | G44: Cappamore-Kilmallock | H44: Outside city neighbourhoods | I44: 52.436972 | J44: -8.4094658 | K44: 5 | L44: 1–9 | M44: Houses | N44: Standard planning application | O44: Private | P44: Private | Q44: Commencement Expected | R44: Under construction | S44: 43798 | T44: 44040 | U44: Yes | V44: No | W44: 45865 | X44: 44321 | Y44: Commencement notice | Z44: 3 | AA44: 5 | AC44: 3 | AD44: 3 | AE44: 0.66255989 | AF44: 0.76933607 | AI44: Additional application on site | AJ44: Low
A45: 2560211 | B45: 2560211 | C45: CIS | D45: P-1395070 | E45: €800k - 4 Apartments | F45: Other County Limerick | G45: Cappamore-Kilmallock | H45: Outside city neighbourhoods | I45: 52.65247 | J45: -8.3986815 | K45: 4 | L45: 1–9 | M45: Apartments | N45: Standard planning application | O45: Private | P45: Private | Q45: On Site | R45: Under construction | S45: 45731 | T45: 45818 | U45: No | V45: No | W45: 47643 | X45: 46102 | Y45: Commencement notice | Z45: 1 | AA45: 4 | AC45: 0 | AD45: 0 | AE45: 0.23819302 | AF45: 0.77754962 | AI45: Primary | AJ45: High
A46: 2360546 | B46: 2360546 | C46: CIS | D46: SG-033 | E46: €686k - 4 Dwellings | F46: Other County Limerick | G46: Cappamore-Kilmallock | H46: Outside city neighbourhoods | I46: 52.434972 | J46: -8.4096432 | K46: 4 | L46: 1–9 | M46: Apartments | N46: Standard planning application | O46: Private | P46: Private | Q46: Complete | R46: Complete | S46: 45138 | T46: 45223 | U46: No | V46: No | W46: 47049 | X46: 45315 | Y46: Commencement notice | Z46: 2 | AA46: 4 | AB46: 45960 | AC46: 2 | AD46: 4 | AE46: 0.23271732 | AF46: 0.25188227 | AG46: 1.7659138 | AH46: 2.2651163 | AI46: Primary | AJ46: High | AL46: CIS
A47: Part 8 - 1378805 | B47: Part 8 - 1378805 | C47: CIS | D47: U-1378805 | E47: €800k - Housing Development | F47: Other County Limerick | G47: Cappamore-Kilmallock | H47: Outside city neighbourhoods | I47: 52.400183 | J47: -8.2967428 | K47: 4 | L47: 1–9 | M47: Unknown | N47: Part 8 / council | O47: Public – local authority | P47: Public | Q47: Plans Submitted | R47: In planning | S47: 45618 | U47: No | V47: No | Z47: 0 | AA47: 0 | AC47: 0 | AD47: 0 | AI47: Primary | AJ47: High
A48: 2360148 | B48: 2360148 | C48: CIS | D48: P-1278179 | E48: €1.5m - 3 Community Houses | F48: Other County Limerick | G48: Cappamore-Kilmallock | H48: Outside city neighbourhoods | I48: 52.564107 | J48: -8.3378872 | K48: 3 | L48: 1–9 | M48: Houses | N48: Standard planning application | O48: Private | P48: Private | Q48: Complete | R48: Complete | S48: 45000 | T48: 45232 | U48: Yes | V48: No | W48: 47058 | X48: 45530 | Y48: Commencement notice | Z48: 1 | AA48: 0 | AB48: 45981 | AC48: 1 | AD48: 3 | AE48: 0.63518138 | AF48: 0.81587953 | AG48: 1.2347707 | AH48: 2.4296009 | AI48: Additional application on site | AJ48: Low | AL48: CIS
A49: 15577 | B49: 15577 | C49: CIS | D49: U-837963 | E49: €588k - 3 Houses | F49: Other County Limerick | G49: Cappamore-Kilmallock | H49: Outside city neighbourhoods | I49: 52.564175 | J49: -8.3381718 | K49: 3 | L49: 1–9 | M49: Houses | N49: Part 8 / council | O49: Public – local authority | P49: Public | Q49: Tender | R49: Not started – permission live | S49: 42208 | T49: 42256 | U49: No | V49: No | Z49: 0 | AA49: 0 | AC49: 0 | AD49: 0 | AE49: 0.13141684 | AI49: Primary | AJ49: High
A50: 191255 | B50: 191255 | C50: CIS | D50: P-1081912 | E50: €572k - Residential Development, Kilmallock | F50: Kilmallock | G50: Cappamore-Kilmallock | H50: Outside city neighbourhoods | I50: 52.478772 | J50: -8.547611 | K50: 2 | L50: 1–9 | M50: Houses | N50: Standard planning application | O50: Private | P50: Private | Q50: Complete | R50: Complete | S50: 43816 | T50: 43908 | U50: No | V50: No | W50: 45733 | X50: 44678 | Y50: Commencement notice | Z50: 1 | AA50: 2 | AB50: 45646 | AC50: 1 | AD50: 1 | AE50: 0.25188227 | AF50: 2.1081451 | AG50: 2.6502396 | AH50: 0.75464876 | AI50: Primary | AJ50: High | AL50: CIS
A51: 20341 | B51: 20341 | C51: CIS | D51: P-1099323 | E51: €574k - Extension to Pub | F51: Other County Limerick | G51: Cappamore-Kilmallock | H51: Outside city neighbourhoods | I51: 52.412188 | J51: -8.3793282 | K51: 1 | L51: 1–9 | M51: Unknown | N51: Standard planning application | O51: Private | P51: Private | Q51: Permission Granted | R51: Not started – past expiry | S51: 43948 | T51: 44098 | U51: Yes | V51: No | W51: 45923 | Z51: 0 | AA51: 0 | AC51: 0 | AD51: 0 | AE51: 0.41067762 | AI51: Primary | AJ51: High
A52: 2660241 | B52: 2660241 | C52: CIS | D52: P-1446288 | E52: €125.6m - Large Residential Development, Castletroy | F52: Limerick City and Suburbs | G52: Limerick City East | H52: Castletroy/Annacotty | I52: 52.664122 | J52: -8.5618067 | K52: 523 | L52: 100+ | M52: Apartments | N52: LRD | O52: Private | P52: Private | Q52: Permission Granted | R52: Not started – permission live | S52: 46085 | T52: 46140 | U52: No | V52: No | W52: 48092 | Z52: 0 | AA52: 0 | AC52: 0 | AD52: 0 | AE52: 0.15058179 | AI52: Primary | AJ52: High
A53: 2660089 | B53: 2660089 | C53: CIS | D53: P-1423228 | E53: €42m - Large Residential Development, Castletroy | F53: Limerick City and Suburbs | G53: Limerick City East | H53: Castletroy/Annacotty | I53: 52.65686 | J53: -8.573673 | K53: 465 | L53: 100+ | M53: Student | N53: LRD | O53: Private | P53: Private | Q53: Permission Granted | R53: Not started – permission live | S53: 46052 | T53: 46225 | U53: No | V53: Yes | W53: 48050 | Z53: 0 | AA53: 0 | AC53: 0 | AD53: 0 | AE53: 0.47364819 | AI53: Primary | AJ53: High
A54: 2660603 | B54: 2660603 | C54: CIS | D54: P-1437215 | E54: €84m - Parkway Valley LRD, Singland | F54: Other County Limerick | G54: Limerick City East | H54: Southhill | I54: 52.660173 | J54: -8.5885499 | K54: 403 | L54: 100+ | M54: Apartments | N54: LRD | O54: Private | P54: Private | Q54: Permission Granted | R54: Not started – permission live | S54: 46170 | T54: 46225 | U54: No | V54: No | W54: 48051 | Z54: 0 | AA54: 0 | AC54: 0 | AD54: 0 | AE54: 0.15058179 | AI54: Primary | AJ54: High
A55: 2660275 | B55: 2660275 | C55: CIS | D55: P-1428325 | E55: €42m - Large Residential Development,Limerick | F55: Limerick City and Suburbs | G55: Limerick City East | H55: Castletroy/Annacotty | I55: 52.655611 | J55: -8.5815955 | K55: 212 | L55: 100+ | M55: Mixed | N55: LRD | O55: Private | P55: Private | Q55: Permission Granted | R55: Not started – permission live | S55: 46092 | T55: 46288 | U55: Yes | V55: No | W55: 48113 | Z55: 0 | AA55: 0 | AC55: 0 | AD55: 0 | AE55: 0.53661875 | AI55: Primary | AJ55: High
A56: ABPREF307631 | B56: ABPREF307631 | C56: CIS | D56: SG-019 | E56: €44m - Residential Development, Castletroy | F56: Limerick City and Suburbs | G56: Limerick City East | H56: Castletroy/Annacotty | I56: 52.666776 | J56: -8.5493676 | K56: 200 | L56: 100+ | M56: Mixed | N56: SHD (An Bord Pleanála) | O56: Private | P56: Private | Q56: Complete | R56: Complete | S56: 44029 | T56: 44137 | U56: No | V56: No | W56: 45962 | X56: 44803 | Y56: Commencement notice | Z56: 10 | AA56: 143 | AB56: 45555 | AC56: 15 | AD56: 23 | AE56: 0.29568789 | AF56: 1.8234086 | AG56: 2.0588638 | AH56: 97.140957 | AI56: Primary | AJ56: High | AL56: CIS
A57: 2560113 | B57: 2560113 | C57: CIS | D57: P-1389800 | E57: €87m - Student Accommodation, Castletroy | F57: Limerick City and Suburbs | G57: Limerick City East | H57: Castletroy/Annacotty | I57: 52.663812 | J57: -8.5802422 | K57: 196 | L57: 100+ | M57: Student | N57: LRD | O57: Private | P57: Private | Q57: Commencement Expected | R57: Not started – permission live | S57: 45700 | T57: 45959 | U57: Yes | V57: No | W57: 47784 | Z57: 0 | AA57: 0 | AC57: 0 | AD57: 0 | AE57: 0.70910335 | AI57: Primary | AJ57: High
A58: ABPREF309999 | B58: ABPREF309999 | C58: CIS | D58: P-1163033 | E58: €30m - Residential Development, Annacotty | F58: Annacotty | G58: Limerick City East | H58: Castletroy/Annacotty | I58: 52.667419 | J58: -8.5353203 | K58: 137 | L58: 100+ | M58: Mixed | N58: SHD (An Bord Pleanála) | O58: Private | P58: Private | Q58: Permission Granted | R58: Not started – past expiry | S58: 44307 | T58: 44413 | U58: No | V58: No | W58: 46238 | Z58: 0 | AA58: 0 | AC58: 0 | AD58: 0 | AE58: 0.29021218 | AI58: Primary | AJ58: High | AK58: On hold / no movement
A59: 18434 | B59: 18434 | C59: CIS | D59: SG-005 | E59: €10m - Residential Development, Singland | F59: Other County Limerick | G59: Limerick City East | H59: Southhill | I59: 52.657529 | J59: -8.5869116 | K59: 133 | L59: 100+ | M59: Mixed | N59: Standard planning application | O59: Private | P59: Private | Q59: Complete | R59: Complete | S59: 43224 | T59: 43410 | U59: Yes | V59: No | W59: 45235 | X59: 44004 | Y59: Commencement notice | Z59: 8 | AA59: 104 | AB59: 45834 | AC59: 11 | AD59: 29 | AE59: 0.50924025 | AF59: 1.6262834 | AG59: 5.0102669 | AH59: 26.545492 | AI59: Primary | AJ59: High | AL59: CIS
A60: 2360842 | B60: 2360842 | C60: CIS | D60: U-1319159 | E60: €22m - Golf Links Road LRD, Monaleen | F60: Limerick City and Suburbs | G60: Limerick City East | H60: Castletroy/Annacotty | I60: 52.652714 | J60: -8.5604119 | K60: 122 | L60: 100+ | M60: Mixed | N60: LRD | O60: Private | P60: Private | Q60: On Site | R60: Under construction | S60: 45247 | T60: 45435 | U60: No | V60: Yes | W60: 47260 | X60: 45646 | Y60: Commencement notice | Z60: 7 | AA60: 113 | AC60: 0 | AD60: 0 | AE60: 0.51471595 | AF60: 0.57768652 | AI60: Primary | AJ60: High
A61: 2560271 | B61: 2560271 | C61: CIS | D61: SG-002 | E61: €21m - Residential Development, Castletroy | F61: Limerick City and Suburbs | G61: Limerick City East | H61: Castletroy/Annacotty | I61: 52.663118 | J61: -8.5648997 | K61: 114 | L61: 100+ | M61: Mixed | N61: LRD | O61: Private | P61: Private | Q61: Permission Granted | R61: Not started – permission live | S61: 45749 | T61: 46127 | U61: Yes | V61: Yes | W61: 47952 | Z61: 0 | AA61: 0 | AC61: 0 | AD61: 0 | AE61: 1.0349076 | AI61: Additional application on site | AJ61: Low
A62: 211152 | B62: 211152 | C62: CIS | D62: SG-008 | E62: €16.6m - Residential Development, Castletroy | F62: Limerick City and Suburbs | G62: Limerick City East | H62: Castletroy/Annacotty | I62: 52.662201 | J62: -8.5449258 | K62: 105 | L62: 100+ | M62: Mixed | N62: Standard planning application | O62: Private | P62: Private | Q62: Complete | R62: Complete | S62: 44420 | T62: 44671 | U62: Yes | V62: No | W62: 46496 | X62: 45393 | Y62: Commencement notice | Z62: 5 | AA62: 105 | AB62: 46156 | AC62: 17 | AD62: 17 | AE62: 0.68720055 | AF62: 1.9767283 | AG62: 2.0889802 | AH62: 50.263761 | AI62: Additional application on site | AJ62: Low | AL62: CIS
A63: 181104 | B63: 181104 | C63: CIS | D63: SG-008 | E63: €11.8m - Residential Development, Castletroy | F63: Limerick City and Suburbs | G63: Limerick City East | H63: Castletroy/Annacotty | I63: 52.661493 | J63: -8.5462056 | K63: 99 | L63: 50–99 | M63: Apartments | N63: Standard planning application | O63: Private | P63: Private | Q63: Part Complete | R63: Under construction | S63: 43418 | T63: 43620 | U63: Yes | V63: No | W63: 46540 | X63: 45114 | Y63: Commencement notice | Z63: 2 | AA63: 63 | AC63: 7 | AD63: 29 | AE63: 0.55304586 | AF63: 4.0903491 | AI63: Additional application on site | AJ63: Low
A64: 211400 | B64: 211400 | C64: CIS | D64: SG-008 | E64: €21m - Newtow Meadows Development, Phase 4, Castletroy | F64: Limerick City and Suburbs | G64: Limerick City East | H64: Castletroy/Annacotty | I64: 52.66157 | J64: -8.5440265 | K64: 98 | L64: 50–99 | M64: Mixed | N64: Standard planning application | O64: Private | P64: Private | Q64: Commencement Expected | R64: Under construction | S64: 44477 | T64: 44721 | U64: Yes | V64: No | W64: 46546 | X64: 45474 | Y64: Commencement notice | Z64: 1 | AA64: 8 | AC64: 4 | AD64: 4 | AE64: 0.66803559 | AF64: 2.0616016 | AI64: Additional application on site | AJ64: Low
A65: 191236 | B65: 191236 | C65: CIS | D65: SG-008 | E65: €16m - Housing Development | F65: Limerick City and Suburbs | G65: Limerick City East | H65: Castletroy/Annacotty | I65: 52.663151 | J65: -8.5466171 | K65: 92 | L65: 50–99 | M65: Apartments | N65: Standard planning application | O65: Private | P65: Private | Q65: Complete | R65: Complete | S65: 43811 | T65: 44259 | U65: Yes | V65: No | W65: 46084 | X65: 44866 | Y65: Commencement notice | Z65: 5 | AA65: 70 | AB65: 46157 | AC65: 11 | AD65: 23 | AE65: 1.2265572 | AF65: 1.6618754 | AG65: 3.5345654 | AH65: 26.02866 | AI65: Additional application on site | AJ65: Low | AL65: CIS
A66: 19547 | B66: 19547 | C66: CIS | D66: SG-008 | E66: €18m - Residential Development, Castletroy | F66: Limerick City and Suburbs | G66: Limerick City East | H66: Castletroy/Annacotty | I66: 52.661838 | J66: -8.543067 | K66: 90 | L66: 50–99 | M66: Apartments | N66: Standard planning application | O66: Private | P66: Private | Q66: Commencement Expected | R66: Under construction | S66: 43622 | T66: 43979 | U66: Yes | V66: Yes | W66: 45804 | X66: 44707 | Y66: Commencement notice | Z66: 5 | AA66: 62 | AC66: 8 | AD66: 13 | AE66: 0.97741273 | AF66: 1.9931554 | AI66: Additional application on site | AJ66: Low
A67: 2560399 | B67: 2560399 | C67: CIS | D67: P-1402906 | E67: €16.4m - Residential Development | F67: Annacotty | G67: Limerick City East | H67: Castletroy/Annacotty | I67: 52.665745 | J67: -8.5338826 | K67: 76 | L67: 50–99 | M67: Mixed | N67: Standard planning application | O67: Private | P67: Private | Q67: Permission Granted | R67: Not started – permission live | S67: 45779 | T67: 46216 | U67: Yes | V67: Yes | W67: 48041 | Z67: 1 | AA67: 11 | AC67: 0 | AD67: 0 | AE67: 1.1964408 | AI67: Primary | AJ67: High
A68: 2360866 | B68: 2360866 | C68: CIS | D68: P-1320420 | E68: €16.8m - Residential Development, Castleconnell | F68: Castleconnell | G68: Limerick City East | H68: Outside city neighbourhoods | I68: 52.711209 | J68: -8.4953409 | K68: 74 | L68: 50–99 | M68: Houses | N68: Standard planning application | O68: Private | P68: Private | Q68: On Site | R68: Under construction | S68: 45254 | T68: 45455 | U68: Yes | V68: No | W68: 47280 | X68: 45657 | Y68: Commencement notice | Z68: 3 | AA68: 58 | AC68: 0 | AD68: 0 | AE68: 0.55030801 | AF68: 0.55304586 | AI68: Primary | AJ68: High
A69: 201074 | B69: 201074 | C69: CIS | D69: P-1129627 | E69: €13m - Residential Development, Castletroy | F69: Limerick City and Suburbs | G69: Limerick City East | H69: Castletroy/Annacotty | I69: 52.661353 | J69: -8.5733551 | K69: 62 | L69: 50–99 | M69: Apartments | N69: Standard planning application | O69: Private | P69: Private | Q69: On Site | R69: Under construction | S69: 44126 | T69: 44322 | U69: Yes | V69: No | W69: 46147 | X69: 45078 | Y69: Commencement notice | Z69: 6 | AA69: 63 | AC69: 7 | AD69: 14 | AE69: 0.53661875 | AF69: 2.0698152 | AI69: Primary | AJ69: High
A70: 21350 | B70: 21350 | C70: CIS | D70: SG-008 | E70: €14m - Residential Development,Castletroy | F70: Limerick City and Suburbs | G70: Limerick City East | H70: Castletroy/Annacotty | I70: 52.660815 | J70: -8.5467484 | K70: 62 | L70: 50–99 | M70: Mixed | N70: Standard planning application | O70: Private | P70: Private | Q70: On Site | R70: Under construction | S70: 44277 | T70: 44533 | U70: Yes | V70: No | W70: 46358 | X70: 44645 | Y70: Commencement notice | Z70: 2 | AA70: 24 | AC70: 6 | AD70: 11 | AE70: 0.7008898 | AF70: 0.30663929 | AI70: Replaces earlier | AJ70: Medium
A71: 258328 | B71: 258328 | C71: CIS | D71: U-1425841 | E71: €14m - Residential Development, Limerick | F71: Limerick City and Suburbs | G71: Limerick City East | H71: Southhill | I71: 52.647254 | J71: -8.6222003 | K71: 57 | L71: 50–99 | M71: Mixed | N71: Part 8 / council | O71: Public – local authority | P71: Public | Q71: Plans Submitted | R71: In planning | S71: 46010 | U71: No | V71: No | Z71: 0 | AA71: 0 | AC71: 0 | AD71: 0 | AI71: Primary | AJ71: High
A72: 21580 | B72: 21580 | C72: CIS | D72: U-1164424 | E72: €9.6m - Residential Development | F72: Limerick City and Suburbs | G72: Limerick City East | H72: Singland/Garryowen | I72: 52.661374 | J72: -8.5993881 | K72: 55 | L72: 50–99 | M72: Mixed | N72: Standard planning application | O72: Private | P72: Private | Q72: Contract Awarded | R72: Not started – permission live | S72: 44316 | T72: 45790 | U72: Yes | V72: Yes | W72: 47615 | Z72: 0 | AA72: 0 | AC72: 0 | AD72: 0 | AE72: 4.0355921 | AI72: Primary | AJ72: High
A73: 187031 | B73: 187031 | C73: CIS | D73: SG-009 | E73: €11m - Residential Development, Castletroy | F73: Limerick City and Suburbs | G73: Limerick City East | H73: Castletroy/Annacotty | I73: 52.667058 | J73: -8.5442178 | K73: 54 | L73: 50–99 | M73: Apartments | N73: Standard planning application | O73: Private | P73: Private | Q73: On Site | R73: Under construction | S73: 43341 | T73: 43396 | U73: No | V73: No | W73: 44561 | X73: 44298 | Y73: CIS start date | Z73: 0 | AA73: 0 | AC73: 0 | AD73: 0 | AE73: 0.15058179 | AF73: 2.4695414 | AI73: Extension of duration (parent not in CIS) | AJ73: Low
A74: 181243 | B74: 181243 | C74: CIS | D74: SG-007 | E74: €6.4m - Residential Development, Crossagalla | F74: Kilmallock | G74: Limerick City East | H74: Southhill | I74: 52.645019 | J74: -8.5838204 | K74: 53 | L74: 50–99 | M74: Houses | N74: Standard planning application | O74: Private | P74: Private | Q74: Complete | R74: Complete | S74: 43453 | T74: 43712 | U74: Yes | V74: No | W74: 45538 | X74: 44314 | Y74: Commencement notice | Z74: 3 | AA74: 53 | AB74: 45392 | AC74: 28 | AD74: 50 | AE74: 0.70910335 | AF74: 1.6481862 | AG74: 2.9514031 | AH74: 17.95756 | AI74: Additional application on site | AJ74: Low | AL74: CIS
A75: 19518 | B75: 19518 | C75: CIS | D75: SG-010 | E75: €11m - Mixed Use Development, Castleconnell | F75: Castleconnell | G75: Limerick City East | H75: Outside city neighbourhoods | I75: 52.710517 | J75: -8.5017002 | K75: 51 | L75: 50–99 | M75: Houses | N75: Standard planning application | O75: Private | P75: Private | Q75: On Site | R75: Under construction | S75: 43613 | T75: 44186 | U75: Yes | V75: Yes | W75: 46011 | X75: 44575 | Y75: Commencement notice | Z75: 1 | AA75: 51 | AC75: 7 | AD75: 17 | AE75: 1.5687885 | AF75: 1.065024 | AI75: Primary | AJ75: High
A76: 22950 | B76: 22950 | C76: CIS | D76: P-1247398 | E76: €13.9m - Lidl Mixed Use Development , Ballysimon | F76: Limerick City and Suburbs | G76: Limerick City East | H76: Castletroy/Annacotty | I76: 52.655428 | J76: -8.5791364 | K76: 48 | L76: 25–49 | M76: Apartments | N76: Standard planning application | O76: Private | P76: Private | Q76: On Site | R76: Under construction | S76: 44804 | T76: 45174 | U76: Yes | V76: No | W76: 47000 | X76: 45488 | Y76: Commencement notice | Z76: 2 | AA76: 0 | AC76: 1 | AD76: 1 | AE76: 1.0130048 | AF76: 0.85968515 | AI76: Primary | AJ76: High
A77: 188007 | B77: 188007 | C77: CIS | D77: P-998747 | E77: €8.9m - Residential Development | F77: Other County Limerick | G77: Limerick City East | H77: Southhill | I77: 52.646202 | J77: -8.6266265 | K77: 43 | L77: 25–49 | M77: Houses | N77: Part 8 / council | O77: Public – local authority | P77: Public | Q77: Complete | R77: Complete | S77: 43279 | T77: 43355 | U77: No | V77: No | X77: 43951 | Y77: Commencement notice | Z77: 4 | AA77: 37 | AB77: 44457 | AC77: 6 | AD77: 7 | AE77: 0.20807666 | AF77: 1.6317591 | AG77: 1.3853525 | AH77: 31.039032 | AI77: Primary | AJ77: High | AL77: CIS
A78: 18698 | B78: 18698 | C78: CIS | D78: SG-008 | E78: €4.6m - Residential Development | F78: Limerick City and Suburbs | G78: Limerick City East | H78: Castletroy/Annacotty | I78: 52.662221 | J78: -8.5494036 | K78: 38 | L78: 25–49 | M78: Houses | N78: Standard planning application | O78: Private | P78: Private | Q78: Complete | R78: Complete | S78: 43287 | T78: 43425 | U78: Yes | V78: No | W78: 47141 | X78: 43726 | Y78: Commencement notice | Z78: 2 | AA78: 38 | AB78: 44237 | AC78: 7 | AD78: 14 | AE78: 0.37782341 | AF78: 0.82409309 | AG78: 1.3990418 | AH78: 27.161448 | AI78: Primary | AJ78: High | AL78: CIS
A79: 181270 | B79: 181270 | C79: CIS | D79: SG-005 | E79: €5.8m - Housing Development | F79: Other County Limerick | G79: Limerick City East | H79: Southhill | I79: 52.657186 | J79: -8.5850325 | K79: 37 | L79: 25–49 | M79: Mixed | N79: Standard planning application | O79: Public – approved housing body | P79: Public | Q79: Complete | R79: Complete | S79: 43454 | T79: 43614 | U79: Yes | V79: No | W79: 45440 | X79: 44341 | Y79: Commencement notice | Z79: 3 | AA79: 31 | AB79: 44880 | AC79: 4 | AD79: 9 | AE79: 0.43805613 | AF79: 1.9904175 | AG79: 1.4757016 | AH79: 25.07282 | AI79: Additional application on site | AJ79: Low | AL79: Department social housing report | AM79: 1682 | AN79: CALF Turnkey | AO79: Completed | AP79: Q4-2022 | AQ79: Turnkey
A80: 1855 | B80: 1855 | C80: CIS | D80: SG-002 | E80: €4.8m - Residential Development, Castletroy | F80: Limerick City and Suburbs | G80: Limerick City East | H80: Castletroy/Annacotty | I80: 52.662944 | J80: -8.5659998 | K80: 32 | L80: 25–49 | M80: Houses | N80: Standard planning application | O80: Private | P80: Private | Q80: Commencement Expected | R80: Under construction | S80: 43123 | T80: 43285 | U80: Yes | V80: No | W80: 45110 | X80: 43320 | Y80: Commencement notice | Z80: 8 | AA80: 79 | AC80: 29 | AD80: 31 | AE80: 0.44353183 | AF80: 0.095824778 | AI80: Primary | AJ80: High
A81: 2560151 | B81: 2560151 | C81: CIS | D81: U-1391659 | E81: €6.2m - Residential Development, Limerick | F81: Limerick City and Suburbs | G81: Limerick City East | H81: Singland/Garryowen | I81: 52.65693 | J81: -8.5895196 | K81: 31 | L81: 25–49 | M81: Mixed | N81: Standard planning application | O81: Private | P81: Private | Q81: Contract Awarded | R81: Under construction | S81: 45712 | T81: 45988 | U81: Yes | V81: No | W81: 47813 | X81: 46154 | Y81: Commencement notice | Z81: 3 | AA81: 31 | AC81: 0 | AD81: 0 | AE81: 0.75564682 | AF81: 0.45448323 | AI81: Primary | AJ81: High
A82: 181105 | B82: 181105 | C82: CIS | D82: SG-008 | E82: €2.3m - Housing Development | F82: Limerick City and Suburbs | G82: Limerick City East | H82: Castletroy/Annacotty | I82: 52.662711 | J82: -8.5484616 | K82: 23 | L82: 10–24 | M82: Apartments | N82: Standard planning application | O82: Private | P82: Private | Q82: Part Complete | R82: Under construction | S82: 43418 | T82: 43727 | U82: Yes | V82: Yes | W82: 45553 | X82: 45113 | Y82: Commencement notice | Z82: 5 | AA82: 82 | AC82: 9 | AD82: 43 | AE82: 0.84599589 | AF82: 3.7946612 | AI82: Additional application on site | AJ82: Low
A83: 211475 | B83: 211475 | C83: CIS | D83: SG-019 | E83: €4.9m - Residential Development, Castletroy | F83: Limerick City and Suburbs | G83: Limerick City East | H83: Castletroy/Annacotty | I83: 52.665415 | J83: -8.5472076 | K83: 23 | L83: 10–24 | M83: Houses | N83: Standard planning application | O83: Private | P83: Private | Q83: On Site | R83: Under construction | S83: 44491 | T83: 44684 | U83: Yes | V83: No | W83: 46509 | X83: 44788 | Y83: Commencement notice | Z83: 1 | AA83: 23 | AC83: 1 | AD83: 5 | AE83: 0.5284052 | AF83: 0.28473648 | AI83: Additional application on site | AJ83: Low
A84: 201320 | B84: 201320 | C84: CIS | D84: SG-009 | E84: €3.7m - Residential Development, Newcastle | F84: Limerick City and Suburbs | G84: Limerick City East | H84: Castletroy/Annacotty | I84: 52.666516 | J84: -8.5444057 | K84: 21 | L84: 10–24 | M84: Unknown | N84: Standard planning application | O84: Private | P84: Private | Q84: Complete | R84: Complete | S84: 44175 | T84: 44313 | U84: Yes | V84: No | W84: 46138 | X84: 44587 | Y84: Commencement notice | Z84: 1 | AA84: 21 | AB84: 44895 | AC84: 2 | AD84: 14 | AE84: 0.37782341 | AF84: 0.75017112 | AG84: 0.84325804 | AH84: 24.903409 | AI84: Additional application on site | AJ84: Low | AL84: CIS
A85: 211257 | B85: 211257 | C85: CIS | D85: P-1188558 | E85: €1.8m - Social Housing Development, Limerick | F85: Limerick City and Suburbs | G85: Limerick City East | H85: Singland/Garryowen | I85: 52.654748 | J85: -8.6021321 | K85: 15 | L85: 10–24 | M85: Apartments | N85: Standard planning application | O85: Public – approved housing body | P85: Public | Q85: Complete | R85: Complete | S85: 44448 | T85: 45194 | U85: Yes | V85: Yes | W85: 47020 | X85: 45343 | Y85: Commencement notice | Z85: 1 | AA85: 15 | AB85: 45817 | AC85: 1 | AD85: 15 | AE85: 2.0424367 | AF85: 0.40793977 | AG85: 1.2977413 | AH85: 11.558544 | AI85: Primary | AJ85: High | AL85: CIS | AM85: 1680 | AN85: CALF Turnkey | AO85: Completed | AP85: Q4-2025 | AQ85: Turnkey
A86: 2360263 | B86: 2360263 | C86: CIS | D86: P-1286254 | E86: €3.8m - Housing Development, Castletroy | F86: Limerick City and Suburbs | G86: Limerick City East | H86: Castletroy/Annacotty | I86: 52.664864 | J86: -8.5584594 | K86: 14 | L86: 10–24 | M86: Houses | N86: Standard planning application | O86: Private | P86: Private | Q86: Part Complete | R86: Under construction | S86: 45041 | T86: 45223 | U86: Yes | V86: No | W86: 47049 | X86: 45348 | Y86: Commencement notice | Z86: 1 | AA86: 13 | AC86: 2 | AD86: 1 | AE86: 0.49828884 | AF86: 0.34223135 | AI86: Primary | AJ86: High
A87: Part 8 - 1363543 | B87: Part 8 - 1363543 | C87: CIS | D87: P-1363543 | E87: €4m - Housing Development | F87: Other County Limerick | G87: Limerick City East | H87: Southhill | I87: 52.645513 | J87: -8.6157724 | K87: 14 | L87: 10–24 | M87: Unknown | N87: Part 8 / council | O87: Public – local authority | P87: Public | Q87: Complete | R87: Complete | S87: 45292 | T87: 45413 | U87: No | V87: No | X87: 45527 | Y87: CIS start date | Z87: 0 | AA87: 0 | AB87: 46106 | AC87: 0 | AD87: 0 | AE87: 0.33127995 | AF87: 0.31211499 | AG87: 1.5852156 | AH87: 8.8316062 | AI87: Primary | AJ87: High | AL87: CIS
A88: 2460030 | B88: 2460030 | C88: CIS | D88: SG-010 | E88: €2.9m - Residential Development | F88: Castleconnell | G88: Limerick City East | H88: Outside city neighbourhoods | I88: 52.709129 | J88: -8.5027472 | K88: 14 | L88: 10–24 | M88: Houses | N88: Standard planning application | O88: Private | P88: Private | Q88: Permission Granted | R88: Not started – permission live | S88: 45309 | T88: 45728 | U88: Yes | V88: Yes | W88: 47553 | Z88: 0 | AA88: 0 | AC88: 0 | AD88: 0 | AE88: 1.1471595 | AI88: Additional application on site | AJ88: Low
A89: 22394 | B89: 22394 | C89: CIS | D89: P-1223809 | E89: €2.9m - Housing Development, Castleconnell | F89: Other County Limerick | G89: Limerick City East | H89: Outside city neighbourhoods | I89: 52.71302 | J89: -8.4961456 | K89: 13 | L89: 10–24 | M89: Houses | N89: Standard planning application | O89: Private | P89: Private | Q89: Complete | R89: Complete | S89: 44658 | T89: 44861 | U89: Yes | V89: No | W89: 46686 | X89: 44902 | Y89: Commencement notice | Z89: 1 | AA89: 13 | AB89: 45260 | AC89: 4 | AD89: 13 | AE89: 0.55578371 | AF89: 0.11225188 | AG89: 0.98015058 | AH89: 13.263268 | AI89: Primary | AJ89: High | AL89: CIS
A90: 178017 | B90: 178017 | C90: Register only (Part 8, not in CIS) | E90: Part 8: (a) Provision of 13 no. residential terraced units (11 no. two storey | F90: Limerick City and Suburbs | G90: Limerick City East | H90: City Centre | I90: 52.65428 | J90: -8.6178669 | K90: 13 | L90: 10–24 | M90: Apartments | N90: Part 8 / council | O90: Public – local authority | P90: Public | Q90: Commenced (building control) | R90: Under construction | S90: 43082 | U90: No | V90: No | X90: 43600 | Y90: Commencement notice | Z90: 1 | AA90: 13 | AC90: 1 | AD90: 6 | AI90: Primary
A91: 198009 | B91: 198009 | C91: CIS | D91: P-1071780 | E91: €1.8m - Housing Development | F91: Other County Limerick | G91: Limerick City East | H91: Outside city neighbourhoods | I91: 52.750932 | J91: -8.4934079 | K91: 12 | L91: 10–24 | M91: Houses | N91: Part 8 / council | O91: Public – local authority | P91: Public | Q91: Permission Granted | R91: Not started – permission live | S91: 43752 | T91: 43811 | U91: No | V91: No | Z91: 0 | AA91: 0 | AC91: 0 | AD91: 0 | AE91: 0.1615332 | AI91: Primary | AJ91: High
A92: 18496 | B92: 18496 | C92: CIS | D92: P-991834 | E92: €1.3m - Housing Development | F92: Annacotty | G92: Limerick City East | H92: Castletroy/Annacotty | I92: 52.65968 | J92: -8.5387126 | K92: 12 | L92: 10–24 | M92: Houses | N92: Standard planning application | O92: Private | P92: Private | Q92: Complete | R92: Complete | S92: 43241 | T92: 43487 | U92: Yes | V92: No | W92: 45312 | X92: 43689 | Y92: Commencement notice | Z92: 2 | AA92: 12 | AB92: 44344 | AC92: 6 | AD92: 12 | AE92: 0.67351129 | AF92: 0.55304586 | AG92: 1.7932923 | AH92: 6.6916031 | AI92: Primary | AJ92: High | AL92: CIS
A93: 2460468 | B93: 2460468 | C93: CIS | D93: SG-007 | E93: €3.6m - Housing/Creche Development, Crossagalla | F93: Kilmallock | G93: Limerick City East | H93: Southhill | I93: 52.64409 | J93: -8.5879091 | K93: 12 | L93: 10–24 | M93: Houses | N93: Standard planning application | O93: Private | P93: Private | Q93: On Site | R93: Under construction | S93: 45429 | T93: 45589 | U93: Yes | V93: No | W93: 47414 | X93: 45665 | Y93: Commencement notice | Z93: 1 | AA93: 12 | AC93: 0 | AD93: 0 | AE93: 0.43805613 | AF93: 0.20807666 | AI93: Additional application on site | AJ93: Low
A94: 197025 | B94: 197025 | C94: CIS | D94: SG-014 | E94: Housing Development | F94: Limerick City and Suburbs | G94: Limerick City East | H94: Castletroy/Annacotty | I94: 52.655342 | J94: -8.5670222 | K94: 12 | L94: 10–24 | M94: Houses | N94: Standard planning application | O94: Private | P94: Private | Q94: Permission Granted | R94: Not started – past expiry | S94: 43775 | T94: 43868 | U94: Yes | V94: No | W94: 45627 | Z94: 0 | AA94: 0 | AC94: 0 | AD94: 0 | AE94: 0.25462012 | AI94: Extension of duration (parent not in CIS) | AJ94: Low
C95: CIS | D95: U-1419395 | E95: €2.1m - Part 8 Residential Development, Limerick | F95: Kilmallock | G95: Limerick City East | H95: Southhill | I95: 52.648907 | J95: -8.5979347 | K95: 12 | L95: 10–24 | M95: Unknown | N95: Part 8 / council | O95: Public – local authority | P95: Public | Q95: Plans Submitted | R95: In planning | S95: 46006 | U95: No | V95: No | Z95: 0 | AA95: 0 | AC95: 0 | AD95: 0 | AI95: Primary | AJ95: High | AM95: 1843 | AN95: SHIP LA Construction | AO95: Stage 2 Pre-Planning | AP95: Q2-2025 | AQ95: Construction
A96: 188010 | B96: 188010 | C96: CIS | D96: P-999958 | E96: €2.2m - Residential Development | F96: Other County Limerick | G96: Limerick City East | H96: City Centre | I96: 52.656205 | J96: -8.6230305 | K96: 11 | L96: 10–24 | M96: Unknown | N96: Part 8 / council | O96: Public – local authority | P96: Public | Q96: Complete | R96: Complete | S96: 43290 | T96: 43343 | U96: No | V96: No | X96: 43874 | Y96: Commencement notice | Z96: 1 | AA96: 11 | AB96: 44251 | AC96: 1 | AD96: 1 | AE96: 0.14510609 | AF96: 1.4537988 | AG96: 1.0321697 | AH96: 10.657162 | AI96: Primary | AJ96: High | AL96: CIS
A97: 2560778 | B97: 2560778 | C97: CIS | D97: U-1412257 | E97: €1.2m - 10 Houses, Crossagalla | F97: Kilmallock | G97: Limerick City East | H97: Southhill | I97: 52.650319 | J97: -8.5996732 | K97: 10 | L97: 10–24 | M97: Houses | N97: Standard planning application | O97: Private | P97: Private | Q97: Contract Awarded | R97: Not started – permission live | S97: 45876 | T97: 46077 | U97: Yes | V97: No | W97: 47902 | Z97: 0 | AA97: 0 | AC97: 0 | AD97: 0 | AE97: 0.55030801 | AI97: Primary | AJ97: High
A98: 191037 | B98: 191037 | C98: CIS | D98: SG-014 | E98: €2.3m - 8 Residential Units | F98: Limerick City and Suburbs | G98: Limerick City East | H98: Castletroy/Annacotty | I98: 52.653593 | J98: -8.5651562 | K98: 8 | L98: 1–9 | M98: Houses | N98: Standard planning application | O98: Private | P98: Private | Q98: On Site | R98: Under construction | S98: 43756 | T98: 44117 | U98: Yes | V98: Yes | W98: 45942 | X98: 45400 | Y98: Commencement notice | Z98: 1 | AA98: 6 | AC98: 0 | AD98: 0 | AE98: 0.98836413 | AF98: 3.5126626 | AI98: Primary | AJ98: High
A99: 248132 | B99: 248132 | C99: CIS | D99: P-1360553 | E99: €1.4m - 6 Houses, Annacotty | F99: Annacotty | G99: Limerick City East | H99: Castletroy/Annacotty | I99: 52.668944 | J99: -8.5314134 | K99: 6 | L99: 1–9 | M99: Houses | N99: Part 8 / council | O99: Public – local authority | P99: Public | Q99: On Site | R99: Under construction | S99: 45510 | T99: 45630 | U99: No | V99: No | X99: 46155 | Y99: Commencement notice | Z99: 1 | AA99: 6 | AC99: 0 | AD99: 0 | AE99: 0.32854209 | AF99: 1.4373717 | AI99: Primary | AJ99: High | AM99: 1839 | AN99: SHIP LA Construction | AO99: Stage 4 Tender Report / Final Turnkey or CALF Approval | AP99: Q1-2026 | AQ99: Construction
A100: 187020 | B100: 187020 | C100: CIS | D100: P-997576 | E100: €1m - Residential Development | F100: Limerick City and Suburbs | G100: Limerick City East | H100: Castletroy/Annacotty | I100: 52.659716 | J100: -8.5495764 | K100: 6 | L100: 1–9 | M100: Houses | N100: Standard planning application | O100: Private | P100: Private | Q100: Complete | R100: Complete | S100: 43271 | T100: 43320 | U100: No | V100: No | W100: 45059 | X100: 43560 | Y100: Commencement notice | Z100: 1 | AA100: 6 | AB100: 43917 | AC100: 3 | AD100: 6 | AE100: 0.13415469 | AF100: 0.65708419 | AG100: 0.97741273 | AH100: 6.1386555 | AI100: Extension of duration (parent not in CIS) | AJ100: Low | AL100: CIS
...

Sheet Status (live)
A1: Units with permission by status and size band
A2: Size band | B2: Schemes | C2: Complete | D2: Under construction | E2: Not started – permission live | F2: Not started – past expiry | G2: Total units
A3: 1–9 | B3: =COUNTIFS(Schemes!$L$2:$L$266,$A3,Schemes!$R$2:$R$266,"<>In planning") -> 69 | C3: =SUMIFS(Schemes!$K$2:$K$266,Schemes!$L$2:$L$266,$A3,Schemes!$R$2:$R$266,"Complete") -> 110 | D3: =SUMIFS(Schemes!$K$2:$K$266,Schemes!$L$2:$L$266,$A3,Schemes!$R$2:$R$266,"Under construction") -> 154 | E3: =SUMIFS(Schemes!$K$2:$K$266,Schemes!$L$2:$L$266,$A3,Schemes!$R$2:$R$266,"Not started – permission live") -> 93 | F3: =SUMIFS(Schemes!$K$2:$K$266,Schemes!$L$2:$L$266,$A3,Schemes!$R$2:$R$266,"Not started – past expiry") -> 24 | G3: =SUM(C3:F3) -> 381
A4: 10–24 | B4: =COUNTIFS(Schemes!$L$2:$L$266,$A4,Schemes!$R$2:$R$266,"<>In planning") -> 69 | C4: =SUMIFS(Schemes!$K$2:$K$266,Schemes!$L$2:$L$266,$A4,Schemes!$R$2:$R$266,"Complete") -> 230 | D4: =SUMIFS(Schemes!$K$2:$K$266,Schemes!$L$2:$L$266,$A4,Schemes!$R$2:$R$266,"Under construction") -> 382 | E4: =SUMIFS(Schemes!$K$2:$K$266,Schemes!$L$2:$L$266,$A4,Schemes!$R$2:$R$266,"Not started – permission live") -> 396 | F4: =SUMIFS(Schemes!$K$2:$K$266,Schemes!$L$2:$L$266,$A4,Schemes!$R$2:$R$266,"Not started – past expiry") -> 101 | G4: =SUM(C4:F4) -> 1109
A5: 25–49 | B5: =COUNTIFS(Schemes!$L$2:$L$266,$A5,Schemes!$R$2:$R$266,"<>In planning") -> 47 | C5: =SUMIFS(Schemes!$K$2:$K$266,Schemes!$L$2:$L$266,$A5,Schemes!$R$2:$R$266,"Complete") -> 221 | D5: =SUMIFS(Schemes!$K$2:$K$266,Schemes!$L$2:$L$266,$A5,Schemes!$R$2:$R$266,"Under construction") -> 562 | E5: =SUMIFS(Schemes!$K$2:$K$266,Schemes!$L$2:$L$266,$A5,Schemes!$R$2:$R$266,"Not started – permission live") -> 745 | F5: =SUMIFS(Schemes!$K$2:$K$266,Schemes!$L$2:$L$266,$A5,Schemes!$R$2:$R$266,"Not started – past expiry") -> 49 | G5: =SUM(C5:F5) -> 1577
A6: 50–99 | B6: =COUNTIFS(Schemes!$L$2:$L$266,$A6,Schemes!$R$2:$R$266,"<>In planning") -> 36 | C6: =SUMIFS(Schemes!$K$2:$K$266,Schemes!$L$2:$L$266,$A6,Schemes!$R$2:$R$266,"Complete") -> 276 | D6: =SUMIFS(Schemes!$K$2:$K$266,Schemes!$L$2:$L$266,$A6,Schemes!$R$2:$R$266,"Under construction") -> 1456 | E6: =SUMIFS(Schemes!$K$2:$K$266,Schemes!$L$2:$L$266,$A6,Schemes!$R$2:$R$266,"Not started – permission live") -> 952 | F6: =SUMIFS(Schemes!$K$2:$K$266,Schemes!$L$2:$L$266,$A6,Schemes!$R$2:$R$266,"Not started – past expiry") -> 0 | G6: =SUM(C6:F6) -> 2684
A7: 100+ | B7: =COUNTIFS(Schemes!$L$2:$L$266,$A7,Schemes!$R$2:$R$266,"<>In planning") -> 23 | C7: =SUMIFS(Schemes!$K$2:$K$266,Schemes!$L$2:$L$266,$A7,Schemes!$R$2:$R$266,"Complete") -> 438 | D7: =SUMIFS(Schemes!$K$2:$K$266,Schemes!$L$2:$L$266,$A7,Schemes!$R$2:$R$266,"Under construction") -> 1510 | E7: =SUMIFS(Schemes!$K$2:$K$266,Schemes!$L$2:$L$266,$A7,Schemes!$R$2:$R$266,"Not started – permission live") -> 2957 | F7: =SUMIFS(Schemes!$K$2:$K$266,Schemes!$L$2:$L$266,$A7,Schemes!$R$2:$R$266,"Not started – past expiry") -> 137 | G7: =SUM(C7:F7) -> 5042
A8: All | B8: =SUM(B3:B7) -> 244 | C8: =SUM(C3:C7) -> 1275 | D8: =SUM(D3:D7) -> 4064 | E8: =SUM(E3:E7) -> 5143 | F8: =SUM(F3:F7) -> 311 | G8: =SUM(G3:G7) -> 10793
A11: Units with permission by status and LEA
A12: LEA | B12: Schemes | C12: Complete | D12: Under construction | E12: Not started – permission live | F12: Not started – past expiry | G12: Total units
A13: Limerick City East | B13: =COUNTIFS(Schemes!$G$2:$G$266,$A13,Schemes!$R$2:$R$266,"<>In planning") -> 56 | C13: =SUMIFS(Schemes!$K$2:$K$266,Schemes!$G$2:$G$266,$A13,Schemes!$R$2:$R$266,"Complete") -> 797 | D13: =SUMIFS(Schemes!$K$2:$K$266,Schemes!$G$2:$G$266,$A13,Schemes!$R$2:$R$266,"Under construction") -> 943 | E13: =SUMIFS(Schemes!$K$2:$K$266,Schemes!$G$2:$G$266,$A13,Schemes!$R$2:$R$266,"Not started – permission live") -> 2089 | F13: =SUMIFS(Schemes!$K$2:$K$266,Schemes!$G$2:$G$266,$A13,Schemes!$R$2:$R$266,"Not started – past expiry") -> 149 | G13: =SUM(C13:F13) -> 3978
A14: Limerick City North | B14: =COUNTIFS(Schemes!$G$2:$G$266,$A14,Schemes!$R$2:$R$266,"<>In planning") -> 48 | C14: =SUMIFS(Schemes!$K$2:$K$266,Schemes!$G$2:$G$266,$A14,Schemes!$R$2:$R$266,"Complete") -> 170 | D14: =SUMIFS(Schemes!$K$2:$K$266,Schemes!$G$2:$G$266,$A14,Schemes!$R$2:$R$266,"Under construction") -> 717 | E14: =SUMIFS(Schemes!$K$2:$K$266,Schemes!$G$2:$G$266,$A14,Schemes!$R$2:$R$266,"Not started – permission live") -> 793 | F14: =SUMIFS(Schemes!$K$2:$K$266,Schemes!$G$2:$G$266,$A14,Schemes!$R$2:$R$266,"Not started – past expiry") -> 16 | G14: =SUM(C14:F14) -> 1696
A15: Limerick City West | B15: =COUNTIFS(Schemes!$G$2:$G$266,$A15,Schemes!$R$2:$R$266,"<>In planning") -> 77 | C15: =SUMIFS(Schemes!$K$2:$K$266,Schemes!$G$2:$G$266,$A15,Schemes!$R$2:$R$266,"Complete") -> 182 | D15: =SUMIFS(Schemes!$K$2:$K$266,Schemes!$G$2:$G$266,$A15,Schemes!$R$2:$R$266,"Under construction") -> 1962 | E15: =SUMIFS(Schemes!$K$2:$K$266,Schemes!$G$2:$G$266,$A15,Schemes!$R$2:$R$266,"Not started – permission live") -> 1559 | F15: =SUMIFS(Schemes!$K$2:$K$266,Schemes!$G$2:$G$266,$A15,Schemes!$R$2:$R$266,"Not started – past expiry") -> 121 | G15: =SUM(C15:F15) -> 3824
A16: Adare-Rathkeale | B16: =COUNTIFS(Schemes!$G$2:$G$266,$A16,Schemes!$R$2:$R$266,"<>In planning") -> 19 | C16: =SUMIFS(Schemes!$K$2:$K$266,Schemes!$G$2:$G$266,$A16,Schemes!$R$2:$R$266,"Complete") -> 16 | D16: =SUMIFS(Schemes!$K$2:$K$266,Schemes!$G$2:$G$266,$A16,Schemes!$R$2:$R$266,"Under construction") -> 66 | E16: =SUMIFS(Schemes!$K$2:$K$266,Schemes!$G$2:$G$266,$A16,Schemes!$R$2:$R$266,"Not started – permission live") -> 335 | F16: =SUMIFS(Schemes!$K$2:$K$266,Schemes!$G$2:$G$266,$A16,Schemes!$R$2:$R$266,"Not started – past expiry") -> 3 | G16: =SUM(C16:F16) -> 420
A17: Cappamore-Kilmallock | B17: =COUNTIFS(Schemes!$G$2:$G$266,$A17,Schemes!$R$2:$R$266,"<>In planning") -> 30 | C17: =SUMIFS(Schemes!$K$2:$K$266,Schemes!$G$2:$G$266,$A17,Schemes!$R$2:$R$266,"Complete") -> 104 | D17: =SUMIFS(Schemes!$K$2:$K$266,Schemes!$G$2:$G$266,$A17,Schemes!$R$2:$R$266,"Under construction") -> 158 | E17: =SUMIFS(Schemes!$K$2:$K$266,Schemes!$G$2:$G$266,$A17,Schemes!$R$2:$R$266,"Not started – permission live") -> 151 | F17: =SUMIFS(Schemes!$K$2:$K$266,Schemes!$G$2:$G$266,$A17,Schemes!$R$2:$R$266,"Not started – past expiry") -> 22 | G17: =SUM(C17:F17) -> 435
A18: Newcastle West | B18: =COUNTIFS(Schemes!$G$2:$G$266,$A18,Schemes!$R$2:$R$266,"<>In planning") -> 19 | C18: =SUMIFS(Schemes!$K$2:$K$266,Schemes!$G$2:$G$266,$A18,Schemes!$R$2:$R$266,"Complete") -> 6 | D18: =SUMIFS(Schemes!$K$2:$K$266,Schemes!$G$2:$G$266,$A18,Schemes!$R$2:$R$266,"Under construction") -> 218 | E18: =SUMIFS(Schemes!$K$2:$K$266,Schemes!$G$2:$G$266,$A18,Schemes!$R$2:$R$266,"Not started – permission live") -> 216 | F18: =SUMIFS(Schemes!$K$2:$K$266,Schemes!$G$2:$G$266,$A18,Schemes!$R$2:$R$266,"Not started – past expiry") -> 0 | G18: =SUM(C18:F18) -> 440
A21: Units with permission by status and city neighbourhood
A22: Neighbourhood | B22: Schemes | C22: Complete | D22: Under construction | E22: Not started – permission live | F22: Not started – past expiry | G22: Total units
A23: City Centre | B23: =COUNTIFS(Schemes!$H$2:$H$266,$A23,Schemes!$R$2:$R$266,"<>In planning") -> 40 | C23: =SUMIFS(Schemes!$K$2:$K$266,Schemes!$H$2:$H$266,$A23,Schemes!$R$2:$R$266,"Complete") -> 83 | D23: =SUMIFS(Schemes!$K$2:$K$266,Schemes!$H$2:$H$266,$A23,Schemes!$R$2:$R$266,"Under construction") -> 127 | E23: =SUMIFS(Schemes!$K$2:$K$266,Schemes!$H$2:$H$266,$A23,Schemes!$R$2:$R$266,"Not started – permission live") -> 715 | F23: =SUMIFS(Schemes!$K$2:$K$266,Schemes!$H$2:$H$266,$A23,Schemes!$R$2:$R$266,"Not started – past expiry") -> 55 | G23: =SUM(C23:F23) -> 980
A24: Kings Island | B24: =COUNTIFS(Schemes!$H$2:$H$266,$A24,Schemes!$R$2:$R$266,"<>In planning") -> 2 | C24: =SUMIFS(Schemes!$K$2:$K$266,Schemes!$H$2:$H$266,$A24,Schemes!$R$2:$R$266,"Complete") -> 0 | D24: =SUMIFS(Schemes!$K$2:$K$266,Schemes!$H$2:$H$266,$A24,Schemes!$R$2:$R$266,"Under construction") -> 0 | E24: =SUMIFS(Schemes!$K$2:$K$266,Schemes!$H$2:$H$266,$A24,Schemes!$R$2:$R$266,"Not started – permission live") -> 50 | F24: =SUMIFS(Schemes!$K$2:$K$266,Schemes!$H$2:$H$266,$A24,Schemes!$R$2:$R$266,"Not started – past expiry") -> 0 | G24: =SUM(C24:F24) -> 50
A25: Corbally/Grove Island | B25: =COUNTIFS(Schemes!$H$2:$H$266,$A25,Schemes!$R$2:$R$266,"<>In planning") -> 4 | C25: =SUMIFS(Schemes!$K$2:$K$266,Schemes!$H$2:$H$266,$A25,Schemes!$R$2:$R$266,"Complete") -> 24 | D25: =SUMIFS(Schemes!$K$2:$K$266,Schemes!$H$2:$H$266,$A25,Schemes!$R$2:$R$266,"Under construction") -> 26 | E25: =SUMIFS(Schemes!$K$2:$K$266,Schemes!$H$2:$H$266,$A25,Schemes!$R$2:$R$266,"Not started – permission live") -> 40 | F25: =SUMIFS(Schemes!$K$2:$K$266,Schemes!$H$2:$H$266,$A25,Schemes!$R$2:$R$266,"Not started – past expiry") -> 0 | G25: =SUM(C25:F25) -> 90
A26: Singland/Garryowen | B26: =COUNTIFS(Schemes!$H$2:$H$266,$A26,Schemes!$R$2:$R$266,"<>In planning") -> 16 | C26: =SUMIFS(Schemes!$K$2:$K$266,Schemes!$H$2:$H$266,$A26,Schemes!$R$2:$R$266,"Complete") -> 22 | D26: =SUMIFS(Schemes!$K$2:$K$266,Schemes!$H$2:$H$266,$A26,Schemes!$R$2:$R$266,"Under construction") -> 146 | E26: =SUMIFS(Schemes!$K$2:$K$266,Schemes!$H$2:$H$266,$A26,Schemes!$R$2:$R$266,"Not started – permission live") -> 132 | F26: =SUMIFS(Schemes!$K$2:$K$266,Schemes!$H$2:$H$266,$A26,Schemes!$R$2:$R$266,"Not started – past expiry") -> 4 | G26: =SUM(C26:F26) -> 304
A27: Castletroy/Annacotty | B27: =COUNTIFS(Schemes!$H$2:$H$266,$A27,Schemes!$R$2:$R$266,"<>In planning") -> 32 | C27: =SUMIFS(Schemes!$K$2:$K$266,Schemes!$H$2:$H$266,$A27,Schemes!$R$2:$R$266,"Complete") -> 474 | D27: =SUMIFS(Schemes!$K$2:$K$266,Schemes!$H$2:$H$266,$A27,Schemes!$R$2:$R$266,"Under construction") -> 746 | E27: =SUMIFS(Schemes!$K$2:$K$266,Schemes!$H$2:$H$266,$A27,Schemes!$R$2:$R$266,"Not started – permission live") -> 1590 | F27: =SUMIFS(Schemes!$K$2:$K$266,Schemes!$H$2:$H$266,$A27,Schemes!$R$2:$R$266,"Not started – past expiry") -> 149 | G27: =SUM(C27:F27) -> 2959
A28: Southhill | B28: =COUNTIFS(Schemes!$H$2:$H$266,$A28,Schemes!$R$2:$R$266,"<>In planning") -> 12 | C28: =SUMIFS(Schemes!$K$2:$K$266,Schemes!$H$2:$H$266,$A28,Schemes!$R$2:$R$266,"Complete") -> 284 | D28: =SUMIFS(Schemes!$K$2:$K$266,Schemes!$H$2:$H$266,$A28,Schemes!$R$2:$R$266,"Under construction") -> 21 | E28: =SUMIFS(Schemes!$K$2:$K$266,Schemes!$H$2:$H$266,$A28,Schemes!$R$2:$R$266,"Not started – permission live") -> 418 | F28: =SUMIFS(Schemes!$K$2:$K$266,Schemes!$H$2:$H$266,$A28,Schemes!$R$2:$R$266,"Not started – past expiry") -> 0 | G28: =SUM(C28:F28) -> 723
A29: Dooradoyle | B29: =COUNTIFS(Schemes!$H$2:$H$266,$A29,Schemes!$R$2:$R$266,"<>In planning") -> 22 | C29: =SUMIFS(Schemes!$K$2:$K$266,Schemes!$H$2:$H$266,$A29,Schemes!$R$2:$R$266,"Complete") -> 98 | D29: =SUMIFS(Schemes!$K$2:$K$266,Schemes!$H$2:$H$266,$A29,Schemes!$R$2:$R$266,"Under construction") -> 1133 | E29: =SUMIFS(Schemes!$K$2:$K$266,Schemes!$H$2:$H$266,$A29,Schemes!$R$2:$R$266,"Not started – permission live") -> 689 | F29: =SUMIFS(Schemes!$K$2:$K$266,Schemes!$H$2:$H$266,$A29,Schemes!$R$2:$R$266,"Not started – past expiry") -> 0 | G29: =SUM(C29:F29) -> 1920
A30: Ballinacurra | B30: =COUNTIFS(Schemes!$H$2:$H$266,$A30,Schemes!$R$2:$R$266,"<>In planning") -> 4 | C30: =SUMIFS(Schemes!$K$2:$K$266,Schemes!$H$2:$H$266,$A30,Schemes!$R$2:$R$266,"Complete") -> 17 | D30: =SUMIFS(Schemes!$K$2:$K$266,Schemes!$H$2:$H$266,$A30,Schemes!$R$2:$R$266,"Under construction") -> 398 | E30: =SUMIFS(Schemes!$K$2:$K$266,Schemes!$H$2:$H$266,$A30,Schemes!$R$2:$R$266,"Not started – permission live") -> 0 | F30: =SUMIFS(Schemes!$K$2:$K$266,Schemes!$H$2:$H$266,$A30,Schemes!$R$2:$R$266,"Not started – past expiry") -> 0 | G30: =SUM(C30:F30) -> 415
A31: Caherdavin | B31: =COUNTIFS(Schemes!$H$2:$H$266,$A31,Schemes!$R$2:$R$266,"<>In planning") -> 24 | C31: =SUMIFS(Schemes!$K$2:$K$266,Schemes!$H$2:$H$266,$A31,Schemes!$R$2:$R$266,"Complete") -> 125 | D31: =SUMIFS(Schemes!$K$2:$K$266,Schemes!$H$2:$H$266,$A31,Schemes!$R$2:$R$266,"Under construction") -> 566 | E31: =SUMIFS(Schemes!$K$2:$K$266,Schemes!$H$2:$H$266,$A31,Schemes!$R$2:$R$266,"Not started – permission live") -> 607 | F31: =SUMIFS(Schemes!$K$2:$K$266,Schemes!$H$2:$H$266,$A31,Schemes!$R$2:$R$266,"Not started – past expiry") -> 12 | G31: =SUM(C31:F31) -> 1310
A32: Outside city neighbourhoods | B32: =COUNTIFS(Schemes!$H$2:$H$266,$A32,Schemes!$R$2:$R$266,"<>In planning") -> 93 | C32: =SUMIFS(Schemes!$K$2:$K$266,Schemes!$H$2:$H$266,$A32,Schemes!$R$2:$R$266,"Complete") -> 148 | D32: =SUMIFS(Schemes!$K$2:$K$266,Schemes!$H$2:$H$266,$A32,Schemes!$R$2:$R$266,"Under construction") -> 901 | E32: =SUMIFS(Schemes!$K$2:$K$266,Schemes!$H$2:$H$266,$A32,Schemes!$R$2:$R$266,"Not started – permission live") -> 902 | F32: =SUMIFS(Schemes!$K$2:$K$266,Schemes!$H$2:$H$266,$A32,Schemes!$R$2:$R$266,"Not started – past expiry") -> 91 | G32: =SUM(C32:F32) -> 2042
A35: Units with permission by status and sector
A36: Sector | B36: Schemes | C36: Complete | D36: Under construction | E36: Not started – permission live | F36: Not started – past expiry | G36: Total units
A37: Public | B37: =COUNTIFS(Schemes!$P$2:$P$266,$A37,Schemes!$R$2:$R$266,"<>In planning") -> 65 | C37: =SUMIFS(Schemes!$K$2:$K$266,Schemes!$P$2:$P$266,$A37,Schemes!$R$2:$R$266,"Complete") -> 301 | D37: =SUMIFS(Schemes!$K$2:$K$266,Schemes!$P$2:$P$266,$A37,Schemes!$R$2:$R$266,"Under construction") -> 717 | E37: =SUMIFS(Schemes!$K$2:$K$266,Schemes!$P$2:$P$266,$A37,Schemes!$R$2:$R$266,"Not started – permission live") -> 518 | F37: =SUMIFS(Schemes!$K$2:$K$266,Schemes!$P$2:$P$266,$A37,Schemes!$R$2:$R$266,"Not started – past expiry") -> 33 | G37: =SUM(C37:F37) -> 1569
A38: Private | B38: =COUNTIFS(Schemes!$P$2:$P$266,$A38,Schemes!$R$2:$R$266,"<>In planning") -> 186 | C38: =SUMIFS(Schemes!$K$2:$K$266,Schemes!$P$2:$P$266,$A38,Schemes!$R$2:$R$266,"Complete") -> 974 | D38: =SUMIFS(Schemes!$K$2:$K$266,Schemes!$P$2:$P$266,$A38,Schemes!$R$2:$R$266,"Under construction") -> 3347 | E38: =SUMIFS(Schemes!$K$2:$K$266,Schemes!$P$2:$P$266,$A38,Schemes!$R$2:$R$266,"Not started – permission live") -> 4625 | F38: =SUMIFS(Schemes!$K$2:$K$266,Schemes!$P$2:$P$266,$A38,Schemes!$R$2:$R$266,"Not started – past expiry") -> 278 | G38: =SUM(C38:F38) -> 9224

Sheet 1 Status by size
A1: Size band (units) | B1: Schemes | C1: Complete | D1: Under construction | E1: Not started – permission live | F1: Not started – past expiry | G1: Total units
A2: 1–9 | B2: 69 | C2: 110 | D2: 154 | E2: 93 | F2: 24 | G2: 381
A3: 10–24 | B3: 69 | C3: 230 | D3: 382 | E3: 396 | F3: 101 | G3: 1109
A4: 25–49 | B4: 47 | C4: 221 | D4: 562 | E4: 745 | F4: 49 | G4: 1577
A5: 50–99 | B5: 36 | C5: 276 | D5: 1456 | E5: 952 | F5: 0 | G5: 2684
A6: 100+ | B6: 23 | C6: 438 | D6: 1510 | E6: 2957 | F6: 137 | G6: 5042
A7: All | B7: 244 | C7: 1275 | D7: 4064 | E7: 5143 | F7: 311 | G7: 10793
A9: Values calculated in delivery_analysis.py from the Schemes sheet.

Sheet 2 Timeline by size
A1: Size band (units) | B1: Approval: n | C1: Approval: LQ | D1: Approval: median | E1: Approval: UQ | F1: Grant to start: n | G1: Grant to start: LQ | H1: Grant to start: median | I1: Grant to start: UQ | J1: Start to completion: n | K1: Start to completion: median | L1: Build rate (dpa): median
A2: 1–9 | B2: 65 | C2: 0.2 | D2: 0.5 | E2: 0.8 | F2: 45 | G2: 0.7 | H2: 1.3 | I2: 2.1 | J2: 18 | K2: 1.7 | L2: 4.1
A3: 10–24 | B3: 65 | C3: 0.3 | D3: 0.6 | E3: 0.9 | F3: 34 | G3: 0.6 | H3: 1.4 | I3: 2 | J3: 15 | K3: 1.8 | L3: 8.3
A4: 25–49 | B4: 47 | C4: 0.3 | D4: 0.6 | E4: 0.9 | F4: 23 | G4: 0.8 | H4: 1.6 | I4: 2.1 | J4: 6 | K4: 1.4 | L4: 21.5
A5: 50–99 | B5: 36 | C5: 0.6 | D5: 0.7 | E5: 1.2 | F5: 23 | G5: 0.7 | H5: 1.1 | I5: 2.1 | J5: 4 | K5: 2.3 | L5: 34
A6: 100+ | B6: 23 | C6: 0.3 | D6: 0.5 | E6: 0.7 | F6: 10 | G6: 1.1 | H6: 1.7 | I6: 1.9 | J6: 3 | K6: 2.1 | L6: 50.3
A7: All | B7: 240 | C7: 0.3 | D7: 0.6 | E7: 0.9 | F7: 136 | G7: 0.7 | H7: 1.3 | I7: 2.1 | J7: 47 | K7: 1.8 | L7: 8
A9: Values calculated in delivery_analysis.py from the Schemes sheet.

Sheet 3 Share started over time
A1: Scheme size | B1: Started within 1 yr (%) | C1: n (1 yr) | D1: Started within 2 yr (%) | E1: n (2 yr) | F1: Started within 3 yr (%) | G1: n (3 yr) | H1: Started within 4 yr (%) | I1: n (4 yr) | J1: Started within 5 yr (%) | K1: n (5 yr)
A2: 1–24 units | B2: 27 | C2: 119 | D2: 47 | E2: 106 | F2: 54 | G2: 82 | H2: 64 | I2: 70 | J2: 68 | K2: 50
A3: 25–99 units | B3: 22 | C3: 72 | D3: 47 | E3: 60 | F3: 65 | G3: 48 | H3: 71 | I3: 38 | J3: 84 | K3: 31
A4: 100+ units | B4: 14 | C4: 14 | D4: 67 | E4: 12 | F4: 67 | G4: 9 | H4: 62 | I4: 8 | K4: 4
A5: All | B5: 25 | C5: 208 | D5: 48 | E5: 181 | F5: 58 | G5: 142 | H5: 66 | I5: 119 | J5: 72 | K5: 88
A7: Values calculated in delivery_analysis.py from the Schemes sheet.

Sheet 4a Implementation by LEA
A1: lea | B1: Schemes | C1: Units permitted | D1: Units started | E1: Schemes started | F1: Units started (%) | G1: Schemes started (%) | H1: Median grant to start (yrs)
A2: Limerick City East | B2: 39 | C2: 1834 | D2: 1673 | E2: 36 | F2: 91 | G2: 92 | H2: 1.2
A3: Limerick City North | B3: 34 | C3: 1362 | D3: 838 | E3: 20 | F3: 62 | G3: 59 | H3: 1.4
A4: Limerick City West | B4: 58 | C4: 2487 | D4: 2084 | E4: 38 | F4: 84 | G4: 66 | H4: 1.4
A5: Adare-Rathkeale | B5: 11 | C5: 179 | D5: 31 | E5: 4 | F5: 17 | G5: 36 | H5: 2.1
A6: Cappamore-Kilmallock | B6: 23 | C6: 323 | D6: 192 | E6: 18 | F6: 59 | G6: 78 | H6: 1.8
A7: Newcastle West | B7: 16 | C7: 400 | D7: 206 | E7: 8 | F7: 52 | G7: 50 | H7: 1.3
A9: Values calculated in delivery_analysis.py from the Schemes sheet.

Sheet 4b Implementation by size
A1: band | B1: Schemes | C1: Units permitted | D1: Units started | E1: Schemes started | F1: Units started (%) | G1: Schemes started (%) | H1: Median grant to start (yrs)
A2: 1–9 | B2: 55 | C2: 297 | D2: 216 | E2: 40 | F2: 73 | G2: 73 | H2: 1.4
A3: 10–24 | B3: 51 | C3: 836 | D3: 530 | E3: 32 | F3: 63 | G3: 63 | H3: 1.5
A4: 25–49 | B4: 32 | C4: 1093 | D4: 652 | E4: 19 | F4: 60 | G4: 59 | H4: 1.8
A5: 50–99 | B5: 28 | C5: 2109 | D5: 1678 | E5: 22 | F5: 80 | G5: 79 | H5: 1.2
A6: 100+ | B6: 12 | C6: 2250 | D6: 1948 | E6: 10 | F6: 87 | G6: 83 | H6: 1.7
A8: Values calculated in delivery_analysis.py from the Schemes sheet.

Sheet 4c Implementation by type
A1: dwelling_type | B1: Schemes | C1: Units permitted | D1: Units started | E1: Schemes started | F1: Units started (%) | G1: Schemes started (%) | H1: Median grant to start (yrs)
A2: Houses | B2: 75 | C2: 1381 | D2: 954 | E2: 54 | F2: 69 | G2: 72 | H2: 1.3
A3: Mixed | B3: 28 | C3: 3260 | D3: 2773 | E3: 24 | F3: 85 | G3: 86 | H3: 1.7
A4: Apartments | B4: 52 | C4: 1452 | D4: 978 | E4: 30 | F4: 67 | G4: 58 | H4: 1.7
A5: Student | B5: 4 | C5: 82 | D5: 26 | E5: 1 | F5: 32 | G5: 25 | H5: 1.6
A6: Unknown | B6: 22 | C6: 410 | D6: 293 | E6: 15 | F6: 71 | G6: 68 | H6: 1.8
A8: Values calculated in delivery_analysis.py from the Schemes sheet.

Sheet 4d Implementation by route
A1: route | B1: Schemes | C1: Units permitted | D1: Units started | E1: Schemes started | F1: Units started (%) | G1: Schemes started (%) | H1: Median grant to start (yrs)
A2: Standard planning application | B2: 138 | C2: 4178 | D2: 3071 | E2: 93 | F2: 74 | G2: 67 | H2: 1.3
A3: LRD | B3: 3 | C3: 315 | D3: 315 | E3: 3 | F3: 100 | G3: 100 | H3: 1
A4: SHD (An Bord Pleanála) | B4: 5 | C4: 1257 | D4: 955 | E4: 3 | F4: 76 | G4: 60 | H4: 1.8
A5: Part 8 / council | B5: 35 | C5: 835 | D5: 683 | E5: 25 | F5: 82 | G5: 71 | H5: 1.8
A7: Values calculated in delivery_analysis.py from the Schemes sheet.

Sheet 4e Implementation by settlement
A1: settlement | B1: Schemes | C1: Units permitted | D1: Units started | E1: Schemes started | F1: Units started (%) | G1: Schemes started (%) | H1: Median grant to start (yrs)
A2: Other County Limerick | B2: 87 | C2: 2526 | D2: 1649 | E2: 51 | F2: 65 | G2: 59 | H2: 1.6
A3: Limerick City and Suburbs | B3: 40 | C3: 1958 | D3: 1838 | E3: 33 | F3: 94 | G3: 82 | H3: 1.4
A4: Mungret | B4: 13 | C4: 802 | D4: 781 | E4: 11 | F4: 97 | G4: 85 | H4: 0.8
A5: Patrickswell | B5: 13 | C5: 396 | D5: 282 | E5: 10 | F5: 71 | G5: 77 | H5: 3.6
A6: Newcastle West | B6: 7 | C6: 270 | D6: 172 | E6: 4 | F6: 64 | G6: 57 | H6: 0.5
A7: Annacotty | B7: 2 | C7: 149 | D7: 12 | E7: 1 | F7: 8 | G7: 50 | H7: 0.6
A8: Castleconnell | B8: 3 | C8: 129 | D8: 129 | E8: 3 | F8: 100 | G8: 100 | H8: 1.1
A9: Kilmallock | B9: 5 | C9: 92 | D9: 92 | E9: 5 | F9: 100 | G9: 100 | H9: 2.1
A10: Abbeyfeale | B10: 2 | C10: 75 | D10: 0 | E10: 0 | F10: 0 | G10: 0
A11: Bruff | B11: 1 | C11: 74 | D11: 0 | E11: 0 | F11: 0 | G11: 0
A12: Cappamore | B12: 3 | C12: 49 | D12: 49 | E12: 3 | F12: 100 | G12: 100 | H12: 1.7
A13: Rathkeale | B13: 1 | C13: 31 | D13: 0 | E13: 0 | F13: 0 | G13: 0
A14: Croom | B14: 1 | C14: 14 | D14: 0 | E14: 0 | F14: 0 | G14: 0
A15: Adare | B15: 2 | C15: 11 | D15: 11 | E15: 2 | F15: 100 | G15: 100 | H15: 2.3
A16: Caherconlish | B16: 1 | C16: 9 | D16: 9 | E16: 1 | F16: 100 | G16: 100 | H16: 2.1
A18: Values calculated in delivery_analysis.py from the Schemes sheet.

Sheet 4f Implementation by owner
A1: owner | B1: Schemes | C1: Units permitted | D1: Units started | E1: Schemes started | F1: Units started (%) | G1: Schemes started (%) | H1: Median grant to start (yrs)
A2: Public – local authority | B2: 36 | C2: 838 | D2: 686 | E2: 26 | F2: 82 | G2: 72 | H2: 1.7
A3: Public – approved housing body | B3: 14 | C3: 319 | D3: 265 | E3: 9 | F3: 83 | G3: 64 | H3: 2
A4: Private | B4: 131 | C4: 5428 | D4: 4073 | E4: 89 | F4: 75 | G4: 68 | H4: 1.2
A6: Values calculated in delivery_analysis.py from the Schemes sheet.

Sheet 4g Implementation by sector
A1: sector | B1: Schemes | C1: Units permitted | D1: Units started | E1: Schemes started | F1: Units started (%) | G1: Schemes started (%) | H1: Median grant to start (yrs)
A2: Public | B2: 50 | C2: 1157 | D2: 951 | E2: 35 | F2: 82 | G2: 70 | H2: 1.8
A3: Private | B3: 131 | C3: 5428 | D3: 4073 | E3: 89 | F3: 75 | G3: 68 | H3: 1.2
A5: Values calculated in delivery_analysis.py from the Schemes sheet.

Sheet 4h Implementation by nbhd
A1: nbhd | B1: Schemes | C1: Units permitted | D1: Units started | E1: Schemes started | F1: Units started (%) | G1: Schemes started (%) | H1: Median grant to start (yrs)
A2: City Centre | B2: 28 | C2: 409 | D2: 184 | E2: 14 | F2: 45 | G2: 50 | H2: 1.6
A3: Kings Island | B3: 1 | C3: 27 | D3: 0 | E3: 0 | F3: 0 | G3: 0
A4: Corbally/Grove Island | B4: 2 | C4: 50 | D4: 50 | E4: 2 | F4: 100 | G4: 100 | H4: 0.6
A5: Singland/Garryowen | B5: 9 | C5: 149 | D5: 123 | E5: 6 | F5: 83 | G5: 67 | H5: 1.7
A6: Castletroy/Annacotty | B6: 24 | C6: 1363 | D6: 1214 | E6: 22 | F6: 89 | G6: 92 | H6: 1.5
A7: Southhill | B7: 7 | C7: 288 | D7: 288 | E7: 7 | F7: 100 | G7: 100 | H7: 1.6
A8: Dooradoyle | B8: 16 | C8: 1282 | D8: 1231 | E8: 13 | F8: 96 | G8: 81 | H8: 0.8
A9: Ballinacurra | B9: 4 | C9: 415 | D9: 415 | E9: 4 | F9: 100 | G9: 100 | H9: 1.2
A10: Caherdavin | B10: 20 | C10: 1130 | D10: 663 | E10: 11 | F10: 59 | G10: 55 | H10: 1.1
A11: Outside city neighbourhoods | B11: 70 | C11: 1472 | D11: 856 | E11: 45 | F11: 58 | G11: 64 | H11: 1.8
A13: Values calculated in delivery_analysis.py from the Schemes sheet.

Sheet 12 Status by nbhd
A1: Neighbourhood | B1: Schemes | C1: Complete | D1: Under construction | E1: Not started – permission live | F1: Not started – past expiry | G1: Total units | H1: Public units | I1: Public share (%)
A2: City Centre | B2: 40 | C2: 83 | D2: 127 | E2: 715 | F2: 55 | G2: 980 | H2: 392 | I2: 40
A3: Kings Island | B3: 2 | C3: 0 | D3: 0 | E3: 50 | F3: 0 | G3: 50 | H3: 50 | I3: 100
A4: Corbally/Grove Island | B4: 4 | C4: 24 | D4: 26 | E4: 40 | F4: 0 | G4: 90 | H4: 0 | I4: 0
A5: Singland/Garryowen | B5: 16 | C5: 22 | D5: 146 | E5: 132 | F5: 4 | G5: 304 | H5: 59 | I5: 19
A6: Castletroy/Annacotty | B6: 32 | C6: 474 | D6: 746 | E6: 1590 | F6: 149 | G6: 2959 | H6: 6 | I6: 0
A7: Southhill | B7: 12 | C7: 284 | D7: 21 | E7: 418 | F7: 0 | G7: 723 | H7: 104 | I7: 14
A8: Dooradoyle | B8: 22 | C8: 98 | D8: 1133 | E8: 689 | F8: 0 | G8: 1920 | H8: 270 | I8: 14
A9: Ballinacurra | B9: 4 | C9: 17 | D9: 398 | E9: 0 | F9: 0 | G9: 415 | H9: 38 | I9: 9
A10: Caherdavin | B10: 24 | C10: 125 | D10: 566 | E10: 607 | F10: 12 | G10: 1310 | H10: 251 | I10: 19
A11: Outside city neighbourhoods | B11: 93 | C11: 148 | D11: 901 | E11: 902 | F11: 91 | G11: 2042 | H11: 399 | I11: 20
A13: Values calculated in delivery_analysis.py from the Schemes sheet.

Sheet 2b Timeline by sector
A1: Sector | B1: Schemes | C1: Units | D1: Approval: median | E1: Grant to start: median | F1: Grant to start: n | G1: Start to completion: median | H1: Start to completion: n | I1: Build rate (dpa): median
A2: Public | B2: 76 | C2: 1737 | D2: 0.3 | E2: 1.7 | F2: 36 | G2: 1.5 | H2: 18 | I2: 7.6
A3: Private | B3: 189 | C3: 9306 | D3: 0.7 | E3: 1 | F3: 100 | G3: 1.8 | H3: 29 | I3: 10.6
A5: Values calculated in delivery_analysis.py from the Schemes sheet.

Sheet 3b Started over time by sector
A1: Sector | B1: Started within 1 yr (%) | C1: n (1 yr) | D1: Started within 2 yr (%) | E1: n (2 yr) | F1: Started within 3 yr (%) | G1: n (3 yr) | H1: Started within 4 yr (%) | I1: n (4 yr) | J1: Started within 5 yr (%) | K1: n (5 yr)
A2: Public | B2: 8 | C2: 53 | D2: 44 | E2: 50 | F2: 58 | G2: 43 | H2: 69 | I2: 35 | J2: 60 | K2: 25
A3: Private | B3: 30 | C3: 155 | D3: 50 | E3: 131 | F3: 58 | G3: 99 | H3: 64 | I3: 84 | J3: 76 | K3: 63
A5: Values calculated in delivery_analysis.py from the Schemes sheet.

Sheet 5 Planning path
A1: Planning path | B1: Schemes | C1: Median approval (yrs) | D1: LQ | E1: UQ | F1: Units
A2: No further information, no appeal | B2: 31 | C2: 0.2 | D2: 0.2 | E2: 0.2 | F2: 1441
A3: Further information requested | B3: 126 | C3: 0.7 | D3: 0.5 | E3: 0.8 | F3: 4543
A4: Appealed | B4: 48 | C4: 1.3 | D4: 0.9 | E4: 1.7 | F4: 2703
A6: Values calculated in delivery_analysis.py from the Schemes sheet.

Sheet 6 Expiry of unstarted
A1: Expiry window | B1: Schemes | C1: Adare-Rathkeale | D1: Cappamore-Kilmallock | E1: Limerick City East | F1: Limerick City North | G1: Limerick City West | H1: Newcastle West | I1: Total units
A2: Already past expiry | B2: 14 | C2: 3 | D2: 22 | E2: 149 | F2: 16 | G2: 121 | H2: 0 | I2: 311
A3: Within 12 months | B3: 8 | C3: 65 | D3: 0 | E3: 0 | F3: 190 | G3: 51 | H3: 68 | I3: 374
A4: 12–24 months | B4: 6 | C4: 32 | D4: 0 | E4: 0 | F4: 90 | G4: 83 | H4: 0 | I4: 205
A5: 24–36 months | B5: 20 | C5: 17 | D5: 113 | E5: 0 | F5: 196 | G5: 116 | H5: 84 | I5: 526
A6: More than 36 months | B6: 43 | C6: 190 | D6: 35 | E6: 2072 | F6: 262 | G6: 1257 | H6: 10 | I6: 3826
A7: No expiry date (mainly Part 8) | B7: 17 | C7: 31 | D7: 3 | E7: 17 | F7: 55 | G7: 52 | H7: 54 | I7: 212
A9: Values calculated in delivery_analysis.py from the Schemes sheet.

Sheet 7 Expiry watchlist
A1: Planning ref | B1: Site ID | C1: Scheme | D1: Settlement | E1: LEA | F1: Neighbourhood | G1: Owner | H1: Units | I1: Size band | J1: Type | K1: Permission granted | L1: Expiry | M1: Expiry window | N1: CIS stage | O1: Last CIS update | P1: CIS notes
A2: 18168 | B2: P-978022 | C2: €3m - Mixed Use Development | D2: Other County Limerick | E2: Limerick City West | F2: City Centre | G2: Private | H2: 8 | I2: 1–9 | J2: Apartments | K2: 43300 | L2: 45125 | M2: Already past expiry | N2: Permission Granted | O2: 43271.635
A3: 18346 | B3: SG-004 | C3: €6.3m - Residential Development, Patrickswell | D3: Patrickswell | E3: Limerick City West | F3: Outside city neighbourhoods | G3: Private | H3: 49 | I3: 25–49 | J3: Houses | K3: 43396 | L3: 45221 | M3: Already past expiry | N3: Permission Granted | O3: 45187.611 | P3: Permission expiring
A4: 19302 | B4: U-1040199 | C4: €2.6m - Apartments | D4: Limerick City and Suburbs | E4: Limerick City North | F4: Caherdavin | G4: Public – approved housing body | H4: 12 | I4: 10–24 | J4: Apartments | K4: 43635 | L4: 45461 | M4: Already past expiry | N4: Tender | O4: 43738.409
A5: 19149 | B5: U-1034286 | C5: €567k - Change of Use to Care Residential Units | D5: Other County Limerick | E5: Cappamore-Kilmallock | F5: Outside city neighbourhoods | G5: Public – approved housing body | H5: 21 | I5: 10–24 | J5: Apartments | K5: 43719 | L5: 45545 | M5: Already past expiry | N5: Tender | O5: 45251.396
B6: P-1015929 | C6: €2m - Housing Development | D6: Other County Limerick | E6: Limerick City West | F6: Outside city neighbourhoods | G6: Private | H6: 17 | I6: 10–24 | J6: Unknown | K6: 43735 | L6: 45562 | M6: Already past expiry | N6: Permission Granted | O6: 43403.503
A7: 197025 | B7: SG-014 | C7: Housing Development | D7: Limerick City and Suburbs | E7: Limerick City East | F7: Castletroy/Annacotty | G7: Private | H7: 12 | I7: 10–24 | J7: Houses | K7: 43868 | L7: 45627 | M7: Already past expiry | N7: Permission Granted | O7: 43914.342
A8: 20341 | B8: P-1099323 | C8: €574k - Extension to Pub | D8: Other County Limerick | E8: Cappamore-Kilmallock | F8: Outside city neighbourhoods | G8: Private | H8: 1 | I8: 1–9 | J8: Unknown | K8: 44098 | L8: 45923 | M8: Already past expiry | N8: Permission Granted | O8: 44064.565
A9: 20622 | B9: P-1112715 | C9: €3.2m - Change of Use to Apartment Development | D9: Other County Limerick | E9: Limerick City West | F9: City Centre | G9: Private | H9: 15 | I9: 10–24 | J9: Apartments | K9: 44111 | L9: 45936 | M9: Already past expiry | N9: Permission Granted | O9: 44081.34
A10: 20222 | B10: SG-017 | C10: €8.9m - Mixed Use Development, 34-41 Catherine Street | D10: Other County Limerick | E10: Limerick City West | F10: City Centre | G10: Private | H10: 24 | I10: 10–24 | J10: Apartments | K10: 44202 | L10: 46027 | M10: Already past expiry | N10: Permission Granted | O10: 44166.485
A11: 20466 | B11: SG-018 | C11: €1.7m - 8 Apartments | D11: Other County Limerick | E11: Limerick City West | F11: City Centre | G11: Private | H11: 8 | I11: 1–9 | J11: Apartments | K11: 44306 | L11: 46131 | M11: Already past expiry | N11: Permission Granted | O11: 44315.597
A12: ABPREF309999 | B12: P-1163033 | C12: €30m - Residential Development, Annacotty | D12: Annacotty | E12: Limerick City East | F12: Castletroy/Annacotty | G12: Private | H12: 137 | I12: 100+ | J12: Mixed | K12: 44413 | L12: 46238 | M12: Already past expiry | N12: Permission Granted | O12: 45226.485 | P12: On hold / no movement
A13: 20827 | B13: P-1120093 | C13: €864k - 4 Houses | D13: Other County Limerick | E13: Limerick City North | F13: Singland/Garryowen | G13: Private | H13: 4 | I13: 1–9 | J13: Houses | K13: 44434 | L13: 46259 | M13: Already past expiry | N13: Permission Granted | O13: 44404.465
A14: 2360207 | B14: P-1283723 | C14: €680k - 3 Houses | D14: Other County Limerick | E14: Adare-Rathkeale | F14: Outside city neighbourhoods | G14: Private | H14: 3 | I14: 1–9 | J14: Houses | K14: 45187 | L14: 46282 | M14: Already past expiry | N14: Permission Granted | O14: 45155.461
A15: 201142 | B15: P-1132789 | C15: €919k - Student Accommodation Development, Saint Gerard Street | D15: Other County Limerick | E15: Limerick City West | F15: City Centre | G15: Private | I15: Unknown | J15: Student | K15: 44460 | L15: 46285 | M15: Already past expiry | N15: Permission Granted | O15: 44428.479
A16: 20525 | C16: Register: the construction of 14 dwelling houses, including 2 no semi-detached 2 | D16: Croom | E16: Adare-Rathkeale | F16: Outside city neighbourhoods | G16: Private | H16: 14 | I16: 10–24 | J16: Houses | K16: 44532 | L16: 46357 | M16: Within 12 months | N16: Permission Granted
A17: 21147 | B17: SG-021 | C17: €1.4m - Housing Development | D17: Limerick City and Suburbs | E17: Limerick City North | F17: Caherdavin | G17: Private | H17: 11 | I17: 10–24 | J17: Apartments | K17: 44599 | L17: 46424 | M17: Within 12 months | N17: Permission Granted | O17: 44565.307
A18: 21835 | B18: SG-025 | C18: €3.5m - Apartment Development, Limerick | D18: Other County Limerick | E18: Limerick City North | F18: Singland/Garryowen | G18: Private | H18: 14 | I18: 10–24 | J18: Apartments | K18: 44609 | L18: 46434 | M18: Within 12 months | N18: Permission Granted | O18: 44574.649
A19: 21630 | B19: U-1166991 | C19: €10.8m - Residential Development, Croom | D19: Other County Limerick | E19: Adare-Rathkeale | F19: Outside city neighbourhoods | G19: Private | H19: 51 | I19: 50–99 | J19: Houses | K19: 44693 | L19: 46518 | M19: Within 12 months | N19: Contract Awarded | O19: 45461.587
A20: 211598 | B20: SG-026 | C20: €5.8m - Apartment/Retail Development, Limerick | D20: Other County Limerick | E20: Limerick City West | F20: City Centre | G20: Private | H20: 37 | I20: 25–49 | J20: Apartments | K20: 44706 | L20: 46531 | M20: Within 12 months | N20: Permission Granted | O20: 44672.506
A21: ABPREF312683 | B21: P-1214059 | C21: €27.5m - Clonmacken Gardens Housing Development, Limerick | D21: Other County Limerick | E21: Limerick City North | F21: Caherdavin | G21: Private | H21: 165 | I21: 100+ | J21: Mixed | K21: 44707 | L21: 46532 | M21: Within 12 months | N21: Permission Granted | O21: 46078.359
A22: 21594 | B22: U-1165485 | C22: €11.3m - Residential Development | D22: Abbeyfeale | E22: Newcastle West | F22: Outside city neighbourhoods | G22: Private | H22: 68 | I22: 50–99 | J22: Apartments | K22: 44810 | L22: 46635 | M22: Within 12 months | N22: Contract Awarded | O22: 45217.478 | P22: On hold / no movement
A23: 211454 | B23: P-1195465 | C23: €2.1m - Apartment Development | D23: Other County Limerick | E23: Limerick City West | F23: City Centre | G23: Private | H23: 14 | I23: 10–24 | J23: Apartments | K23: 44825 | L23: 46650 | M23: Within 12 months | N23: Permission Granted | O23: 44797.607
A24: 22410 | B24: P-1225380 | C24: €18.8m - Nursing Home Development, Croom | D24: Other County Limerick | E24: Adare-Rathkeale | F24: Outside city neighbourhoods | G24: Private | H24: 32 | I24: 25–49 | J24: Unknown | K24: 44977 | L24: 46802 | M24: 12–24 months | N24: Permission Granted | O24: 44945.49
A25: 221107 | B25: U-1254537 | C25: €5m - Apartment/Retail Development, Dooradoyle | D25: Limerick City and Suburbs | E25: Limerick City West | F25: Dooradoyle | G25: Private | H25: 30 | I25: 25–49 | J25: Apartments | K25: 45091 | L25: 46917 | M25: 12–24 months | N25: Permission Granted | O25: 45062
A26: 22817 | B26: P-1242233 | C26: €11m - Residential Development, Limerick | D26: Other County Limerick | E26: Limerick City North | F26: Caherdavin | G26: Private | H26: 86 | I26: 50–99 | J26: Mixed | K26: 45111 | L26: 46937 | M26: 12–24 months | N26: Permission Granted | O26: 45078.457
A27: 221003 | B27: U-1250272 | C27: €6.5m - Apartment Development, Limerick | D27: Limerick City and Suburbs | E27: Limerick City West | F27: City Centre | G27: Private | H27: 29 | I27: 25–49 | J27: Apartments | K27: 45119 | L27: 46945 | M27: 12–24 months | N27: Permission Granted | O27: 45090
A28: 23283 | B28: P-1292276 | C28: €907k - Change of Use to 4 Apartments | D28: Other County Limerick | E28: Limerick City North | F28: City Centre | G28: Public – approved housing body | H28: 4 | I28: 1–9 | J28: Apartments | K28: 45154 | L28: 46980 | M28: 12–24 months | N28: Permission Granted | O28: 45125.453
A29: 221367 | B29: SG-031 | C29: €5.2m - Residential Development, Limerick | D29: Other County Limerick | E29: Limerick City West | F29: City Centre | G29: Private | H29: 24 | I29: 10–24 | J29: Apartments | K29: 45182 | L29: 47008 | M29: 12–24 months | N29: Permission Granted | O29: 45153.415 | P29: Site for sale / sold
A30: 22917 | B30: SG-027 | C30: €3.6m - Mixed Use Development, Limerick | D30: Other County Limerick | E30: Limerick City North | F30: Caherdavin | G30: Private | H30: 12 | I30: 10–24 | J30: Houses | K30: 45202 | L30: 47028 | M30: 24–36 months | N30: Permission Granted | O30: 45169.452
A31: 2461101 | B31: SG-030 | C31: €1.4m - 7 Houses | D31: Cappamore | E31: Cappamore-Kilmallock | F31: Outside city neighbourhoods | G31: Private | H31: 7 | I31: 1–9 | J31: Houses | K31: 45868 | L31: 47042 | M31: 24–36 months | N31: Permission Granted | O31: 45845.365
A32: 19552 | B32: P-1051821 | C32: €2m - Apartment Development | D32: Other County Limerick | E32: Adare-Rathkeale | F32: Outside city neighbourhoods | G32: Private | H32: 14 | I32: 10–24 | J32: Apartments | K32: 44148 | L32: 47070 | M32: 24–36 months | N32: Permission Granted | O32: 44153.444
A33: 2360144 | B33: U-1277663 | C33: €9m - Housing Development, Patrickswell | D33: Patrickswell | E33: Limerick City West | F33: Outside city neighbourhoods | G33: Private | H33: 41 | I33: 25–49 | J33: Houses | K33: 45245 | L33: 47071 | M33: 24–36 months | N33: Contract Awarded | O33: 45831.374
A34: 191298 | B34: P-1084266 | C34: €5.6m - Housing Development | D34: Other County Limerick | E34: Cappamore-Kilmallock | F34: Outside city neighbourhoods | G34: Private | H34: 32 | I34: 25–49 | J34: Houses | K34: 44161 | L34: 47082 | M34: 24–36 months | N34: Stalled or Suspended | O34: 45212.612 | P34: On hold / no movement
A35: 22471 | B35: U-1227182 | C35: €4.5m - Housing Development, Mungret | D35: Mungret | E35: Limerick City West | F35: Dooradoyle | G35: Private | H35: 21 | I35: 10–24 | J35: Houses | K35: 45313 | L35: 47139 | M35: 24–36 months | N35: Permission Granted | O35: 45316
A36: 187001 | B36: SG-001 | C36: €18.9m - Housing Development | D36: Mungret | E36: Limerick City West | F36: Dooradoyle | G36: Private | H36: 0 | I36: Unknown | J36: Houses | K36: 43200 | L36: 47189 | M36: 24–36 months | N36: Permission Granted | O36: 43201.693
A37: 19710 | B37: P-1058796 | C37: €8.5m - Student Accommodation Development, Former Hassett’s Bar | D37: Other County Limerick | E37: Limerick City North | F37: Caherdavin | G37: Private | H37: 31 | I37: 25–49 | J37: Student | K37: 44270 | L37: 47190 | M37: 24–36 months | N37: Stalled or Suspended | O37: 44799.411 | P37: On hold / no movement
A38: 211800 | B38: SG-027 | C38: €21m - Residential Development, Old Cratloe Road | D38: Other County Limerick | E38: Limerick City North | F38: Caherdavin | G38: Private | H38: 99 | I38: 50–99 | J38: Mixed | K38: 45390 | L38: 47215 | M38: 24–36 months | N38: Permission Granted | O38: 45425.224
A39: 2360794 | B39: P-1316492 | C39: €15.3m - Residential Development, Bruff | D39: Bruff | E39: Cappamore-Kilmallock | F39: Outside city neighbourhoods | G39: Private | H39: 74 | I39: 50–99 | J39: Houses | K39: 45419 | L39: 47244 | M39: 24–36 months | N39: Permission Granted | O39: 45532.378 | P39: Site for sale / sold
A40: 2360826 | B40: P-1318536 | C40: €2.2m - Residential Development, Newcastle West | D40: Newcastle West | E40: Newcastle West | F40: Outside city neighbourhoods | G40: Private | H40: 14 | I40: 10–24 | J40: Houses | K40: 45427 | L40: 47252 | M40: 24–36 months | N40: Permission Granted | O40: 45398.409
A41: 221172 | B41: P-1256924 | C41: €5.9m - Student Accommodation Development | D41: Other County Limerick | E41: Limerick City West | F41: City Centre | G41: Private | H41: 25 | I41: 25–49 | J41: Student | K41: 45442 | L41: 47267 | M41: 24–36 months | N41: Permission Granted | O41: 45450.297
A42: 2460299 | B42: P-1339954 | C42: €884k - 3 Houses | D42: Other County Limerick | E42: Adare-Rathkeale | F42: Outside city neighbourhoods | G42: Private | H42: 3 | I42: 1–9 | J42: Houses | K42: 45475 | L42: 47300 | M42: 24–36 months | N42: Permission Granted | O42: 45443.395
A43: 2360706 | B43: P-1310783 | C43: €8.9m - Housing Development, Newcastle West | D43: Newcastle West | E43: Newcastle West | F43: Outside city neighbourhoods | G43: Private | H43: 53 | I43: 50–99 | J43: Houses | K43: 45482 | L43: 47307 | M43: 24–36 months | N43: Stalled or Suspended | O43: 45554.493 | P43: On hold / no movement
A44: 2360345 | B44: P-1290708 | C44: €3.7m - Residential Development, Limerick City | D44: Limerick City and Suburbs | E44: Limerick City West | F44: City Centre | G44: Private | H44: 21 | I44: 10–24 | J44: Apartments | K44: 45482 | L44: 47307 | M44: 24–36 months | N44: Permission Granted | O44: 45162.434
A45: 2460075 | B45: P-1329797 | C45: €816k - 8 Apartment | D45: Other County Limerick | E45: Limerick City West | F45: City Centre | G45: Private | H45: 8 | I45: 1–9 | J45: Apartments | K45: 45490 | L45: 47315 | M45: 24–36 months | N45: Permission Granted | O45: 45461.442
A46: 2360759 | B46: SG-025 | C46: €1.4m - Retail Units/Apartments | D46: Other County Limerick | E46: Limerick City North | F46: Singland/Garryowen | G46: Private | H46: 8 | I46: 1–9 | J46: Apartments | K46: 45490 | L46: 47315 | M46: 24–36 months | N46: Permission Granted | O46: 45461.443
A47: 221400 | B47: P-1265188 | C47: €10.4m - Residential Development, Thomondgate | D47: Other County Limerick | E47: Limerick City North | F47: Caherdavin | G47: Private | H47: 46 | I47: 25–49 | J47: Apartments | K47: 45499 | L47: 47324 | M47: 24–36 months | N47: Permission Granted | O47: 45505.395
A48: 2460046 | B48: U-1328561 | C48: €2m - 7 Houses, Broadford | D48: Other County Limerick | E48: Newcastle West | F48: Outside city neighbourhoods | G48: Public – approved housing body | H48: 7 | I48: 1–9 | J48: Houses | K48: 45520 | L48: 47345 | M48: 24–36 months | N48: Tender | O48: 46111.322
A49: 2460028 | B49: U-1327665 | C49: €2.5m - Assisted Living Dwelling Units, Glin | D49: Other County Limerick | E49: Newcastle West | F49: Outside city neighbourhoods | G49: Public – approved housing body | H49: 10 | I49: 10–24 | J49: Houses | K49: 45537 | L49: 47362 | M49: 24–36 months | N49: Tender | O49: 46136.484
A50: 221114 | B50: SG-027 | C50: €12.2m - Residential Development, Limerick | D50: Other County Limerick | E50: Limerick City North | F50: Caherdavin | G50: Private | H50: 54 | I50: 50–99 | J50: Houses | K50: 45583 | L50: 47408 | M50: More than 36 months | N50: Permission Granted | O50: 45589.402
A51: 22959 | B51: SG-027 | C51: €20m - Residential Development, Limerick. | D51: Other County Limerick | E51: Limerick City North | F51: Caherdavin | G51: Private | H51: 98 | I51: 50–99 | J51: Houses | K51: 45617 | L51: 47442 | M51: More than 36 months | N51: Permission Granted | O51: 45624.432
A52: 24151 | C52: Register: the construction of 10 dwelling units to include 2 no. detached 5 bedr | D52: Croom | E52: Adare-Rathkeale | F52: Outside city neighbourhoods | G52: Private | H52: 10 | I52: 10–24 | J52: Houses | K52: 45672 | L52: 47497 | M52: More than 36 months | N52: Permission Granted
A53: 2460570 | B53: P-1350852 | C53: €4.5m - Apartment Development, Limerick City | D53: Limerick City and Suburbs | E53: Limerick City West | F53: City Centre | G53: Private | H53: 40 | I53: 25–49 | J53: Apartments | K53: 45694 | L53: 47519 | M53: More than 36 months | N53: Permission Granted | O53: 45695.469
A54: 22990 | B54: SG-015 | C54: €22m - Residential Development, Adare | D54: Rathkeale | E54: Adare-Rathkeale | F54: Outside city neighbourhoods | G54: Private | H54: 99 | I54: 50–99 | J54: Mixed | K54: 45713 | L54: 47538 | M54: More than 36 months | N54: Permission Granted | O54: 45723.621
A55: 2460030 | B55: SG-010 | C55: €2.9m - Residential Development | D55: Castleconnell | E55: Limerick City East | F55: Outside city neighbourhoods | G55: Private | H55: 14 | I55: 10–24 | J55: Houses | K55: 45728 | L55: 47553 | M55: More than 36 months | N55: Permission Granted | O55: 45740.396
A56: 2360793 | B56: SG-015 | C56: €6.1m - Residential Development, Adare | D56: Rathkeale | E56: Adare-Rathkeale | F56: Outside city neighbourhoods | G56: Private | H56: 28 | I56: 25–49 | J56: Mixed | K56: 45737 | L56: 47562 | M56: More than 36 months | N56: Permission Granted | O56: 45951.311
A57: 2460304 | B57: SG-015 | C57: €6.2m - Residential Development, Adare | D57: Rathkeale | E57: Adare-Rathkeale | F57: Outside city neighbourhoods | G57: Private | H57: 25 | I57: 25–49 | J57: Houses | K57: 45737 | L57: 47562 | M57: More than 36 months | N57: Permission Granted | O57: 45470.386
A58: 2360703 | B58: U-1310780 | C58: €27m - Mixed Use Development, Dooradoyle | D58: Limerick City and Suburbs | E58: Limerick City West | F58: Dooradoyle | G58: Private | H58: 104 | I58: 100+ | J58: Apartments | K58: 45761 | L58: 47586 | M58: More than 36 months | N58: Tender | O58: 46227.426
A59: 2460633 | B59: U-1353358 | C59: €2.7m - Residential Development, Limerick | D59: Limerick City and Suburbs | E59: Limerick City North | F59: City Centre | G59: Private | H59: 15 | I59: 10–24 | J59: Apartments | K59: 45771 | L59: 47596 | M59: More than 36 months | N59: Permission Granted | O59: 45742
A60: 21580 | B60: U-1164424 | C60: €9.6m - Residential Development | D60: Limerick City and Suburbs | E60: Limerick City East | F60: Singland/Garryowen | G60: Private | H60: 55 | I60: 50–99 | J60: Mixed | K60: 45790 | L60: 47615 | M60: More than 36 months | N60: Contract Awarded | O60: 45800.355
A61: 2560169 | B61: U-1393371 | C61: €4.8m - Mixed Use Development, Limerick | D61: Limerick City and Suburbs | E61: Limerick City North | F61: Singland/Garryowen | G61: Private | H61: 30 | I61: 25–49 | J61: Apartments | K61: 45882 | L61: 47707 | M61: More than 36 months | N61: Permission Granted | O61: 45868
A62: 2560546 | B62: SG-026 | C62: €7m - Residential/Commercial Development, Limerick | D62: Other County Limerick | E62: Limerick City West | F62: City Centre | G62: Private | H62: 37 | I62: 25–49 | J62: Apartments | K62: 45904 | L62: 47729 | M62: More than 36 months | N62: Permission Granted | O62: 46121.315
A63: 2460864 | B63: U-1363929 | C63: €4.2m - Residential Development | D63: Limerick City and Suburbs | E63: Limerick City North | F63: Corbally/Grove Island | G63: Private | H63: 15 | I63: 10–24 | J63: Houses | K63: 45918 | L63: 47743 | M63: More than 36 months | N63: Permission Granted | O63: 45537
A64: 2461282 | B64: P-1382991 | C64: €32m - LRD, Mungret | D64: Mungret | E64: Limerick City West | F64: Dooradoyle | G64: Private | H64: 139 | I64: 100+ | J64: Mixed | K64: 45924 | L64: 47749 | M64: More than 36 months | N64: Permission Granted | O64: 45945.396
... A68: 2560156 | B68: SG-004 | C68: €15.9m - Residential Development, Patrickswell | D68: Patrickswell | E68: Limerick City West | F68: Outside city neighbourhoods | G68: Private | H68: 63 | I68: 50–99 | J68: Houses | K68: 45972 | L68: 47797 | M68: More than 36 months | N68: Permission Granted | O68: 45982.57
A69: 2560653 | B69: SG-004 | C69: €9.4m - Residential Development | D69: Patrickswell | E69: Limerick City West | F69: Outside city neighbourhoods | G69: Private | H69: 40 | I69: 25–49 | J69: Houses | K69: 46042 | L69: 47867 | M69: More than 36 months | N69: Stalled or Suspended | O69: 46273.295 | P69: On hold / no movement
A70: 2560780 | B70: U-1412002 | C70: €95m - Dock Road LRD, Limerick | D70: Limerick City and Suburbs | E70: Limerick City West | F70: City Centre | G70: Public – LDA | H70: 285 | I70: 100+ | J70: Apartments | K70: 46064 | L70: 47889 | M70: More than 36 months | N70: Tender | O70: 46272.425
A71: 2560595 | B71: SG-032 | C71: €819k - 6 Apartments | D71: Other County Limerick | E71: Limerick City West | F71: City Centre | G71: Private | H71: 6 | I71: 1–9 | J71: Apartments | K71: 46064 | L71: 47889 | M71: More than 36 months | N71: Permission Granted | O71: 46086.37
A72: 2560778 | B72: U-1412257 | C72: €1.2m - 10 Houses, Crossagalla | D72: Kilmallock | E72: Limerick City East | F72: Southhill | G72: Private | H72: 10 | I72: 10–24 | J72: Houses | K72: 46077 | L72: 47902 | M72: More than 36 months | N72: Contract Awarded | O72: 46217.268
A73: 2561211 | B73: U-1417331 | C73: €1.8m - Residential Development, Newcastle West | D73: Newcastle West | E73: Newcastle West | F73: Outside city neighbourhoods | G73: Private | H73: 10 | I73: 10–24 | J73: Apartments | K73: 46079 | L73: 47904 | M73: More than 36 months | N73: Contract Awarded | O73: 46274.315
A74: 2461182 | B74: P-1379266 | C74: €5.4m - Residential Development | D74: Other County Limerick | E74: Cappamore-Kilmallock | F74: Outside city neighbourhoods | G74: Private | H74: 27 | I74: 25–49 | J74: Mixed | K74: 46111 | L74: 47936 | M74: More than 36 months | N74: Permission Granted | O74: 46129.319
A75: 2560633 | B75: SG-004 | C75: €2.4m - 6 Houses | D75: Patrickswell | E75: Limerick City West | F75: Outside city neighbourhoods | G75: Private | H75: 6 | I75: 1–9 | J75: Houses | K75: 46113 | L75: 47938 | M75: More than 36 months | N75: Permission Granted | O75: 46085.36
A76: 2560425 | B76: SG-035 | C76: €4.4m - Apartment Development | D76: Limerick City and Suburbs | E76: Limerick City West | F76: Dooradoyle | G76: Private | H76: 24 | I76: 10–24 | J76: Apartments | K76: 46126 | L76: 47951 | M76: More than 36 months | N76: Permission Granted | O76: 46135.585
A77: 2560271 | B77: SG-002 | C77: €21m - Residential Development, Castletroy | D77: Limerick City and Suburbs | E77: Limerick City East | F77: Castletroy/Annacotty | G77: Private | H77: 114 | I77: 100+ | J77: Mixed | K77: 46127 | L77: 47952 | M77: More than 36 months | N77: Permission Granted | O77: 46136.314
A78: 2560953 | B78: P-1414128 | C78: €4.8m - Residential Development, Limerick | D78: Limerick City and Suburbs | E78: Limerick City North | F78: Corbally/Grove Island | G78: Private | H78: 25 | I78: 25–49 | J78: Mixed | K78: 46141 | L78: 47966 | M78: More than 36 months | N78: Permission Granted | O78: 46114.47
A79: 2560771 | B79: P-1411773 | C79: €4.5m - Mixed Use Development | D79: Limerick City and Suburbs | E79: Limerick City West | F79: City Centre | G79: Private | H79: 22 | I79: 10–24 | J79: Apartments | K79: 46181 | L79: 48006 | M79: More than 36 months | N79: Permission Granted | O79: 46148.27
A80: 2561242 | B80: SG-017 | C80: €14.5m - Residential Development, Limerick | D80: Other County Limerick | E80: Limerick City West | F80: City Centre | G80: Private | H80: 76 | I80: 50–99 | J80: Apartments | K80: 46183 | L80: 48008 | M80: More than 36 months | N80: Permission Granted | O80: 46154.32
A81: 2560365 | B81: P-1401743 | C81: €2.4m - Apartment Development | D81: Other County Limerick | E81: Limerick City West | F81: City Centre | G81: Private | H81: 16 | I81: 10–24 | J81: Apartments | K81: 46189 | L81: 48014 | M81: More than 36 months | N81: Permission Granted | O81: 45776.253
... A84: 2660603 | B84: P-1437215 | C84: €84m - Parkway Valley LRD, Singland | D84: Other County Limerick | E84: Limerick City East | F84: Southhill | G84: Private | H84: 403 | I84: 100+ | J84: Apartments | K84: 46225 | L84: 48051 | M84: More than 36 months | N84: Permission Granted | O84: 46262.303
A85: 2561232 | B85: P-1417746 | C85: €9.4m - Student Accommodation Development, Limerick | D85: Other County Limerick | E85: Limerick City North | F85: Singland/Garryowen | G85: Private | I85: Unknown | J85: Student | K85: 46231 | L85: 48056 | M85: More than 36 months | N85: Permission Granted | O85: 46119.289
A86: 2561231 | B86: SG-020 | C86: €32.5m - Large Residential Development, Mungret | D86: Mungret | E86: Limerick City West | F86: Dooradoyle | G86: Private | H86: 169 | I86: 100+ | J86: Mixed | K86: 46233 | L86: 48059 | M86: More than 36 months | N86: Permission Granted | O86: 46255.54
A87: 2561323 | B87: SG-019 | C87: €757k - 4 Apartments, Castletroy | D87: Limerick City and Suburbs | E87: Limerick City East | F87: Castletroy/Annacotty | G87: Private | H87: 4 | I87: 1–9 | J87: Apartments | K87: 46233 | L87: 48059 | M87: More than 36 months | N87: Permission Granted | O87: 46262.35
A88: 2660241 | B88: P-1446288 | C88: €125.6m - Large Residential Development, Castletroy | D88: Limerick City and Suburbs | E88: Limerick City East | F88: Castletroy/Annacotty | G88: Private | H88: 523 | I88: 100+ | J88: Apartments | K88: 46140 | L88: 48092 | M88: More than 36 months | N88: Permission Granted | O88: 46276.322
A89: 2660779 | B89: P-1444384 | C89: €8.6m - Staff Accommodation/8Apartments, Adare | D89: Adare | E89: Adare-Rathkeale | F89: Outside city neighbourhoods | G89: Private | H89: 28 | I89: 25–49 | J89: Apartments | K89: 46267 | L89: 48093 | M89: More than 36 months | N89: Permission Granted | O89: 46272.358
A90: 2560947 | B90: P-1414007 | C90: €1m - 8 Houses, Bruff | D90: Bruff | E90: Cappamore-Kilmallock | F90: Outside city neighbourhoods | G90: Private | H90: 8 | I90: 1–9 | J90: Houses | K90: 46267 | L90: 48093 | M90: More than 36 months | N90: Permission Granted | O90: 46272.328
A91: 2660396 | B91: P-1432711 | C91: €39m - Large Residential Development, Mungret | D91: Mungret | E91: Limerick City West | F91: Dooradoyle | G91: Private | H91: 182 | I91: 100+ | J91: Mixed | K91: 46280 | L91: 48106 | M91: More than 36 months | N91: Permission Granted | O91: 46286.349
A92: 2660275 | B92: P-1428325 | C92: €42m - Large Residential Development,Limerick | D92: Limerick City and Suburbs | E92: Limerick City East | F92: Castletroy/Annacotty | G92: Private | H92: 212 | I92: 100+ | J92: Mixed | K92: 46288 | L92: 48113 | M92: More than 36 months | N92: Permission Granted | O92: 46258.34
A93: 228020 | B93: P-1258895 | C93: €4.9m - Residential Development, Newcastle West | D93: Newcastle West | E93: Newcastle West | F93: Outside city neighbourhoods | G93: Public – local authority | H93: 31 | I93: 25–49 | J93: Unknown | K93: 44967 | M93: No expiry date (mainly Part 8) | N93: Permission Granted | O93: 44979.475
A94: 198010 | B94: SG-015 | C94: €5m - Housing Development | D94: Rathkeale | E94: Adare-Rathkeale | F94: Outside city neighbourhoods | G94: Public – local authority | H94: 31 | I94: 25–49 | J94: Apartments | K94: 43857 | M94: No expiry date (mainly Part 8) | N94: Permission Granted | O94: 43781.6
A95: 198004 | B95: P-1054214 | C95: €6m - Residential Development, King's Island | D95: Other County Limerick | E95: Limerick City North | F95: Kings Island | G95: Public – local authority | H95: 27 | I95: 25–49 | J95: Apartments | K95: 43740 | M95: No expiry date (mainly Part 8) | N95: Permission Granted | O95: 44998.457
A96: Part 8 - 1248404 | B96: SG-004 | C96: €4.6m - Residential Development, Patrickswell | D96: Patrickswell | E96: Limerick City West | F96: Outside city neighbourhoods | G96: Public – local authority | H96: 24 | I96: 10–24 | J96: Unknown | K96: 44950 | M96: No expiry date (mainly Part 8) | N96: Permission Granted | O96: 44987.467
B97: U-1422145 | C97: €719k - Architect Led Integrated Design Team Services for 23 Residential Units, Limerick | D97: Limerick City and Suburbs | E97: Limerick City North | F97: Kings Island | G97: Public – local authority | H97: 23 | I97: 10–24 | J97: Unknown | M97: No expiry date (mainly Part 8) | N97: Contract Awarded | O97: 46203.387
A98: Part 8 - 1371977 | B98: SG-035 | C98: €3.4m - Residential Development | D98: Limerick City and Suburbs | E98: Limerick City West | F98: Dooradoyle | G98: Public – local authority | H98: 20 | I98: 10–24 | J98: Apartments | K98: 45677 | M98: No expiry date (mainly Part 8) | N98: Permission Granted | O98: 45693.581
A99: 198009 | B99: P-1071780 | C99: €1.8m - Housing Development | D99: Other County Limerick | E99: Limerick City East | F99: Outside city neighbourhoods | G99: Public – local authority | H99: 12 | I99: 10–24 | J99: Houses | K99: 43811 | M99: No expiry date (mainly Part 8) | N99: Permission Granted | O99: 43780.578
A100: 258297 | B100: U-1414882 | C100: €4.5m - Residential Development, Abbeyfeale | D100: Abbeyfeale | E100: Newcastle West | F100: Outside city neighbourhoods | G100: Public – approved housing body | H100: 12 | I100: 10–24 | J100: Houses | M100: No expiry date (mainly Part 8) | N100: Tender | O100: 46181.351
A101: Part 8 - 1264155 | B101: SG-031 | C101: €590k - Residential Development / Living Georgian Project, 58 O’Connell Street | D101: Other County Limerick | E101: Limerick City West | F101: City Centre | G101: Public – local authority | H101: 8 | I101: 1–9 | J101: Unknown | K101: 44659 | M101: No expiry date (mainly Part 8) | N101: Permission Granted | O101: 44917.504
A102: 188013 | B102: P-1007351 | C102: €701k - 7 Houses | D102: Abbeyfeale | E102: Newcastle West | F102: Outside city neighbourhoods | G102: Public – local authority | H102: 7 | I102: 1–9 | J102: Houses | K102: 43368 | M102: No expiry date (mainly Part 8) | N102: Permission Granted | O102: 43346.621
A103: PT8LL277 | B103: U-1412368 | C103: €1.5m - 5 Residential Units, Limerick | D103: Limerick City and Suburbs | E103: Limerick City East | F103: Southhill | G103: Public – local authority | H103: 5 | I103: 1–9 | J103: Unknown | K103: 46006 | M103: No expiry date (mainly Part 8) | N103: Tender | O103: 46148.428
A104: 188004 | C104: Part 8: (i) provision of 5 no. residential units (3 no. 2 bedroom houses and 2 | D104: Limerick City and Suburbs | E104: Limerick City North | F104: Caherdavin | G104: Public – local authority | H104: 5 | I104: 1–9 | J104: Houses | K104: 43264 | M104: No expiry date (mainly Part 8) | N104: Permission Granted
A105: Part 8 - 1316160 | B105: U-1316160 | C105: €705k - Radharc an Ghleanna Residential Development, Mountcollins | D105: Other County Limerick | E105: Newcastle West | F105: Outside city neighbourhoods | G105: Public – local authority | H105: 4 | I105: 1–9 | J105: Unknown | K105: 45335 | M105: No expiry date (mainly Part 8) | N105: Tender | O105: 45912.357
...

Sheet 8 Annual flows
A1: Year | B1: Units granted | C1: Units started | D1: Units completed (CIS)
A2: 2018 | B2: 655 | C2: 63 | D2: 0
A3: 2019 | B3: 481 | C3: 161 | D3: 0
A4: 2020 | B4: 622 | C4: 301 | D4: 20
A5: 2021 | B5: 1132 | C5: 247 | D5: 134
A6: 2022 | B6: 1616 | C6: 965 | D6: 79
A7: 2023 | B7: 880 | C7: 713 | D7: 185
A8: 2024 | B8: 1402 | C8: 1607 | D8: 350
A9: 2025 | B9: 1113 | C9: 513 | D9: 237
A10: 2026 | B10: 2795 | C10: 745 | D10: 270
A12: Values calculated in delivery_analysis.py from the Schemes sheet.

Sheet 9 Build rates
A1: Group | B1: Completed schemes | C1: Median build period (yrs) | D1: Median build rate (dpa) | E1: LQ dpa | F1: UQ dpa
A2: All completed | B2: 47 | C2: 1.8 | D2: 8 | E2: 4.2 | F2: 17.8
A3: 1–9 | B3: 18 | C3: 1.7 | D3: 4.1 | E3: 2.3 | F3: 5.8
A4: 10–24 | B4: 15 | C4: 1.8 | D4: 8.3 | E4: 6 | F4: 11.2
A5: 25–49 | B5: 6 | C5: 1.4 | D5: 21.5 | E5: 17.7 | F5: 26.6
A6: 50–99 | B6: 4 | C6: 2.3 | D6: 34 | E6: 24 | F6: 44.2
A7: 100+ | B7: 3 | C7: 2.1 | D7: 50.3 | E7: 38.4 | F7: 73.7
A8: Houses | B8: 22 | C8: 1.7 | D8: 4.2 | E8: 2.6 | F8: 12.1
A9: Apartments | B9: 9 | C9: 1.8 | D9: 8 | E9: 5.3 | F9: 10.7
A10: Mixed | B10: 8 | C10: 2 | D10: 34.3 | E10: 20.9 | F10: 50.3
A12: Values calculated in delivery_analysis.py from the Schemes sheet.

Sheet 10 Barrier indicators
A1: Indicator | B1: Schemes / applications | C1: Units
A2: Permitted schemes not started, permission live | B2: 94 | C2: 5143
A3: Permitted schemes not started, past expiry | B3: 14 | C3: 311
A4: Schemes recorded by CIS as stalled or suspended | B4: 4 | C4: 156
A5: Schemes with CIS note: on hold / no movement | B5: 9 | C5: 666
A6: Schemes with CIS note: legal challenge / quashed | B6: 0 | C6: 0
A7: Schemes with CIS note: site for sale / sold | B7: 2 | C7: 98
A8: Schemes where further information was requested | B8: 163 | C8: 6478
A9: Schemes that went to appeal | B9: 48 | C9: 2703
A10: Applications refused or withdrawn (not counted) | B10: 14 | C10: 518
A11: Applications superseded by a later application | B11: 3 | C11: 90
A12: Extensions of duration sought | B12: 14
A14: Values calculated in delivery_analysis.py from the Schemes sheet.

Sheet 11 Data sources
A1: Item | B1: Value
A2: Schemes in study (counted applications) | B2: 265
A3: Schemes with permission | B3: 251
A4: Start date from building control commencement notice | B4: 132
A5: Start date from CIS only | B5: 10
A6: Completed schemes (CIS and Department social housing report) | B6: 47
A7: Completed schemes with a completion certificate | B7: 44
A8: Units on completed schemes | B8: 1275
A9: Units on completion certificates for those schemes | B9: 340
A10: Part 8 schemes in study | B10: 55
A11: Part 8 schemes added from the register (not in CIS) | B11: 10
A12: Units on Part 8 schemes added from the register | B12: 104
A13: Public schemes (local authority, AHB, LDA) | B13: 76
A14: Units on public schemes | B14: 1737
A16: Values calculated in delivery_analysis.py from the Schemes sheet.
