Workbook

Sheet Dashboard
A1: Limerick housing supply – audit land, consents and expected delivery
A2: Council city sites audit (134 sites; county audit not yet supplied) and counted residential permissions. Planning status at 08/10/2026.
A4: Headline | B4: Value
A5: Audit land (ha) | B5: =SUM(Sites!$I$2:$I$135) -> 316.212
A6: Audit sites | B6: =COUNTA(Sites!$A$2:$A$135) -> 134
A7: Estimated unit capacity on audit land | B7: =SUM(Sites!$J$2:$J$135) -> 14092
A8: Consented on audit land (within sites) | B8: =SUMIFS(Schemes!$M$2:$M$264,Schemes!$F$2:$F$264,"Audit land – within site",Schemes!$K$2:$K$264,"<>Not started – past expiry",Schemes!$K$2:$K$264,"<>In planning") -> 5252
A9: Share of capacity consented | B9: =B8/B7 -> 0.37269373
A10: Residual capacity (sum of sites) | B10: =SUM(Sites!$O$2:$O$135) -> 10143
A11: Consented partly on / at edge of audit sites (check) | B11: =SUMIFS(Schemes!$M$2:$M$264,Schemes!$F$2:$F$264,"Audit land – partly on / edge (check)",Schemes!$K$2:$K$264,"<>Not started – past expiry",Schemes!$K$2:$K$264,"<>In planning") -> 105
A12: Consented in city outside audit land | B12: =SUMIFS(Schemes!$M$2:$M$264,Schemes!$F$2:$F$264,"City – outside audit land",Schemes!$K$2:$K$264,"<>Not started – past expiry",Schemes!$K$2:$K$264,"<>In planning") -> 3174
A13: Consented in county (audit pending) | B13: =SUMIFS(Schemes!$M$2:$M$264,Schemes!$F$2:$F$264,"County – audit not yet supplied",Schemes!$K$2:$K$264,"<>Not started – past expiry",Schemes!$K$2:$K$264,"<>In planning") -> 1951
A14: All consented units | B14: =B8+B11+B12+B13 -> 10482
A15: Student bedspaces consented (PBSA)* | B15: =SUMIFS(Schemes!$N$2:$N$264,Schemes!$I$2:$I$264,"Student (PBSA)",Schemes!$K$2:$K$264,"<>Not started – past expiry",Schemes!$K$2:$K$264,"<>In planning") -> 2142
A16: Expected completions Q4 2026–2030, tracked schemes | B16: =SUM(Schemes!$W$2:$W$264)+SUM(Schemes!$X$2:$X$264)+SUM(Schemes!$Y$2:$Y$264)+SUM(Schemes!$Z$2:$Z$264)+SUM(Schemes!$AA$2:$AA$264) -> 7477.8
A17: + small schemes and one-off houses (CSO-based) | B17: ='CSO reconciliation'!H$27 -> 808.55
A18: * PBSA schemes are counted in the unit totals by their recorded units (cluster apartments), not bedspaces. See Breakdowns.
A20: 1. Audit land and capacity by landowner (city)
A21: Landowner | B21: Sites | C21: Area (ha) | D21: Capacity | E21: Complete | F21: Under constr. | G21: Permitted, not started | H21: Consented | I21: Residual
A22: Council | B22: =COUNTIFS(Sites!$E$2:$E$135,$A22) -> 39 | C22: =SUMIFS(Sites!$I$2:$I$135,Sites!$E$2:$E$135,$A22) -> 134.265 | D22: =SUMIFS(Sites!$J$2:$J$135,Sites!$E$2:$E$135,$A22) -> 6390 | E22: =SUMIFS(Sites!$K$2:$K$135,Sites!$E$2:$E$135,$A22) -> 11 | F22: =SUMIFS(Sites!$L$2:$L$135,Sites!$E$2:$E$135,$A22) -> 36 | G22: =SUMIFS(Sites!$M$2:$M$135,Sites!$E$2:$E$135,$A22) -> 663 | H22: =SUMIFS(Sites!$N$2:$N$135,Sites!$E$2:$E$135,$A22) -> 710 | I22: =SUMIFS(Sites!$O$2:$O$135,Sites!$E$2:$E$135,$A22) -> 5680
A23: Private | B23: =COUNTIFS(Sites!$E$2:$E$135,$A23) -> 77 | C23: =SUMIFS(Sites!$I$2:$I$135,Sites!$E$2:$E$135,$A23) -> 138.829 | D23: =SUMIFS(Sites!$J$2:$J$135,Sites!$E$2:$E$135,$A23) -> 6227 | E23: =SUMIFS(Sites!$K$2:$K$135,Sites!$E$2:$E$135,$A23) -> 65 | F23: =SUMIFS(Sites!$L$2:$L$135,Sites!$E$2:$E$135,$A23) -> 1359 | G23: =SUMIFS(Sites!$M$2:$M$135,Sites!$E$2:$E$135,$A23) -> 2458 | H23: =SUMIFS(Sites!$N$2:$N$135,Sites!$E$2:$E$135,$A23) -> 3882 | I23: =SUMIFS(Sites!$O$2:$O$135,Sites!$E$2:$E$135,$A23) -> 3602
A24: Unknown | B24: =COUNTIFS(Sites!$E$2:$E$135,$A24) -> 18 | C24: =SUMIFS(Sites!$I$2:$I$135,Sites!$E$2:$E$135,$A24) -> 43.118 | D24: =SUMIFS(Sites!$J$2:$J$135,Sites!$E$2:$E$135,$A24) -> 1475 | E24: =SUMIFS(Sites!$K$2:$K$135,Sites!$E$2:$E$135,$A24) -> 0 | F24: =SUMIFS(Sites!$L$2:$L$135,Sites!$E$2:$E$135,$A24) -> 240 | G24: =SUMIFS(Sites!$M$2:$M$135,Sites!$E$2:$E$135,$A24) -> 420 | H24: =SUMIFS(Sites!$N$2:$N$135,Sites!$E$2:$E$135,$A24) -> 660 | I24: =SUMIFS(Sites!$O$2:$O$135,Sites!$E$2:$E$135,$A24) -> 861
A25: Total | B25: =SUM(B22:B24) -> 134 | C25: =SUM(C22:C24) -> 316.212 | D25: =SUM(D22:D24) -> 14092 | E25: =SUM(E22:E24) -> 76 | F25: =SUM(F22:F24) -> 1635 | G25: =SUM(G22:G24) -> 3541 | H25: =SUM(H22:H24) -> 5252 | I25: =SUM(I22:I24) -> 10143
A27: 2. Residential permissions by location and status (units)
A28: Location | B28: Complete | C28: Under construction | D28: Not started – permission live | E28: Stalled (CIS) | F28: Consented total | G28: Expired, not started | H28: In planning
A29: Audit land – within site | B29: =SUMIFS(Schemes!$M$2:$M$264,Schemes!$F$2:$F$264,$A29,Schemes!$K$2:$K$264,"Complete") -> 76 | C29: =SUMIFS(Schemes!$M$2:$M$264,Schemes!$F$2:$F$264,$A29,Schemes!$K$2:$K$264,"Under construction") -> 1635 | D29: =SUMIFS(Schemes!$M$2:$M$264,Schemes!$F$2:$F$264,$A29,Schemes!$K$2:$K$264,"Not started – permission live") -> 3510 | E29: =SUMIFS(Schemes!$M$2:$M$264,Schemes!$F$2:$F$264,$A29,Schemes!$K$2:$K$264,"Stalled (CIS)") -> 31 | F29: =SUM(B29:E29) -> 5252 | G29: =SUMIFS(Schemes!$M$2:$M$264,Schemes!$F$2:$F$264,$A29,Schemes!$K$2:$K$264,"Not started – past expiry") -> 149 | H29: =SUMIFS(Schemes!$M$2:$M$264,Schemes!$F$2:$F$264,$A29,Schemes!$K$2:$K$264,"In planning") -> 97
A30: Audit land – partly on / edge (check) | B30: =SUMIFS(Schemes!$M$2:$M$264,Schemes!$F$2:$F$264,$A30,Schemes!$K$2:$K$264,"Complete") -> 0 | C30: =SUMIFS(Schemes!$M$2:$M$264,Schemes!$F$2:$F$264,$A30,Schemes!$K$2:$K$264,"Under construction") -> 50 | D30: =SUMIFS(Schemes!$M$2:$M$264,Schemes!$F$2:$F$264,$A30,Schemes!$K$2:$K$264,"Not started – permission live") -> 55 | E30: =SUMIFS(Schemes!$M$2:$M$264,Schemes!$F$2:$F$264,$A30,Schemes!$K$2:$K$264,"Stalled (CIS)") -> 0 | F30: =SUM(B30:E30) -> 105 | G30: =SUMIFS(Schemes!$M$2:$M$264,Schemes!$F$2:$F$264,$A30,Schemes!$K$2:$K$264,"Not started – past expiry") -> 0 | H30: =SUMIFS(Schemes!$M$2:$M$264,Schemes!$F$2:$F$264,$A30,Schemes!$K$2:$K$264,"In planning") -> 4
A31: City – outside audit land | B31: =SUMIFS(Schemes!$M$2:$M$264,Schemes!$F$2:$F$264,$A31,Schemes!$K$2:$K$264,"Complete") -> 1051 | C31: =SUMIFS(Schemes!$M$2:$M$264,Schemes!$F$2:$F$264,$A31,Schemes!$K$2:$K$264,"Under construction") -> 1478 | D31: =SUMIFS(Schemes!$M$2:$M$264,Schemes!$F$2:$F$264,$A31,Schemes!$K$2:$K$264,"Not started – permission live") -> 645 | E31: =SUMIFS(Schemes!$M$2:$M$264,Schemes!$F$2:$F$264,$A31,Schemes!$K$2:$K$264,"Stalled (CIS)") -> 0 | F31: =SUM(B31:E31) -> 3174 | G31: =SUMIFS(Schemes!$M$2:$M$264,Schemes!$F$2:$F$264,$A31,Schemes!$K$2:$K$264,"Not started – past expiry") -> 71 | H31: =SUMIFS(Schemes!$M$2:$M$264,Schemes!$F$2:$F$264,$A31,Schemes!$K$2:$K$264,"In planning") -> 59
A32: County – audit not yet supplied | B32: =SUMIFS(Schemes!$M$2:$M$264,Schemes!$F$2:$F$264,$A32,Schemes!$K$2:$K$264,"Complete") -> 148 | C32: =SUMIFS(Schemes!$M$2:$M$264,Schemes!$F$2:$F$264,$A32,Schemes!$K$2:$K$264,"Under construction") -> 901 | D32: =SUMIFS(Schemes!$M$2:$M$264,Schemes!$F$2:$F$264,$A32,Schemes!$K$2:$K$264,"Not started – permission live") -> 777 | E32: =SUMIFS(Schemes!$M$2:$M$264,Schemes!$F$2:$F$264,$A32,Schemes!$K$2:$K$264,"Stalled (CIS)") -> 125 | F32: =SUM(B32:E32) -> 1951 | G32: =SUMIFS(Schemes!$M$2:$M$264,Schemes!$F$2:$F$264,$A32,Schemes!$K$2:$K$264,"Not started – past expiry") -> 91 | H32: =SUMIFS(Schemes!$M$2:$M$264,Schemes!$F$2:$F$264,$A32,Schemes!$K$2:$K$264,"In planning") -> 90
A33: Total | B33: =SUM(B29:B32) -> 1275 | C33: =SUM(C29:C32) -> 4064 | D33: =SUM(D29:D32) -> 4987 | E33: =SUM(E29:E32) -> 156 | F33: =SUM(F29:F32) -> 10482 | G33: =SUM(G29:G32) -> 311 | H33: =SUM(H29:H32) -> 250
A35: 3. Consented units by sector and location
A36: Sector | B36: Audit land – within site | C36: Audit land – partly / edge | D36: City – outside audit land | E36: County | F36: Total | G36: Share
A37: Private | B37: =SUMIFS(Schemes!$M$2:$M$264,Schemes!$H$2:$H$264,$A37,Schemes!$F$2:$F$264,"Audit land – within site",Schemes!$K$2:$K$264,"<>Not started – past expiry",Schemes!$K$2:$K$264,"<>In planning") -> 4498 | C37: =SUMIFS(Schemes!$M$2:$M$264,Schemes!$H$2:$H$264,$A37,Schemes!$F$2:$F$264,"Audit land – partly on / edge (check)",Schemes!$K$2:$K$264,"<>Not started – past expiry",Schemes!$K$2:$K$264,"<>In planning") -> 27 | D37: =SUMIFS(Schemes!$M$2:$M$264,Schemes!$H$2:$H$264,$A37,Schemes!$F$2:$F$264,"City – outside audit land",Schemes!$K$2:$K$264,"<>Not started – past expiry",Schemes!$K$2:$K$264,"<>In planning") -> 2848 | E37: =SUMIFS(Schemes!$M$2:$M$264,Schemes!$H$2:$H$264,$A37,Schemes!$F$2:$F$264,"County – audit not yet supplied",Schemes!$K$2:$K$264,"<>Not started – past expiry",Schemes!$K$2:$K$264,"<>In planning") -> 1573 | F37: =SUM(B37:E37) -> 8946 | G37: =IF($F$41=0,0,F37/$F$41) -> 0.85346308
A38: Public – local authority | B38: =SUMIFS(Schemes!$M$2:$M$264,Schemes!$H$2:$H$264,$A38,Schemes!$F$2:$F$264,"Audit land – within site",Schemes!$K$2:$K$264,"<>Not started – past expiry",Schemes!$K$2:$K$264,"<>In planning") -> 324 | C38: =SUMIFS(Schemes!$M$2:$M$264,Schemes!$H$2:$H$264,$A38,Schemes!$F$2:$F$264,"Audit land – partly on / edge (check)",Schemes!$K$2:$K$264,"<>Not started – past expiry",Schemes!$K$2:$K$264,"<>In planning") -> 74 | D38: =SUMIFS(Schemes!$M$2:$M$264,Schemes!$H$2:$H$264,$A38,Schemes!$F$2:$F$264,"City – outside audit land",Schemes!$K$2:$K$264,"<>Not started – past expiry",Schemes!$K$2:$K$264,"<>In planning") -> 248 | E38: =SUMIFS(Schemes!$M$2:$M$264,Schemes!$H$2:$H$264,$A38,Schemes!$F$2:$F$264,"County – audit not yet supplied",Schemes!$K$2:$K$264,"<>Not started – past expiry",Schemes!$K$2:$K$264,"<>In planning") -> 307 | F38: =SUM(B38:E38) -> 953 | G38: =IF($F$41=0,0,F38/$F$41) -> 0.090917764
A39: Public – AHB | B39: =SUMIFS(Schemes!$M$2:$M$264,Schemes!$H$2:$H$264,$A39,Schemes!$F$2:$F$264,"Audit land – within site",Schemes!$K$2:$K$264,"<>Not started – past expiry",Schemes!$K$2:$K$264,"<>In planning") -> 145 | C39: =SUMIFS(Schemes!$M$2:$M$264,Schemes!$H$2:$H$264,$A39,Schemes!$F$2:$F$264,"Audit land – partly on / edge (check)",Schemes!$K$2:$K$264,"<>Not started – past expiry",Schemes!$K$2:$K$264,"<>In planning") -> 4 | D39: =SUMIFS(Schemes!$M$2:$M$264,Schemes!$H$2:$H$264,$A39,Schemes!$F$2:$F$264,"City – outside audit land",Schemes!$K$2:$K$264,"<>Not started – past expiry",Schemes!$K$2:$K$264,"<>In planning") -> 78 | E39: =SUMIFS(Schemes!$M$2:$M$264,Schemes!$H$2:$H$264,$A39,Schemes!$F$2:$F$264,"County – audit not yet supplied",Schemes!$K$2:$K$264,"<>Not started – past expiry",Schemes!$K$2:$K$264,"<>In planning") -> 71 | F39: =SUM(B39:E39) -> 298 | G39: =IF($F$41=0,0,F39/$F$41) -> 0.028429689
A40: Public – LDA | B40: =SUMIFS(Schemes!$M$2:$M$264,Schemes!$H$2:$H$264,$A40,Schemes!$F$2:$F$264,"Audit land – within site",Schemes!$K$2:$K$264,"<>Not started – past expiry",Schemes!$K$2:$K$264,"<>In planning") -> 285 | C40: =SUMIFS(Schemes!$M$2:$M$264,Schemes!$H$2:$H$264,$A40,Schemes!$F$2:$F$264,"Audit land – partly on / edge (check)",Schemes!$K$2:$K$264,"<>Not started – past expiry",Schemes!$K$2:$K$264,"<>In planning") -> 0 | D40: =SUMIFS(Schemes!$M$2:$M$264,Schemes!$H$2:$H$264,$A40,Schemes!$F$2:$F$264,"City – outside audit land",Schemes!$K$2:$K$264,"<>Not started – past expiry",Schemes!$K$2:$K$264,"<>In planning") -> 0 | E40: =SUMIFS(Schemes!$M$2:$M$264,Schemes!$H$2:$H$264,$A40,Schemes!$F$2:$F$264,"County – audit not yet supplied",Schemes!$K$2:$K$264,"<>Not started – past expiry",Schemes!$K$2:$K$264,"<>In planning") -> 0 | F40: =SUM(B40:E40) -> 285 | G40: =IF($F$41=0,0,F40/$F$41) -> 0.027189468
A41: Total | B41: =SUM(B37:B40) -> 5252 | C41: =SUM(C37:C40) -> 105 | D41: =SUM(D37:D40) -> 3174 | E41: =SUM(E37:E40) -> 1951 | F41: =SUM(F37:F40) -> 10482 | G41: =IF($F$41=0,0,F41/$F$41) -> 1
A42: Public subtotal (LA + AHB + LDA) | B42: =SUM(B38:B40) -> 754 | C42: =SUM(C38:C40) -> 78 | D42: =SUM(D38:D40) -> 326 | E42: =SUM(E38:E40) -> 378 | F42: =SUM(F38:F40) -> 1536 | G42: =IF($F$41=0,0,F42/$F$41) -> 0.14653692
A44: 4. Expected completions by year and sector (consented, not yet complete)
A45: Sector | B45: Q4 2026 | C45: 2027 | D45: 2028 | E45: 2029 | F45: 2030 | G45: 2031+ | H45: Total projected | I45: Not projected*
A46: Private | B46: =SUMIFS(Schemes!$W$2:$W$264,Schemes!$H$2:$H$264,$A46) -> 528.4 | C46: =SUMIFS(Schemes!$X$2:$X$264,Schemes!$H$2:$H$264,$A46) -> 2037.6 | D46: =SUMIFS(Schemes!$Y$2:$Y$264,Schemes!$H$2:$H$264,$A46) -> 1415.7 | E46: =SUMIFS(Schemes!$Z$2:$Z$264,Schemes!$H$2:$H$264,$A46) -> 1727.2 | F46: =SUMIFS(Schemes!$AA$2:$AA$264,Schemes!$H$2:$H$264,$A46) -> 721.1 | G46: =SUMIFS(Schemes!$AB$2:$AB$264,Schemes!$H$2:$H$264,$A46) -> 1386 | H46: =SUM(B46:G46) -> 7816 | I46: =SUMIFS(Schemes!$AC$2:$AC$264,Schemes!$H$2:$H$264,$A46) -> 516
A47: Public – local authority | B47: =SUMIFS(Schemes!$W$2:$W$264,Schemes!$H$2:$H$264,$A47) -> 49.1 | C47: =SUMIFS(Schemes!$X$2:$X$264,Schemes!$H$2:$H$264,$A47) -> 225.6 | D47: =SUMIFS(Schemes!$Y$2:$Y$264,Schemes!$H$2:$H$264,$A47) -> 217.1 | E47: =SUMIFS(Schemes!$Z$2:$Z$264,Schemes!$H$2:$H$264,$A47) -> 151.6 | F47: =SUMIFS(Schemes!$AA$2:$AA$264,Schemes!$H$2:$H$264,$A47) -> 68.2 | G47: =SUMIFS(Schemes!$AB$2:$AB$264,Schemes!$H$2:$H$264,$A47) -> 34.4 | H47: =SUM(B47:G47) -> 746 | I47: =SUMIFS(Schemes!$AC$2:$AC$264,Schemes!$H$2:$H$264,$A47) -> 160
A48: Public – AHB | B48: =SUMIFS(Schemes!$W$2:$W$264,Schemes!$H$2:$H$264,$A48) -> 10.9 | C48: =SUMIFS(Schemes!$X$2:$X$264,Schemes!$H$2:$H$264,$A48) -> 92.3 | D48: =SUMIFS(Schemes!$Y$2:$Y$264,Schemes!$H$2:$H$264,$A48) -> 84.9 | E48: =SUMIFS(Schemes!$Z$2:$Z$264,Schemes!$H$2:$H$264,$A48) -> 15.3 | F48: =SUMIFS(Schemes!$AA$2:$AA$264,Schemes!$H$2:$H$264,$A48) -> 0.7 | G48: =SUMIFS(Schemes!$AB$2:$AB$264,Schemes!$H$2:$H$264,$A48) -> -0.1 | H48: =SUM(B48:G48) -> 204 | I48: =SUMIFS(Schemes!$AC$2:$AC$264,Schemes!$H$2:$H$264,$A48) -> 41
A49: Public – LDA | B49: =SUMIFS(Schemes!$W$2:$W$264,Schemes!$H$2:$H$264,$A49) -> 0 | C49: =SUMIFS(Schemes!$X$2:$X$264,Schemes!$H$2:$H$264,$A49) -> 0 | D49: =SUMIFS(Schemes!$Y$2:$Y$264,Schemes!$H$2:$H$264,$A49) -> 10.1 | E49: =SUMIFS(Schemes!$Z$2:$Z$264,Schemes!$H$2:$H$264,$A49) -> 61 | F49: =SUMIFS(Schemes!$AA$2:$AA$264,Schemes!$H$2:$H$264,$A49) -> 61 | G49: =SUMIFS(Schemes!$AB$2:$AB$264,Schemes!$H$2:$H$264,$A49) -> 152.9 | H49: =SUM(B49:G49) -> 285 | I49: =SUMIFS(Schemes!$AC$2:$AC$264,Schemes!$H$2:$H$264,$A49) -> 0
A50: Small schemes and one-off houses (allowance) | B50: ='CSO reconciliation'!B$27 -> 44.483333 | C50: ='CSO reconciliation'!C$27 -> 191.01667 | D50: ='CSO reconciliation'!D$27 -> 191.01667 | E50: ='CSO reconciliation'!E$27 -> 191.01667 | F50: ='CSO reconciliation'!F$27 -> 191.01667 | G50: ='CSO reconciliation'!G$27 -> 0 | H50: =SUM(B50:G50) -> 808.55
A51: Total | B51: =SUM(B46:B50) -> 632.88333 | C51: =SUM(C46:C50) -> 2546.5167 | D51: =SUM(D46:D50) -> 1918.8167 | E51: =SUM(E46:E50) -> 2146.1167 | F51: =SUM(F46:F50) -> 1042.0167 | G51: =SUM(G46:G50) -> 1573.2 | H51: =SUM(H46:H50) -> 9859.55 | I51: =SUM(I46:I50) -> 717
A52: * Stalled, expired or still in planning. Shown for reference, not placed in a year. Allowance = one-off houses and 2–9 unit schemes the tracker does not hold (CSO reconciliation sheet).
A54: 5. Expected completions by year and location
A55: Location | B55: Q4 2026 | C55: 2027 | D55: 2028 | E55: 2029 | F55: 2030 | G55: 2031+ | H55: Total projected
A56: Audit land – within site | B56: =SUMIFS(Schemes!$W$2:$W$264,Schemes!$F$2:$F$264,$A56) -> 113.1 | C56: =SUMIFS(Schemes!$X$2:$X$264,Schemes!$F$2:$F$264,$A56) -> 574.8 | D56: =SUMIFS(Schemes!$Y$2:$Y$264,Schemes!$F$2:$F$264,$A56) -> 767.8 | E56: =SUMIFS(Schemes!$Z$2:$Z$264,Schemes!$F$2:$F$264,$A56) -> 1312.1 | F56: =SUMIFS(Schemes!$AA$2:$AA$264,Schemes!$F$2:$F$264,$A56) -> 803.6 | G56: =SUMIFS(Schemes!$AB$2:$AB$264,Schemes!$F$2:$F$264,$A56) -> 1573.6 | H56: =SUM(B56:G56) -> 5145
A57: Audit land – partly on / edge (check) | B57: =SUMIFS(Schemes!$W$2:$W$264,Schemes!$F$2:$F$264,$A57) -> 11.6 | C57: =SUMIFS(Schemes!$X$2:$X$264,Schemes!$F$2:$F$264,$A57) -> 38.4 | D57: =SUMIFS(Schemes!$Y$2:$Y$264,Schemes!$F$2:$F$264,$A57) -> 35.5 | E57: =SUMIFS(Schemes!$Z$2:$Z$264,Schemes!$F$2:$F$264,$A57) -> 19.2 | F57: =SUMIFS(Schemes!$AA$2:$AA$264,Schemes!$F$2:$F$264,$A57) -> 0.3 | G57: =SUMIFS(Schemes!$AB$2:$AB$264,Schemes!$F$2:$F$264,$A57) -> 0 | H57: =SUM(B57:G57) -> 105
A58: City – outside audit land | B58: =SUMIFS(Schemes!$W$2:$W$264,Schemes!$F$2:$F$264,$A58) -> 302.7 | C58: =SUMIFS(Schemes!$X$2:$X$264,Schemes!$F$2:$F$264,$A58) -> 1100.8 | D58: =SUMIFS(Schemes!$Y$2:$Y$264,Schemes!$F$2:$F$264,$A58) -> 409.8 | E58: =SUMIFS(Schemes!$Z$2:$Z$264,Schemes!$F$2:$F$264,$A58) -> 290.9 | F58: =SUMIFS(Schemes!$AA$2:$AA$264,Schemes!$F$2:$F$264,$A58) -> 19.2 | G58: =SUMIFS(Schemes!$AB$2:$AB$264,Schemes!$F$2:$F$264,$A58) -> -0.4 | H58: =SUM(B58:G58) -> 2123
A59: County – audit not yet supplied | B59: =SUMIFS(Schemes!$W$2:$W$264,Schemes!$F$2:$F$264,$A59) -> 161 | C59: =SUMIFS(Schemes!$X$2:$X$264,Schemes!$F$2:$F$264,$A59) -> 641.5 | D59: =SUMIFS(Schemes!$Y$2:$Y$264,Schemes!$F$2:$F$264,$A59) -> 514.7 | E59: =SUMIFS(Schemes!$Z$2:$Z$264,Schemes!$F$2:$F$264,$A59) -> 332.9 | F59: =SUMIFS(Schemes!$AA$2:$AA$264,Schemes!$F$2:$F$264,$A59) -> 27.9 | G59: =SUMIFS(Schemes!$AB$2:$AB$264,Schemes!$F$2:$F$264,$A59) -> 0 | H59: =SUM(B59:G59) -> 1678
A60: Small schemes and one-off houses (allowance) | B60: ='CSO reconciliation'!B$27 -> 44.483333 | C60: ='CSO reconciliation'!C$27 -> 191.01667 | D60: ='CSO reconciliation'!D$27 -> 191.01667 | E60: ='CSO reconciliation'!E$27 -> 191.01667 | F60: ='CSO reconciliation'!F$27 -> 191.01667 | G60: ='CSO reconciliation'!G$27 -> 0 | H60: =SUM(B60:G60) -> 808.55
A61: Total | B61: =SUM(B56:B60) -> 632.88333 | C61: =SUM(C56:C60) -> 2546.5167 | D61: =SUM(D56:D60) -> 1918.8167 | E61: =SUM(E56:E60) -> 2146.1167 | F61: =SUM(F56:F60) -> 1042.0167 | G61: =SUM(G56:G60) -> 1573.2 | H61: =SUM(H56:H60) -> 9859.55
A63: 6. Expected completions by year and confidence
A64: Confidence | B64: Q4 2026 | C64: 2027 | D64: 2028 | E64: 2029 | F64: 2030 | G64: 2031+ | H64: Total projected
A65: High | B65: =SUMIFS(Schemes!$W$2:$W$264,Schemes!$T$2:$T$264,$A65) -> 588.4 | C65: =SUMIFS(Schemes!$X$2:$X$264,Schemes!$T$2:$T$264,$A65) -> 2353 | D65: =SUMIFS(Schemes!$Y$2:$Y$264,Schemes!$T$2:$T$264,$A65) -> 552.6 | E65: =SUMIFS(Schemes!$Z$2:$Z$264,Schemes!$T$2:$T$264,$A65) -> 243.3 | F65: =SUMIFS(Schemes!$AA$2:$AA$264,Schemes!$T$2:$T$264,$A65) -> 221.9 | G65: =SUMIFS(Schemes!$AB$2:$AB$264,Schemes!$T$2:$T$264,$A65) -> 104.8 | H65: =SUM(B65:G65) -> 4064
A66: Medium | B66: =SUMIFS(Schemes!$W$2:$W$264,Schemes!$T$2:$T$264,$A66) -> 0 | C66: =SUMIFS(Schemes!$X$2:$X$264,Schemes!$T$2:$T$264,$A66) -> 2.5 | D66: =SUMIFS(Schemes!$Y$2:$Y$264,Schemes!$T$2:$T$264,$A66) -> 553.3 | E66: =SUMIFS(Schemes!$Z$2:$Z$264,Schemes!$T$2:$T$264,$A66) -> 1046.3 | F66: =SUMIFS(Schemes!$AA$2:$AA$264,Schemes!$T$2:$T$264,$A66) -> 493.3 | G66: =SUMIFS(Schemes!$AB$2:$AB$264,Schemes!$T$2:$T$264,$A66) -> 1468.6 | H66: =SUM(B66:G66) -> 3564
A67: Low | B67: =SUMIFS(Schemes!$W$2:$W$264,Schemes!$T$2:$T$264,$A67) -> 0 | C67: =SUMIFS(Schemes!$X$2:$X$264,Schemes!$T$2:$T$264,$A67) -> 0 | D67: =SUMIFS(Schemes!$Y$2:$Y$264,Schemes!$T$2:$T$264,$A67) -> 621.9 | E67: =SUMIFS(Schemes!$Z$2:$Z$264,Schemes!$T$2:$T$264,$A67) -> 665.5 | F67: =SUMIFS(Schemes!$AA$2:$AA$264,Schemes!$T$2:$T$264,$A67) -> 135.8 | G67: =SUMIFS(Schemes!$AB$2:$AB$264,Schemes!$T$2:$T$264,$A67) -> -0.2 | H67: =SUM(B67:G67) -> 1423
A68: Small schemes and one-off houses (allowance) | B68: ='CSO reconciliation'!B$27 -> 44.483333 | C68: ='CSO reconciliation'!C$27 -> 191.01667 | D68: ='CSO reconciliation'!D$27 -> 191.01667 | E68: ='CSO reconciliation'!E$27 -> 191.01667 | F68: ='CSO reconciliation'!F$27 -> 191.01667 | G68: ='CSO reconciliation'!G$27 -> 0 | H68: =SUM(B68:G68) -> 808.55
A69: Total | B69: =SUM(B65:B68) -> 632.88333 | C69: =SUM(C65:C68) -> 2546.5167 | D69: =SUM(D65:D68) -> 1918.8167 | E69: =SUM(E65:E68) -> 2146.1167 | F69: =SUM(F65:F68) -> 1042.0167 | G69: =SUM(G65:G68) -> 1573.2 | H69: =SUM(H65:H68) -> 9859.55
A70: High = on site. Medium = permitted and within the usual time to start, or at tender / contract awarded. Low = permitted but past the usual start date with no commencement, or expiry falls before the assumed start.
A72: Interpretation
A73: • Consents within audit sites cover 37% of the estimated capacity on audit land. Most audit land has no permission yet.
A74: • 37% of consented units in the city are outside the audit land. 2,529 of those are complete or under construction, so this is real supply that a site-based target would miss.
A75: • 4,064 units are under construction. These are the most reliable part of the next two years.
A76: • 4,987 units have a live permission but no start. 1,423 of them are past the usual time to start or close to expiry, so they are rated low confidence.
A77: • Public bodies (council, AHBs, LDA) hold 15% of consented units.
A78: • Projected completions peak in 2027. Figures after 2028 depend mostly on permissions that have not started, so treat them as an upper figure.
A79: • CSO and the planning register agree closely over 2018–2025 (8,846 vs 9,416 units permitted). The tracker holds the larger schemes; about 183 one-off houses and 79 units in 2–9 unit schemes are permitted each year outside it (2023–2025). At 73% built, that adds about 191 homes a year to the projection.
A80: • Delivery years are our estimates from timings observed in Limerick (see Assumptions). They are not developer programmes.

Sheet Breakdowns
A1: Breakdowns
A3: City neighbourhoods: audit land, capacity and consents
A4: Neighbourhood | B4: Audit sites | C4: Area (ha) | D4: Capacity | E4: Consented within sites | F4: Residual | G4: Consented, partly / edge | H4: Consented outside audit land | I4: All consented
A5: Ballinacurra | B5: =COUNTIFS(Sites!$C$2:$C$135,$A5) -> 5 | C5: =SUMIFS(Sites!$I$2:$I$135,Sites!$C$2:$C$135,$A5) -> 4.53 | D5: =SUMIFS(Sites!$J$2:$J$135,Sites!$C$2:$C$135,$A5) -> 203 | E5: =SUMIFS(Schemes!$M$2:$M$264,Schemes!$D$2:$D$264,$A5,Schemes!$F$2:$F$264,"Audit land – within site",Schemes!$K$2:$K$264,"<>Not started – past expiry",Schemes!$K$2:$K$264,"<>In planning") -> 371 | F5: =SUMIFS(Sites!$O$2:$O$135,Sites!$C$2:$C$135,$A5) -> 148 | G5: =SUMIFS(Schemes!$M$2:$M$264,Schemes!$D$2:$D$264,$A5,Schemes!$F$2:$F$264,"Audit land – partly on / edge (check)",Schemes!$K$2:$K$264,"<>Not started – past expiry",Schemes!$K$2:$K$264,"<>In planning") -> 0 | H5: =SUMIFS(Schemes!$M$2:$M$264,Schemes!$D$2:$D$264,$A5,Schemes!$F$2:$F$264,"City – outside audit land",Schemes!$K$2:$K$264,"<>Not started – past expiry",Schemes!$K$2:$K$264,"<>In planning") -> 44 | I5: =E5+G5+H5 -> 415
A6: Caherdavin | B6: =COUNTIFS(Sites!$C$2:$C$135,$A6) -> 19 | C6: =SUMIFS(Sites!$I$2:$I$135,Sites!$C$2:$C$135,$A6) -> 47.86 | D6: =SUMIFS(Sites!$J$2:$J$135,Sites!$C$2:$C$135,$A6) -> 1933 | E6: =SUMIFS(Schemes!$M$2:$M$264,Schemes!$D$2:$D$264,$A6,Schemes!$F$2:$F$264,"Audit land – within site",Schemes!$K$2:$K$264,"<>Not started – past expiry",Schemes!$K$2:$K$264,"<>In planning") -> 1037 | F6: =SUMIFS(Sites!$O$2:$O$135,Sites!$C$2:$C$135,$A6) -> 938 | G6: =SUMIFS(Schemes!$M$2:$M$264,Schemes!$D$2:$D$264,$A6,Schemes!$F$2:$F$264,"Audit land – partly on / edge (check)",Schemes!$K$2:$K$264,"<>Not started – past expiry",Schemes!$K$2:$K$264,"<>In planning") -> 38 | H6: =SUMIFS(Schemes!$M$2:$M$264,Schemes!$D$2:$D$264,$A6,Schemes!$F$2:$F$264,"City – outside audit land",Schemes!$K$2:$K$264,"<>Not started – past expiry",Schemes!$K$2:$K$264,"<>In planning") -> 223 | I6: =E6+G6+H6 -> 1298
A7: Castletroy/Annacotty | B7: =COUNTIFS(Sites!$C$2:$C$135,$A7) -> 16 | C7: =SUMIFS(Sites!$I$2:$I$135,Sites!$C$2:$C$135,$A7) -> 56.808 | D7: =SUMIFS(Sites!$J$2:$J$135,Sites!$C$2:$C$135,$A7) -> 2355 | E7: =SUMIFS(Schemes!$M$2:$M$264,Schemes!$D$2:$D$264,$A7,Schemes!$F$2:$F$264,"Audit land – within site",Schemes!$K$2:$K$264,"<>Not started – past expiry",Schemes!$K$2:$K$264,"<>In planning") -> 1666 | F7: =SUMIFS(Sites!$O$2:$O$135,Sites!$C$2:$C$135,$A7) -> 1188 | G7: =SUMIFS(Schemes!$M$2:$M$264,Schemes!$D$2:$D$264,$A7,Schemes!$F$2:$F$264,"Audit land – partly on / edge (check)",Schemes!$K$2:$K$264,"<>Not started – past expiry",Schemes!$K$2:$K$264,"<>In planning") -> 0 | H7: =SUMIFS(Schemes!$M$2:$M$264,Schemes!$D$2:$D$264,$A7,Schemes!$F$2:$F$264,"City – outside audit land",Schemes!$K$2:$K$264,"<>Not started – past expiry",Schemes!$K$2:$K$264,"<>In planning") -> 1144 | I7: =E7+G7+H7 -> 2810
A8: City Centre | B8: =COUNTIFS(Sites!$C$2:$C$135,$A8) -> 21 | C8: =SUMIFS(Sites!$I$2:$I$135,Sites!$C$2:$C$135,$A8) -> 77.639 | D8: =SUMIFS(Sites!$J$2:$J$135,Sites!$C$2:$C$135,$A8) -> 3633 | E8: =SUMIFS(Schemes!$M$2:$M$264,Schemes!$D$2:$D$264,$A8,Schemes!$F$2:$F$264,"Audit land – within site",Schemes!$K$2:$K$264,"<>Not started – past expiry",Schemes!$K$2:$K$264,"<>In planning") -> 332 | F8: =SUMIFS(Sites!$O$2:$O$135,Sites!$C$2:$C$135,$A8) -> 3301 | G8: =SUMIFS(Schemes!$M$2:$M$264,Schemes!$D$2:$D$264,$A8,Schemes!$F$2:$F$264,"Audit land – partly on / edge (check)",Schemes!$K$2:$K$264,"<>Not started – past expiry",Schemes!$K$2:$K$264,"<>In planning") -> 12 | H8: =SUMIFS(Schemes!$M$2:$M$264,Schemes!$D$2:$D$264,$A8,Schemes!$F$2:$F$264,"City – outside audit land",Schemes!$K$2:$K$264,"<>Not started – past expiry",Schemes!$K$2:$K$264,"<>In planning") -> 581 | I8: =E8+G8+H8 -> 925
A9: Corbally/Grove Island | B9: =COUNTIFS(Sites!$C$2:$C$135,$A9) -> 9 | C9: =SUMIFS(Sites!$I$2:$I$135,Sites!$C$2:$C$135,$A9) -> 16.707 | D9: =SUMIFS(Sites!$J$2:$J$135,Sites!$C$2:$C$135,$A9) -> 646 | E9: =SUMIFS(Schemes!$M$2:$M$264,Schemes!$D$2:$D$264,$A9,Schemes!$F$2:$F$264,"Audit land – within site",Schemes!$K$2:$K$264,"<>Not started – past expiry",Schemes!$K$2:$K$264,"<>In planning") -> 51 | F9: =SUMIFS(Sites!$O$2:$O$135,Sites!$C$2:$C$135,$A9) -> 599 | G9: =SUMIFS(Schemes!$M$2:$M$264,Schemes!$D$2:$D$264,$A9,Schemes!$F$2:$F$264,"Audit land – partly on / edge (check)",Schemes!$K$2:$K$264,"<>Not started – past expiry",Schemes!$K$2:$K$264,"<>In planning") -> 15 | H9: =SUMIFS(Schemes!$M$2:$M$264,Schemes!$D$2:$D$264,$A9,Schemes!$F$2:$F$264,"City – outside audit land",Schemes!$K$2:$K$264,"<>Not started – past expiry",Schemes!$K$2:$K$264,"<>In planning") -> 24 | I9: =E9+G9+H9 -> 90
A10: Dooradoyle | B10: =COUNTIFS(Sites!$C$2:$C$135,$A10) -> 21 | C10: =SUMIFS(Sites!$I$2:$I$135,Sites!$C$2:$C$135,$A10) -> 80.257 | D10: =SUMIFS(Sites!$J$2:$J$135,Sites!$C$2:$C$135,$A10) -> 3699 | E10: =SUMIFS(Schemes!$M$2:$M$264,Schemes!$D$2:$D$264,$A10,Schemes!$F$2:$F$264,"Audit land – within site",Schemes!$K$2:$K$264,"<>Not started – past expiry",Schemes!$K$2:$K$264,"<>In planning") -> 1124 | F10: =SUMIFS(Sites!$O$2:$O$135,Sites!$C$2:$C$135,$A10) -> 2792 | G10: =SUMIFS(Schemes!$M$2:$M$264,Schemes!$D$2:$D$264,$A10,Schemes!$F$2:$F$264,"Audit land – partly on / edge (check)",Schemes!$K$2:$K$264,"<>Not started – past expiry",Schemes!$K$2:$K$264,"<>In planning") -> 0 | H10: =SUMIFS(Schemes!$M$2:$M$264,Schemes!$D$2:$D$264,$A10,Schemes!$F$2:$F$264,"City – outside audit land",Schemes!$K$2:$K$264,"<>Not started – past expiry",Schemes!$K$2:$K$264,"<>In planning") -> 796 | I10: =E10+G10+H10 -> 1920
A11: Kings Island | B11: =COUNTIFS(Sites!$C$2:$C$135,$A11) -> 4 | C11: =SUMIFS(Sites!$I$2:$I$135,Sites!$C$2:$C$135,$A11) -> 0.734 | D11: =SUMIFS(Sites!$J$2:$J$135,Sites!$C$2:$C$135,$A11) -> 52 | E11: =SUMIFS(Schemes!$M$2:$M$264,Schemes!$D$2:$D$264,$A11,Schemes!$F$2:$F$264,"Audit land – within site",Schemes!$K$2:$K$264,"<>Not started – past expiry",Schemes!$K$2:$K$264,"<>In planning") -> 27 | F11: =SUMIFS(Sites!$O$2:$O$135,Sites!$C$2:$C$135,$A11) -> 25 | G11: =SUMIFS(Schemes!$M$2:$M$264,Schemes!$D$2:$D$264,$A11,Schemes!$F$2:$F$264,"Audit land – partly on / edge (check)",Schemes!$K$2:$K$264,"<>Not started – past expiry",Schemes!$K$2:$K$264,"<>In planning") -> 23 | H11: =SUMIFS(Schemes!$M$2:$M$264,Schemes!$D$2:$D$264,$A11,Schemes!$F$2:$F$264,"City – outside audit land",Schemes!$K$2:$K$264,"<>Not started – past expiry",Schemes!$K$2:$K$264,"<>In planning") -> 0 | I11: =E11+G11+H11 -> 50
A12: Singland/Garryowen | B12: =COUNTIFS(Sites!$C$2:$C$135,$A12) -> 19 | C12: =SUMIFS(Sites!$I$2:$I$135,Sites!$C$2:$C$135,$A12) -> 13.036 | D12: =SUMIFS(Sites!$J$2:$J$135,Sites!$C$2:$C$135,$A12) -> 615 | E12: =SUMIFS(Schemes!$M$2:$M$264,Schemes!$D$2:$D$264,$A12,Schemes!$F$2:$F$264,"Audit land – within site",Schemes!$K$2:$K$264,"<>Not started – past expiry",Schemes!$K$2:$K$264,"<>In planning") -> 231 | F12: =SUMIFS(Sites!$O$2:$O$135,Sites!$C$2:$C$135,$A12) -> 469 | G12: =SUMIFS(Schemes!$M$2:$M$264,Schemes!$D$2:$D$264,$A12,Schemes!$F$2:$F$264,"Audit land – partly on / edge (check)",Schemes!$K$2:$K$264,"<>Not started – past expiry",Schemes!$K$2:$K$264,"<>In planning") -> 0 | H12: =SUMIFS(Schemes!$M$2:$M$264,Schemes!$D$2:$D$264,$A12,Schemes!$F$2:$F$264,"City – outside audit land",Schemes!$K$2:$K$264,"<>Not started – past expiry",Schemes!$K$2:$K$264,"<>In planning") -> 69 | I12: =E12+G12+H12 -> 300
A13: Southhill | B13: =COUNTIFS(Sites!$C$2:$C$135,$A13) -> 20 | C13: =SUMIFS(Sites!$I$2:$I$135,Sites!$C$2:$C$135,$A13) -> 18.641 | D13: =SUMIFS(Sites!$J$2:$J$135,Sites!$C$2:$C$135,$A13) -> 956 | E13: =SUMIFS(Schemes!$M$2:$M$264,Schemes!$D$2:$D$264,$A13,Schemes!$F$2:$F$264,"Audit land – within site",Schemes!$K$2:$K$264,"<>Not started – past expiry",Schemes!$K$2:$K$264,"<>In planning") -> 413 | F13: =SUMIFS(Sites!$O$2:$O$135,Sites!$C$2:$C$135,$A13) -> 683 | G13: =SUMIFS(Schemes!$M$2:$M$264,Schemes!$D$2:$D$264,$A13,Schemes!$F$2:$F$264,"Audit land – partly on / edge (check)",Schemes!$K$2:$K$264,"<>Not started – past expiry",Schemes!$K$2:$K$264,"<>In planning") -> 17 | H13: =SUMIFS(Schemes!$M$2:$M$264,Schemes!$D$2:$D$264,$A13,Schemes!$F$2:$F$264,"City – outside audit land",Schemes!$K$2:$K$264,"<>Not started – past expiry",Schemes!$K$2:$K$264,"<>In planning") -> 293 | I13: =E13+G13+H13 -> 723
A14: Total | B14: =SUM(B5:B13) -> 134 | C14: =SUM(C5:C13) -> 316.212 | D14: =SUM(D5:D13) -> 14092 | E14: =SUM(E5:E13) -> 5252 | F14: =SUM(F5:F13) -> 10143 | G14: =SUM(G5:G13) -> 105 | H14: =SUM(H5:H13) -> 3174 | I14: =SUM(I5:I13) -> 8531
A15: Consents within sites are counted by the scheme’s own neighbourhood, so a few may sit in a different row from the site they fall on near a boundary.
A17: Consented units by tenure and location
A18: Tenure | B18: Audit land – within site | C18: Audit land – partly / edge | D18: City – outside audit land | E18: County | F18: Total
A19: Market (incl. Part V) | B19: =SUMIFS(Schemes!$M$2:$M$264,Schemes!$I$2:$I$264,$A19,Schemes!$F$2:$F$264,"Audit land – within site",Schemes!$K$2:$K$264,"<>Not started – past expiry",Schemes!$K$2:$K$264,"<>In planning") -> 3780 | C19: =SUMIFS(Schemes!$M$2:$M$264,Schemes!$I$2:$I$264,$A19,Schemes!$F$2:$F$264,"Audit land – partly on / edge (check)",Schemes!$K$2:$K$264,"<>Not started – past expiry",Schemes!$K$2:$K$264,"<>In planning") -> 27 | D19: =SUMIFS(Schemes!$M$2:$M$264,Schemes!$I$2:$I$264,$A19,Schemes!$F$2:$F$264,"City – outside audit land",Schemes!$K$2:$K$264,"<>Not started – past expiry",Schemes!$K$2:$K$264,"<>In planning") -> 2823 | E19: =SUMIFS(Schemes!$M$2:$M$264,Schemes!$I$2:$I$264,$A19,Schemes!$F$2:$F$264,"County – audit not yet supplied",Schemes!$K$2:$K$264,"<>Not started – past expiry",Schemes!$K$2:$K$264,"<>In planning") -> 1573 | F19: =SUM(B19:E19) -> 8203
A20: Social | B20: =SUMIFS(Schemes!$M$2:$M$264,Schemes!$I$2:$I$264,$A20,Schemes!$F$2:$F$264,"Audit land – within site",Schemes!$K$2:$K$264,"<>Not started – past expiry",Schemes!$K$2:$K$264,"<>In planning") -> 469 | C20: =SUMIFS(Schemes!$M$2:$M$264,Schemes!$I$2:$I$264,$A20,Schemes!$F$2:$F$264,"Audit land – partly on / edge (check)",Schemes!$K$2:$K$264,"<>Not started – past expiry",Schemes!$K$2:$K$264,"<>In planning") -> 78 | D20: =SUMIFS(Schemes!$M$2:$M$264,Schemes!$I$2:$I$264,$A20,Schemes!$F$2:$F$264,"City – outside audit land",Schemes!$K$2:$K$264,"<>Not started – past expiry",Schemes!$K$2:$K$264,"<>In planning") -> 326 | E20: =SUMIFS(Schemes!$M$2:$M$264,Schemes!$I$2:$I$264,$A20,Schemes!$F$2:$F$264,"County – audit not yet supplied",Schemes!$K$2:$K$264,"<>Not started – past expiry",Schemes!$K$2:$K$264,"<>In planning") -> 347 | F20: =SUM(B20:E20) -> 1220
A21: Affordable / cost rental | B21: =SUMIFS(Schemes!$M$2:$M$264,Schemes!$I$2:$I$264,$A21,Schemes!$F$2:$F$264,"Audit land – within site",Schemes!$K$2:$K$264,"<>Not started – past expiry",Schemes!$K$2:$K$264,"<>In planning") -> 285 | C21: =SUMIFS(Schemes!$M$2:$M$264,Schemes!$I$2:$I$264,$A21,Schemes!$F$2:$F$264,"Audit land – partly on / edge (check)",Schemes!$K$2:$K$264,"<>Not started – past expiry",Schemes!$K$2:$K$264,"<>In planning") -> 0 | D21: =SUMIFS(Schemes!$M$2:$M$264,Schemes!$I$2:$I$264,$A21,Schemes!$F$2:$F$264,"City – outside audit land",Schemes!$K$2:$K$264,"<>Not started – past expiry",Schemes!$K$2:$K$264,"<>In planning") -> 0 | E21: =SUMIFS(Schemes!$M$2:$M$264,Schemes!$I$2:$I$264,$A21,Schemes!$F$2:$F$264,"County – audit not yet supplied",Schemes!$K$2:$K$264,"<>Not started – past expiry",Schemes!$K$2:$K$264,"<>In planning") -> 31 | F21: =SUM(B21:E21) -> 316
A22: Student (PBSA) | B22: =SUMIFS(Schemes!$M$2:$M$264,Schemes!$I$2:$I$264,$A22,Schemes!$F$2:$F$264,"Audit land – within site",Schemes!$K$2:$K$264,"<>Not started – past expiry",Schemes!$K$2:$K$264,"<>In planning") -> 718 | C22: =SUMIFS(Schemes!$M$2:$M$264,Schemes!$I$2:$I$264,$A22,Schemes!$F$2:$F$264,"Audit land – partly on / edge (check)",Schemes!$K$2:$K$264,"<>Not started – past expiry",Schemes!$K$2:$K$264,"<>In planning") -> 0 | D22: =SUMIFS(Schemes!$M$2:$M$264,Schemes!$I$2:$I$264,$A22,Schemes!$F$2:$F$264,"City – outside audit land",Schemes!$K$2:$K$264,"<>Not started – past expiry",Schemes!$K$2:$K$264,"<>In planning") -> 25 | E22: =SUMIFS(Schemes!$M$2:$M$264,Schemes!$I$2:$I$264,$A22,Schemes!$F$2:$F$264,"County – audit not yet supplied",Schemes!$K$2:$K$264,"<>Not started – past expiry",Schemes!$K$2:$K$264,"<>In planning") -> 0 | F22: =SUM(B22:E22) -> 743
A23: Total | B23: =SUM(B19:B22) -> 5252 | C23: =SUM(C19:C22) -> 105 | D23: =SUM(D19:D22) -> 3174 | E23: =SUM(E19:E22) -> 1951 | F23: =SUM(F19:F22) -> 10482
A25: Consented units by sector and status
A26: Sector | B26: Complete | C26: Under construction | D26: Not started – permission live | E26: Stalled (CIS) | F26: Not started – past expiry | G26: In planning
A27: Private | B27: =SUMIFS(Schemes!$M$2:$M$264,Schemes!$H$2:$H$264,$A27,Schemes!$K$2:$K$264,"Complete") -> 974 | C27: =SUMIFS(Schemes!$M$2:$M$264,Schemes!$H$2:$H$264,$A27,Schemes!$K$2:$K$264,"Under construction") -> 3347 | D27: =SUMIFS(Schemes!$M$2:$M$264,Schemes!$H$2:$H$264,$A27,Schemes!$K$2:$K$264,"Not started – permission live") -> 4469 | E27: =SUMIFS(Schemes!$M$2:$M$264,Schemes!$H$2:$H$264,$A27,Schemes!$K$2:$K$264,"Stalled (CIS)") -> 156 | F27: =SUMIFS(Schemes!$M$2:$M$264,Schemes!$H$2:$H$264,$A27,Schemes!$K$2:$K$264,"Not started – past expiry") -> 278 | G27: =SUMIFS(Schemes!$M$2:$M$264,Schemes!$H$2:$H$264,$A27,Schemes!$K$2:$K$264,"In planning") -> 82
A28: Public – local authority | B28: =SUMIFS(Schemes!$M$2:$M$264,Schemes!$H$2:$H$264,$A28,Schemes!$K$2:$K$264,"Complete") -> 207 | C28: =SUMIFS(Schemes!$M$2:$M$264,Schemes!$H$2:$H$264,$A28,Schemes!$K$2:$K$264,"Under construction") -> 546 | D28: =SUMIFS(Schemes!$M$2:$M$264,Schemes!$H$2:$H$264,$A28,Schemes!$K$2:$K$264,"Not started – permission live") -> 200 | E28: =SUMIFS(Schemes!$M$2:$M$264,Schemes!$H$2:$H$264,$A28,Schemes!$K$2:$K$264,"Stalled (CIS)") -> 0 | F28: =SUMIFS(Schemes!$M$2:$M$264,Schemes!$H$2:$H$264,$A28,Schemes!$K$2:$K$264,"Not started – past expiry") -> 0 | G28: =SUMIFS(Schemes!$M$2:$M$264,Schemes!$H$2:$H$264,$A28,Schemes!$K$2:$K$264,"In planning") -> 160
A29: Public – AHB | B29: =SUMIFS(Schemes!$M$2:$M$264,Schemes!$H$2:$H$264,$A29,Schemes!$K$2:$K$264,"Complete") -> 94 | C29: =SUMIFS(Schemes!$M$2:$M$264,Schemes!$H$2:$H$264,$A29,Schemes!$K$2:$K$264,"Under construction") -> 171 | D29: =SUMIFS(Schemes!$M$2:$M$264,Schemes!$H$2:$H$264,$A29,Schemes!$K$2:$K$264,"Not started – permission live") -> 33 | E29: =SUMIFS(Schemes!$M$2:$M$264,Schemes!$H$2:$H$264,$A29,Schemes!$K$2:$K$264,"Stalled (CIS)") -> 0 | F29: =SUMIFS(Schemes!$M$2:$M$264,Schemes!$H$2:$H$264,$A29,Schemes!$K$2:$K$264,"Not started – past expiry") -> 33 | G29: =SUMIFS(Schemes!$M$2:$M$264,Schemes!$H$2:$H$264,$A29,Schemes!$K$2:$K$264,"In planning") -> 8
A30: Public – LDA | B30: =SUMIFS(Schemes!$M$2:$M$264,Schemes!$H$2:$H$264,$A30,Schemes!$K$2:$K$264,"Complete") -> 0 | C30: =SUMIFS(Schemes!$M$2:$M$264,Schemes!$H$2:$H$264,$A30,Schemes!$K$2:$K$264,"Under construction") -> 0 | D30: =SUMIFS(Schemes!$M$2:$M$264,Schemes!$H$2:$H$264,$A30,Schemes!$K$2:$K$264,"Not started – permission live") -> 285 | E30: =SUMIFS(Schemes!$M$2:$M$264,Schemes!$H$2:$H$264,$A30,Schemes!$K$2:$K$264,"Stalled (CIS)") -> 0 | F30: =SUMIFS(Schemes!$M$2:$M$264,Schemes!$H$2:$H$264,$A30,Schemes!$K$2:$K$264,"Not started – past expiry") -> 0 | G30: =SUMIFS(Schemes!$M$2:$M$264,Schemes!$H$2:$H$264,$A30,Schemes!$K$2:$K$264,"In planning") -> 0
A31: Total | B31: =SUM(B27:B30) -> 1275 | C31: =SUM(C27:C30) -> 4064 | D31: =SUM(D27:D30) -> 4987 | E31: =SUM(E27:E30) -> 156 | F31: =SUM(F27:F30) -> 311 | G31: =SUM(G27:G30) -> 250
A33: Purpose-built student accommodation: units and bedspaces
A34: Scheme | B34: Planning ref | C34: Location | D34: Status | E34: Units (in totals) | F34: Bedspaces | G34: Est. start | H34: Est. last completions | I34: Confidence
A35: €87m - Student Accommodation, Castletroy | B35: 2560113 | C35: Audit land – within site | D35: Not started – permission live | E35: 196 | F35: 1400 | G35: 2027 Q2 | H35: 2029 Q2 | I35: Medium
A36: €42m - Large Residential Development, Castletroy | B36: 2660089 | C36: Audit land – within site | D36: Not started – permission live | E36: 465 | F36: 309 | G36: 2028 Q2 | H36: 2037 Q3 | I36: Medium
A37: €14m - Old Dublin Road Student Village LRD, Limerick City | B37: 221216 | C37: Audit land – within site | D37: Under construction | E37: 26 | F37: 202 | G37: 2024 Q4 | H37: 2027 Q2 | I37: High
A38: €5.9m - Student Accommodation Development | B38: 221172 | C38: City – outside audit land | D38: Not started – permission live | E38: 25 | F38: 116 | G38: 2027 Q3 | H38: 2028 Q4 | I38: Low
A39: €9.4m - Student Accommodation Development, Limerick | B39: 2561232 | C39: City – outside audit land | D39: Not started – permission live | E39: 0 | F39: 115 | G39: 2027 Q4 | H39: 2029 Q3 | I39: Medium
A40: €8.5m - Student Accommodation Development, Former Hassett’s Bar | B40: 19710 | C40: Audit land – within site | D40: Stalled (CIS) | E40: 31 | I40: Not projected
A41: €919k - Student Accommodation Development, Saint Gerard Street | B41: 201142 | C41: City – outside audit land | D41: Not started – past expiry | E41: 0 | I41: Not projected
A42: Total (consented, excl. expired) | E42: =SUMIFS(Schemes!$M$2:$M$264,Schemes!$I$2:$I$264,"Student (PBSA)",Schemes!$K$2:$K$264,"<>Not started – past expiry",Schemes!$K$2:$K$264,"<>In planning") -> 743 | F42: =SUMIFS(Schemes!$N$2:$N$264,Schemes!$I$2:$I$264,"Student (PBSA)",Schemes!$K$2:$K$264,"<>Not started – past expiry",Schemes!$K$2:$K$264,"<>In planning") -> 2142
A43: Units are as recorded by CIS (usually cluster apartments). Bedspaces from the PBSA schedule or the planning register. Whitebox (25/60113): 196 units, 1,400 bedspaces. Existing PBSA stock is not pipeline and is not included.

Sheet Sites
A1: Site id | B1: Rsca | C1: Neighbourhood | D1: Local name | E1: Landowner | F1: Zoning | G1: Site type | H1: Register status | I1: Area ha | J1: Capacity units | K1: Complete units | L1: Under construction units | M1: Permitted not started units | N1: Consented units | O1: Residual capacity | P1: Expired not started units | Q1: In planning units | R1: Edge match units | S1: Permissions on site | T1: Flag | U1: Reconcile action
A2: CITY-129 | B2: 129 | C2: Ballinacurra | D2: City Centre | E2: Council | F2: New Resi | G2: Brownfield | H2: Undeveloped/Permission Sought | I2: 2.208 | J2: 99 | K2: 0 | L2: 0 | M2: 0 | N2: 0 | O2: 99 | P2: 0 | Q2: 0 | R2: 0 | S2: 0 | U2: Unchanged
A3: CITY-130 | B3: 130 | C3: Ballinacurra | D3: City Centre | E3: Council | F3: Exist Resi | G3: Infill | H3: Undeveloped/Permission Sought | I3: 0.144 | J3: 6 | K3: 0 | L3: 0 | M3: 0 | N3: 0 | O3: 6 | P3: 0 | Q3: 0 | R3: 0 | S3: 0 | U3: Unchanged
A4: CITY-131 | B4: 131 | C4: Ballinacurra | D4: City Centre | E4: Council | F4: New Resi | G4: Infill | H4: Undeveloped/Permission Sought | I4: 0.252 | J4: 11 | K4: 0 | L4: 0 | M4: 0 | N4: 0 | O4: 11 | P4: 0 | Q4: 0 | R4: 0 | S4: 0 | U4: Unchanged
A5: CITY-132 | B5: 132 | C5: Ballinacurra | D5: Dock Rd | E5: Private | F5: Exist Resi | G5: Brownfield | H5: Undeveloped/Permission Sought | I5: 0.706 | J5: 32 | K5: 0 | L5: 0 | M5: 0 | N5: 0 | O5: 32 | P5: 0 | Q5: 0 | R5: 0 | S5: 0 | U5: Unchanged
A6: CITY-133 | B6: 133 | C6: Ballinacurra | D6: Dock Rd | E6: Private | F6: New Resi | G6: Infill | H6: Complete/Commenced | I6: 1.22 | J6: 55 | K6: 0 | L6: 371 | M6: 0 | N6: 371 | O6: 0 | P6: 0 | Q6: 0 | R6: 0 | S6: 1 | T6: Consented above capacity | U6: Reduced Area
A7: CITY-1 | B7: 1 | C7: Caherdavin | D7: Northside | E7: Private | F7: New Resi | G7: Greenfield | H7: Permission Granted | I7: 2.408 | J7: 165 | K7: 0 | L7: 0 | M7: 165 | N7: 165 | O7: 0 | P7: 0 | Q7: 0 | R7: 0 | S7: 1 | U7: Unchanged
A8: CITY-2 | B8: 2 | C8: Caherdavin | D8: Northside | E8: Private | F8: New Resi | G8: Greenfield | H8: Undeveloped/Permission Sought | I8: 2.193 | J8: 77 | K8: 0 | L8: 0 | M8: 0 | N8: 0 | O8: 77 | P8: 0 | Q8: 0 | R8: 0 | S8: 0 | U8: Reinstated: removed in council review with no reason recorded; adjoining land built under 17/470, this remainder undeveloped
A9: CITY-3 | B9: 3 | C9: Caherdavin | D9: Northside | E9: Private | F9: New Resi | G9: Brownfield | H9: Permission Granted | I9: 2.013 | J9: 343 | K9: 65 | L9: 167 | M9: 0 | N9: 232 | O9: 111 | P9: 0 | Q9: 0 | R9: 0 | S9: 2 | U9: Unchanged
A10: CITY-5 | B10: 5 | C10: Caherdavin | D10: Northside | E10: Unknown | F10: New Resi | G10: Greenfield | H10: Permission Granted | I10: 2.729 | J10: 99 | K10: 0 | L10: 99 | M10: 0 | N10: 99 | O10: 0 | P10: 0 | Q10: 0 | R10: 0 | S10: 1 | U10: Unchanged
A11: CITY-6 | B11: 6 | C11: Caherdavin | D11: Northside | E11: Unknown | F11: Local Centre | G11: Greenfield | H11: Permission Granted | I11: 0.162 | J11: 12 | K11: 0 | L11: 0 | M11: 12 | N11: 12 | O11: 0 | P11: 0 | Q11: 0 | R11: 0 | S11: 1 | U11: Unchanged
A12: CITY-7 | B12: 7 | C12: Caherdavin | D12: Northside | E12: Unknown | F12: New Resi | G12: Greenfield | H12: Permission Granted | I12: 11.8 | J12: 413 | K12: 0 | L12: 0 | M12: 251 | N12: 251 | O12: 162 | P12: 0 | Q12: 0 | R12: 0 | S12: 3 | U12: Unchanged
A13: CITY-8 | B13: 8 | C13: Caherdavin | D13: Northside | E13: Unknown | F13: New Resi | G13: Greenfield | H13: Permission Granted | I13: 2.772 | J13: 97 | K13: 0 | L13: 0 | M13: 86 | N13: 86 | O13: 11 | P13: 0 | Q13: 0 | R13: 0 | S13: 1 | U13: Unchanged
A14: CITY-9 | B14: 9 | C14: Caherdavin | D14: Northside | E14: Council | F14: Exist Resi | G14: Infill | H14: Undeveloped/Permission Sought | I14: 1.07 | J14: 48 | K14: 0 | L14: 0 | M14: 0 | N14: 0 | O14: 48 | P14: 0 | Q14: 0 | R14: 0 | S14: 0 | U14: Unchanged
A15: CITY-10 | B15: 10 | C15: Caherdavin | D15: Northside | E15: Council | F15: Exist Resi | G15: Infill | H15: Undeveloped/Permission Sought | I15: 1.991 | J15: 90 | K15: 0 | L15: 0 | M15: 0 | N15: 0 | O15: 90 | P15: 0 | Q15: 0 | R15: 0 | S15: 0 | U15: Unchanged
A16: CITY-12 | B16: 12 | C16: Caherdavin | D16: Northside | E16: Unknown | F16: Mixed Use | G16: Greenfield | H16: Permission Granted | I16: 9.431 | J16: 73 | K16: 0 | L16: 115 | M16: 0 | N16: 115 | O16: 0 | P16: 0 | Q16: 0 | R16: 0 | S16: 1 | T16: Consented above capacity | U16: Unchanged (council file landowner "EOI", owner not stated: shown as Unknown)
A17: CITY-13 | B17: 13 | C17: Caherdavin | D17: Northside | E17: Council | F17: Exist Resi | G17: Infill | H17: Undeveloped/Permission Sought | I17: 0.899 | J17: 40 | K17: 0 | L17: 0 | M17: 0 | N17: 0 | O17: 40 | P17: 0 | Q17: 0 | R17: 38 | S17: 0 | T17: Edge match – check boundary | U17: Unchanged
A18: CITY-14 | B18: 14 | C18: Caherdavin | D18: Northside | E18: Council | F18: Exist Resi | G18: Infill | H18: Complete/Commenced | I18: 0.654 | J18: 30 | K18: 0 | L18: 0 | M18: 0 | N18: 0 | O18: 30 | P18: 0 | Q18: 0 | R18: 0 | S18: 0 | T18: Register says permitted/complete but no permission linked | U18: Reduced Area
A19: CITY-15 | B19: 15 | C19: Caherdavin | D19: Northside | E19: Council | F19: New Resi | G19: Infill | H19: Undeveloped/Permission Sought | I19: 3.003 | J19: 135 | K19: 0 | L19: 0 | M19: 0 | N19: 0 | O19: 135 | P19: 0 | Q19: 0 | R19: 0 | S19: 0 | U19: Unchanged
A20: CITY-16 | B20: 16 | C20: Caherdavin | D20: Northside | E20: Council | F20: Exist Resi | G20: Infill | H20: Undeveloped/Permission Sought | I20: 0.436 | J20: 20 | K20: 0 | L20: 0 | M20: 0 | N20: 0 | O20: 20 | P20: 0 | Q20: 0 | R20: 0 | S20: 0 | U20: Unchanged
A21: CITY-20 | B21: 20 | C21: Caherdavin | D21: Northside | E21: Private | F21: Mixed Use | G21: Infill | H21: Undeveloped/Permission Sought | I21: 0.641 | J21: 29 | K21: 0 | L21: 0 | M21: 0 | N21: 0 | O21: 29 | P21: 0 | Q21: 0 | R21: 0 | S21: 0 | U21: Unchanged
A22: CITY-21 | B22: 21 | C22: Caherdavin | D22: Northside | E22: Private | F22: New Resi | G22: Brownfield | H22: Permission Granted | I22: 0.172 | J22: 31 | K22: 0 | L22: 0 | M22: 31 | N22: 31 | O22: 0 | P22: 0 | Q22: 0 | R22: 0 | S22: 1 | U22: Unchanged
A23: CITY-24 | B23: 24 | C23: Caherdavin | D23: Northside | E23: Unknown | F23: New Resi | G23: Infill | H23: Permission Granted | I23: 0.249 | J23: 46 | K23: 0 | L23: 0 | M23: 46 | N23: 46 | O23: 0 | P23: 0 | Q23: 0 | R23: 0 | S23: 1 | U23: Unchanged
A24: CITY-25 | B24: 25 | C24: Caherdavin | D24: Northside | E24: Council | F24: Exist Resi | G24: Infill | H24: Undeveloped/Permission Sought | I24: 0.125 | J24: 6 | K24: 0 | L24: 0 | M24: 0 | N24: 0 | O24: 6 | P24: 0 | Q24: 6 | R24: 0 | S24: 1 | U24: Unchanged
A25: CITY-164 | B25: 164 | C25: Caherdavin | E25: Unknown | I25: 5.112 | J25: 179 | K25: 0 | L25: 0 | M25: 0 | N25: 0 | O25: 179 | P25: 0 | Q25: 0 | R25: 0 | S25: 0 | U25: Addition
A26: CITY-53 | B26: 53 | C26: Castletroy/Annacotty | D26: Castletroy | E26: Private | F26: New Resi | G26: Infill | H26: Permission Granted | I26: 2.401 | J26: 108 | K26: 0 | L26: 0 | M26: 196 | N26: 196 | O26: 0 | P26: 0 | Q26: 0 | R26: 0 | S26: 1 | T26: Consented above capacity | U26: Unchanged
A27: CITY-54 | B27: 54 | C27: Castletroy/Annacotty | D27: Castletroy | E27: Private | F27: New Resi | G27: Infill | H27: Undeveloped/Permission Sought | I27: 1.435 | J27: 65 | K27: 0 | L27: 0 | M27: 0 | N27: 0 | O27: 65 | P27: 0 | Q27: 0 | R27: 0 | S27: 0 | U27: Unchanged
A28: CITY-56 | B28: 56 | C28: Castletroy/Annacotty | D28: Castletroy | E28: Private | F28: New Resi | G28: Infill | H28: Complete/Commenced | I28: 3.528 | J28: 123 | K28: 0 | L28: 32 | M28: 114 | N28: 146 | O28: 0 | P28: 0 | Q28: 0 | R28: 0 | S28: 2 | T28: Consented above capacity | U28: Reduced Area
A29: CITY-57 | B29: 57 | C29: Castletroy/Annacotty | D29: Castletroy | E29: Private | F29: New Resi | G29: Infill | H29: Undeveloped/Permission Sought | I29: 12.36 | J29: 508 | K29: 0 | L29: 0 | M29: 523 | N29: 523 | O29: 0 | P29: 0 | Q29: 0 | R29: 0 | S29: 1 | U29: Unchanged
A30: CITY-60 | B30: 60 | C30: Castletroy/Annacotty | D30: Castletroy | E30: Private | F30: New Resi | G30: Infill | H30: Undeveloped/Permission Sought | I30: 1.133 | J30: 51 | K30: 0 | L30: 0 | M30: 0 | N30: 0 | O30: 51 | P30: 0 | Q30: 0 | R30: 0 | S30: 0 | U30: Unchanged
A31: CITY-61 | B31: 61 | C31: Castletroy/Annacotty | D31: Castletroy | E31: Private | F31: New Resi | G31: Infill | H31: Permission Granted | I31: 2.467 | J31: 137 | K31: 0 | L31: 0 | M31: 0 | N31: 0 | O31: 137 | P31: 137 | Q31: 0 | R31: 0 | S31: 1 | T31: Register says permitted/complete but no permission linked | U31: Unchanged
A32: CITY-62 | B32: 62 | C32: Castletroy/Annacotty | D32: Castletroy | E32: Private | F32: Exist Resi | G32: Infill | H32: Undeveloped/Permission Sought | I32: 1.582 | J32: 71 | K32: 0 | L32: 0 | M32: 76 | N32: 76 | O32: 0 | P32: 0 | Q32: 0 | R32: 0 | S32: 1 | U32: Unchanged
A33: CITY-63 | B33: 63 | C33: Castletroy/Annacotty | D33: Castletroy | E33: Council | F33: New Resi | G33: Brownfield | H33: Undeveloped/Permission Sought | I33: 0.467 | J33: 21 | K33: 0 | L33: 0 | M33: 0 | N33: 0 | O33: 21 | P33: 0 | Q33: 0 | R33: 0 | S33: 0 | U33: Unchanged
A34: CITY-65 | B34: 65 | C34: Castletroy/Annacotty | D34: Castletroy | E34: Private | F34: New Resi | G34: Infill | H34: Undeveloped/Permission Sought | I34: 1.181 | J34: 53 | K34: 0 | L34: 0 | M34: 0 | N34: 0 | O34: 53 | P34: 0 | Q34: 0 | R34: 0 | S34: 0 | U34: Unchanged
A35: CITY-66 | B35: 66 | C35: Castletroy/Annacotty | D35: Castletroy | E35: Private | F35: New Resi | G35: Infill | H35: Undeveloped/Permission Sought | I35: 0.191 | J35: 7 | K35: 0 | L35: 0 | M35: 0 | N35: 0 | O35: 7 | P35: 0 | Q35: 0 | R35: 0 | S35: 0 | U35: Unchanged
A36: CITY-67 | B36: 67 | C36: Castletroy/Annacotty | D36: Castletroy | E36: Private | F36: New Resi | G36: Infill | H36: Undeveloped/Permission Sought | I36: 2.056 | J36: 72 | K36: 0 | L36: 0 | M36: 0 | N36: 0 | O36: 72 | P36: 0 | Q36: 0 | R36: 0 | S36: 0 | U36: Unchanged
A37: CITY-69 | B37: 69 | C37: Castletroy/Annacotty | D37: Castletroy | E37: Private | F37: New Resi | G37: Greenfield | H37: Undeveloped/Permission Sought | I37: 8.746 | J37: 310 | K37: 0 | L37: 0 | M37: 0 | N37: 0 | O37: 310 | P37: 0 | Q37: 0 | R37: 0 | S37: 0 | U37: Unchanged
A38: CITY-70 | B38: 70 | C38: Castletroy/Annacotty | D38: Castletroy | E38: Private | F38: New Resi | G38: Greenfield | H38: Undeveloped/Permission Sought | I38: 8.56 | J38: 375 | K38: 0 | L38: 0 | M38: 0 | N38: 0 | O38: 375 | P38: 0 | Q38: 0 | R38: 0 | S38: 0 | U38: Unchanged
A39: CITY-71 | B39: 71 | C39: Castletroy/Annacotty | D39: Castletroy | E39: Private | F39: New Resi | G39: Infill | H39: Undeveloped/Permission Sought | I39: 3.167 | J39: 141 | K39: 0 | L39: 0 | M39: 465 | N39: 465 | O39: 0 | P39: 0 | Q39: 0 | R39: 0 | S39: 1 | T39: Consented above capacity | U39: Unchanged
A40: CITY-72 | B40: 72 | C40: Castletroy/Annacotty | D40: Castletroy | E40: Private | F40: Mixed Use | G40: Greenfield | H40: Permission Granted | I40: 4.8 | J40: 216 | K40: 0 | L40: 48 | M40: 212 | N40: 260 | O40: 0 | P40: 0 | Q40: 0 | R40: 0 | S40: 2 | T40: Consented above capacity | U40: Reduced Area
A41: CITY-159 | B41: 159 | C41: Castletroy/Annacotty | D41: Castletroy | E41: Private | F41: New Resi | G41: Greenfield | H41: Undeveloped/Permission Sought | I41: 2.734 | J41: 97 | K41: 0 | L41: 0 | M41: 0 | N41: 0 | O41: 97 | P41: 0 | Q41: 0 | R41: 0 | S41: 0 | U41: Unchanged
A42: CITY-22 | B42: 22 | C42: City Centre | D42: Northside | E42: Council | F42: City C | G42: Brownfield | H42: Undeveloped/Permission Sought | I42: 3.919 | J42: 500 | K42: 0 | L42: 0 | M42: 0 | N42: 0 | O42: 500 | P42: 0 | Q42: 0 | R42: 0 | S42: 0 | U42: Unchanged
A43: CITY-23 | B43: 23 | C43: City Centre | D43: Northside | E43: Council | F43: New Resi | G43: Infill | H43: Undeveloped/Permission Sought | I43: 0.148 | J43: 7 | K43: 0 | L43: 0 | M43: 0 | N43: 0 | O43: 7 | P43: 0 | Q43: 0 | R43: 0 | S43: 0 | U43: Unchanged
A44: CITY-86 | B44: 86 | C44: City Centre | D44: City Centre | E44: Private | F44: City C | G44: Brownfield | H44: Undeveloped/Permission Sought | I44: 0.676 | J44: 68 | K44: 0 | L44: 0 | M44: 0 | N44: 0 | O44: 68 | P44: 0 | Q44: 0 | R44: 0 | S44: 0 | U44: Unchanged
A45: CITY-87 | B45: 87 | C45: City Centre | D45: City Centre | E45: Private | F45: City C | G45: Brownfield | H45: Undeveloped/Permission Sought | I45: 0.136 | J45: 14 | K45: 0 | L45: 0 | M45: 0 | N45: 0 | O45: 14 | P45: 0 | Q45: 0 | R45: 0 | S45: 0 | U45: Unchanged
A46: CITY-88 | B46: 88 | C46: City Centre | D46: City Centre | E46: Unknown | F46: City Centre | G46: Brownfield | H46: Undeveloped/Permission Sought | I46: 0.348 | J46: 35 | K46: 0 | L46: 0 | M46: 0 | N46: 0 | O46: 35 | P46: 0 | Q46: 0 | R46: 0 | S46: 0 | U46: Unchanged
A47: CITY-89 | B47: 89 | C47: City Centre | D47: City Centre | E47: Private | F47: City C | G47: Infill | H47: Undeveloped/Permission Sought | I47: 0 | J47: 0 | K47: 0 | L47: 0 | M47: 0 | N47: 0 | O47: 0 | P47: 0 | Q47: 0 | R47: 0 | S47: 0 | U47: Unchanged
A48: CITY-91 | B48: 91 | C48: City Centre | D48: Dock Rd | E48: Council | F48: City C | G48: Brownfield | H48: Undeveloped/Permission Sought | I48: 1.38 | J48: 285 | K48: 0 | L48: 0 | M48: 285 | N48: 285 | O48: 0 | P48: 0 | Q48: 0 | R48: 0 | S48: 1 | U48: Unchanged
A49: CITY-92 | B49: 92 | C49: City Centre | D49: City Centre | E49: Private | F49: City C | G49: Infill | H49: Undeveloped/Permission Sought | I49: 0 | J49: 0 | K49: 0 | L49: 0 | M49: 0 | N49: 0 | O49: 0 | P49: 0 | Q49: 0 | R49: 0 | S49: 0 | U49: Unchanged
A50: CITY-93 | B50: 93 | C50: City Centre | D50: City Centre | E50: Private | F50: City C | G50: Infill | H50: Undeveloped/Permission Sought | I50: 0 | J50: 0 | K50: 0 | L50: 0 | M50: 0 | N50: 0 | O50: 0 | P50: 0 | Q50: 0 | R50: 8 | S50: 0 | T50: Edge match – check boundary | U50: Unchanged
A51: CITY-95 | B51: 95 | C51: City Centre | D51: City Centre | E51: Private | F51: City C | G51: Infill | H51: Undeveloped/Permission Sought | I51: 0 | J51: 0 | K51: 0 | L51: 0 | M51: 0 | N51: 0 | O51: 0 | P51: 0 | Q51: 0 | R51: 0 | S51: 0 | U51: Unchanged
A52: CITY-97 | B52: 97 | C52: City Centre | D52: City Centre | E52: Private | F52: City C | G52: Infill | H52: Undeveloped/Permission Sought | I52: 0 | J52: 0 | K52: 0 | L52: 0 | M52: 0 | N52: 0 | O52: 0 | P52: 0 | Q52: 0 | R52: 0 | S52: 0 | U52: Unchanged
A53: CITY-99 | B53: 99 | C53: City Centre | D53: City Centre | E53: Private | F53: City C | G53: Infill | H53: Undeveloped/Permission Sought | I53: 0 | J53: 0 | K53: 0 | L53: 0 | M53: 0 | N53: 0 | O53: 0 | P53: 0 | Q53: 0 | R53: 0 | S53: 0 | U53: Unchanged
A54: CITY-101 | B54: 101 | C54: City Centre | D54: City Centre | E54: Private | F54: City C | G54: Brownfield | I54: 0.157 | J54: 16 | K54: 0 | L54: 0 | M54: 0 | N54: 0 | O54: 16 | P54: 8 | Q54: 0 | R54: 0 | S54: 1 | U54: Unchanged
A55: CITY-102 | B55: 102 | C55: City Centre | D55: City Centre | E55: Private | F55: City C | G55: Infill | H55: Undeveloped/Permission Sought | I55: 0 | J55: 0 | K55: 0 | L55: 0 | M55: 0 | N55: 0 | O55: 0 | P55: 0 | Q55: 0 | R55: 0 | S55: 0 | U55: Unchanged
A56: CITY-104 | B56: 104 | C56: City Centre | D56: City Centre | E56: Private | F56: City C | G56: Infill | H56: Undeveloped/Permission Sought | I56: 0 | J56: 0 | K56: 0 | L56: 0 | M56: 0 | N56: 0 | O56: 0 | P56: 0 | Q56: 0 | R56: 4 | S56: 0 | T56: Edge match – check boundary | U56: Unchanged
A57: CITY-105 | B57: 105 | C57: City Centre | D57: City Centre | E57: Private | F57: City C | G57: Infill | H57: Undeveloped/Permission Sought | I57: 0 | J57: 0 | K57: 0 | L57: 0 | M57: 0 | N57: 0 | O57: 0 | P57: 0 | Q57: 0 | R57: 0 | S57: 0 | U57: Unchanged
A58: CITY-106 | B58: 106 | C58: City Centre | D58: City Centre | E58: Council | F58: Exist Resi | G58: Brownfield | H58: Permission Granted | I58: 0.14 | J58: 36 | K58: 0 | L58: 36 | M58: 0 | N58: 36 | O58: 0 | P58: 0 | Q58: 0 | R58: 0 | S58: 1 | U58: Unchanged
A59: CITY-107 | B59: 107 | C59: City Centre | D59: City Centre | E59: Council | F59: City C | G59: Brownfield | H59: Undeveloped/Permission Sought | I59: 68.48 | J59: 2500 | K59: 11 | L59: 0 | M59: 0 | N59: 11 | O59: 2489 | P59: 0 | Q59: 4 | R59: 0 | S59: 2 | U59: Unchanged
A60: CITY-108 | B60: 108 | C60: City Centre | D60: City Centre | E60: Private | F60: New Resi | G60: Infill | H60: Undeveloped/Permission Sought | I60: 0.297 | J60: 13 | K60: 0 | L60: 0 | M60: 0 | N60: 0 | O60: 13 | P60: 0 | Q60: 0 | R60: 0 | S60: 0 | U60: Unchanged
A61: CITY-162 | B61: 162 | C61: City Centre | E61: Unknown | I61: 1.391 | J61: 139 | K61: 0 | L61: 0 | M61: 0 | N61: 0 | O61: 139 | P61: 0 | Q61: 0 | R61: 0 | S61: 0 | U61: Addition
A62: CITY-163 | B62: 163 | C62: City Centre | E62: Unknown | I62: 0.567 | J62: 20 | K62: 0 | L62: 0 | M62: 0 | N62: 0 | O62: 20 | P62: 0 | Q62: 0 | R62: 0 | S62: 0 | U62: Addition
A63: CITY-26 | B63: 26 | C63: Corbally/Grove Island | D63: Corbally | E63: Private | F63: New Resi | G63: Infill | H63: Undeveloped/Permission Sought | I63: 2.196 | J63: 77 | K63: 0 | L63: 0 | M63: 0 | N63: 0 | O63: 77 | P63: 0 | Q63: 0 | R63: 0 | S63: 0 | U63: Unchanged
A64: CITY-27 | B64: 27 | C64: Corbally/Grove Island | D64: Corbally | E64: Private | F64: New Resi | G64: Infill | H64: Undeveloped/Permission Sought | I64: 2.326 | J64: 86 | K64: 0 | L64: 0 | M64: 0 | N64: 0 | O64: 86 | P64: 0 | Q64: 0 | R64: 0 | S64: 0 | U64: Unchanged
A65: CITY-28 | B65: 28 | C65: Corbally/Grove Island | D65: Corbally | E65: Private | F65: New Resi | G65: Infill | H65: Undeveloped/Permission Sought | I65: 0.586 | J65: 25 | K65: 0 | L65: 0 | M65: 0 | N65: 0 | O65: 25 | P65: 0 | Q65: 0 | R65: 0 | S65: 0 | U65: Unchanged
A66: CITY-29 | B66: 29 | C66: Corbally/Grove Island | D66: Corbally | E66: Unknown | F66: New Resi | G66: Infill | H66: Undeveloped/Permission Sought | I66: 1.889 | J66: 85 | K66: 0 | L66: 0 | M66: 0 | N66: 0 | O66: 85 | P66: 0 | Q66: 0 | R66: 0 | S66: 0 | U66: Unchanged
A67: CITY-30 | B67: 30 | C67: Corbally/Grove Island | D67: Corbally | E67: Unknown | F67: New Resi | G67: Infill | H67: Undeveloped/Permission Sought | I67: 0.476 | J67: 21 | K67: 0 | L67: 0 | M67: 25 | N67: 25 | O67: 0 | P67: 0 | Q67: 0 | R67: 0 | S67: 1 | T67: Consented above capacity | U67: Unchanged
A68: CITY-31 | B68: 31 | C68: Corbally/Grove Island | D68: Corbally | E68: Private | F68: New Resi | G68: Infill | H68: Permission Granted | I68: 1.061 | J68: 37 | K68: 0 | L68: 26 | M68: 0 | N68: 26 | O68: 11 | P68: 0 | Q68: 0 | R68: 0 | S68: 1 | U68: Unchanged
A69: CITY-32 | B69: 32 | C69: Corbally/Grove Island | D69: Corbally | E69: Private | F69: New Resi | G69: Infill | H69: Undeveloped/Permission Sought | I69: 4.273 | J69: 178 | K69: 0 | L69: 0 | M69: 0 | N69: 0 | O69: 178 | P69: 0 | Q69: 0 | R69: 0 | S69: 0 | U69: Unchanged
A70: CITY-33 | B70: 33 | C70: Corbally/Grove Island | D70: Corbally | E70: Private | F70: New Resi | G70: Infill | H70: Undeveloped/Permission Sought | I70: 2.57 | J70: 90 | K70: 0 | L70: 0 | M70: 0 | N70: 0 | O70: 90 | P70: 0 | Q70: 0 | R70: 0 | S70: 0 | U70: Unchanged
A71: CITY-34 | B71: 34 | C71: Corbally/Grove Island | D71: Corbally | E71: Private | F71: New Resi | G71: Infill | H71: Permission Granted | I71: 1.33 | J71: 47 | K71: 0 | L71: 0 | M71: 0 | N71: 0 | O71: 47 | P71: 0 | Q71: 0 | R71: 15 | S71: 0 | T71: Edge match – check boundary | U71: Unchanged
A72: CITY-134 | B72: 134 | C72: Dooradoyle | D72: Dooradoyle | E72: Private | F72: Exist Resi | G72: Infill | H72: Undeveloped/Permission Sought | I72: 0.606 | J72: 23 | K72: 0 | L72: 0 | M72: 0 | N72: 0 | O72: 23 | P72: 0 | Q72: 0 | R72: 0 | S72: 0 | U72: Unchanged
A73: CITY-135 | B73: 135 | C73: Dooradoyle | D73: Dooradoyle | E73: Private | F73: Exist Resi | G73: Infill | H73: Undeveloped/Permission Sought | I73: 0.182 | J73: 6 | K73: 0 | L73: 0 | M73: 0 | N73: 0 | O73: 6 | P73: 0 | Q73: 0 | R73: 0 | S73: 0 | U73: Unchanged
A74: CITY-136 | B74: 136 | C74: Dooradoyle | D74: Dooradoyle | E74: Private | F74: New Resi | G74: Greenfield | H74: Permission Granted | I74: 8.559 | J74: 384 | K74: 0 | L74: 384 | M74: 0 | N74: 384 | O74: 0 | P74: 0 | Q74: 0 | R74: 0 | S74: 1 | U74: Unchanged
A75: CITY-137 | B75: 137 | C75: Dooradoyle | D75: Dooradoyle | E75: Private | F75: New Resi | G75: Infill | H75: Undeveloped/Permission Sought | I75: 2.42 | J75: 85 | K75: 0 | L75: 0 | M75: 0 | N75: 0 | O75: 85 | P75: 0 | Q75: 0 | R75: 0 | S75: 0 | U75: Unchanged
A76: CITY-139 | B76: 139 | C76: Dooradoyle | D76: Dooradoyle | E76: Council | F76: New Resi | G76: Brownfield | H76: Undeveloped/Permission Sought | I76: 0.285 | J76: 10 | K76: 0 | L76: 0 | M76: 0 | N76: 0 | O76: 10 | P76: 0 | Q76: 0 | R76: 0 | S76: 0 | U76: Unchanged
A77: CITY-141 | B77: 141 | C77: Dooradoyle | D77: Dooradoyle | E77: Private | F77: New Resi | G77: Greenfield | H77: Undeveloped/Permission Sought | I77: 0.516 | J77: 18 | K77: 0 | L77: 0 | M77: 0 | N77: 0 | O77: 18 | P77: 0 | Q77: 0 | R77: 0 | S77: 0 | U77: Unchanged
A78: CITY-142 | B78: 142 | C78: Dooradoyle | D78: Dooradoyle | E78: Private | F78: New Resi | G78: Infill | H78: Undeveloped/Permission Sought | I78: 4.121 | J78: 144 | K78: 0 | L78: 0 | M78: 0 | N78: 0 | O78: 144 | P78: 0 | Q78: 0 | R78: 0 | S78: 0 | U78: Unchanged
A79: CITY-143 | B79: 143 | C79: Dooradoyle | D79: Dooradoyle | E79: Private | F79: New Resi | G79: Infill | H79: Permission Granted | I79: 4.38 | J79: 153 | K79: 0 | L79: 0 | M79: 139 | N79: 139 | O79: 14 | P79: 0 | Q79: 0 | R79: 0 | S79: 1 | U79: Unchanged
A80: CITY-144 | B80: 144 | C80: Dooradoyle | D80: Dooradoyle | E80: Council | F80: New Resi | G80: Greenfield | H80: Undeveloped/Permission Sought | I80: 31.95 | J80: 1747 | K80: 0 | L80: 0 | M80: 351 | N80: 351 | O80: 1396 | P80: 0 | Q80: 0 | R80: 0 | S80: 2 | U80: Unchanged
A81: CITY-145 | B81: 145 | C81: Dooradoyle | D81: Dooradoyle | E81: Council | F81: New Resi | G81: Greenfield | H81: Undeveloped/Permission Sought | I81: 1.326 | J81: 46 | K81: 0 | L81: 0 | M81: 0 | N81: 0 | O81: 46 | P81: 0 | Q81: 0 | R81: 0 | S81: 0 | U81: Unchanged
A82: CITY-146 | B82: 146 | C82: Dooradoyle | D82: Dooradoyle | E82: Council | F82: New Resi | G82: Greenfield | H82: Undeveloped/Permission Sought | I82: 0.632 | J82: 22 | K82: 0 | L82: 0 | M82: 0 | N82: 0 | O82: 22 | P82: 0 | Q82: 0 | R82: 0 | S82: 0 | U82: Unchanged
A83: CITY-147 | B83: 147 | C83: Dooradoyle | D83: Dooradoyle | E83: Unknown | F83: Local Centre | G83: Infill | H83: Permission Granted | I83: 0.26 | J83: 9 | K83: 0 | L83: 0 | M83: 0 | N83: 0 | O83: 9 | P83: 0 | Q83: 0 | R83: 0 | S83: 0 | T83: Register says permitted/complete but no permission linked | U83: Unchanged
A84: CITY-148 | B84: 148 | C84: Dooradoyle | D84: Dooradoyle | E84: Council | F84: New Resi | G84: Greenfield | H84: Permission Granted | I84: 5.065 | J84: 253 | K84: 0 | L84: 0 | M84: 0 | N84: 0 | O84: 253 | P84: 0 | Q84: 0 | R84: 0 | S84: 0 | T84: Register says permitted/complete but no permission linked | U84: Unchanged
A85: CITY-149 | B85: 149 | C85: Dooradoyle | D85: Dooradoyle | E85: Private | F85: Exist Resi | G85: Infill | H85: Permission Granted | I85: 0.939 | J85: 33 | K85: 0 | L85: 250 | M85: 0 | N85: 250 | O85: 0 | P85: 0 | Q85: 0 | R85: 0 | S85: 1 | T85: Consented above capacity | U85: Unchanged
A86: CITY-151 | B86: 151 | C86: Dooradoyle | D86: Dooradoyle | E86: Private | F86: New Resi | G86: Greenfield | H86: Complete/Commenced | I86: 10.98 | J86: 462 | K86: 0 | L86: 0 | M86: 0 | N86: 0 | O86: 462 | P86: 0 | Q86: 0 | R86: 0 | S86: 0 | T86: Register says permitted/complete but no permission linked | U86: Reduced Area
A87: CITY-152 | B87: 152 | C87: Dooradoyle | D87: Dooradoyle | E87: Private | F87: New Resi | G87: Greenfield | H87: Undeveloped/Permission Sought | I87: 4.12 | J87: 152 | K87: 0 | L87: 0 | M87: 0 | N87: 0 | O87: 152 | P87: 0 | Q87: 0 | R87: 0 | S87: 0 | U87: Reduced Area
A88: CITY-153 | B88: 153 | C88: Dooradoyle | D88: Dooradoyle | E88: Private | F88: New Resi | G88: Greenfield | H88: Complete/Commenced | I88: 1.081 | J88: 37 | K88: 0 | L88: 0 | M88: 0 | N88: 0 | O88: 37 | P88: 0 | Q88: 0 | R88: 0 | S88: 0 | T88: Register says permitted/complete but no permission linked | U88: Reduced Area
A89: CITY-154 | B89: 154 | C89: Dooradoyle | D89: Dooradoyle | E89: Private | F89: Exist Resi | G89: Infill | H89: Undeveloped/Permission Sought | I89: 0.743 | J89: 33 | K89: 0 | L89: 0 | M89: 0 | N89: 0 | O89: 33 | P89: 0 | Q89: 0 | R89: 0 | S89: 0 | U89: Unchanged
A90: CITY-155 | B90: 155 | C90: Dooradoyle | D90: Dooradoyle | E90: Council | F90: New Resi | G90: Infill | H90: Undeveloped/Permission Sought | I90: 0.34 | J90: 15 | K90: 0 | L90: 0 | M90: 0 | N90: 0 | O90: 15 | P90: 0 | Q90: 0 | R90: 0 | S90: 0 | U90: Unchanged
A91: CITY-156 | B91: 156 | C91: Dooradoyle | D91: Dooradoyle | E91: Private | F91: Exist Resi | G91: Infill | H91: Undeveloped/Permission Sought | I91: 0.584 | J91: 26 | K91: 0 | L91: 0 | M91: 0 | N91: 0 | O91: 26 | P91: 0 | Q91: 0 | R91: 0 | S91: 0 | U91: Unchanged
A92: CITY-160 | B92: 160 | C92: Dooradoyle | D92: Dooradoyle | E92: Private | F92: New Resi | G92: Greenfield | H92: Undeveloped/Permission Sought | I92: 1.168 | J92: 41 | K92: 0 | L92: 0 | M92: 0 | N92: 0 | O92: 41 | P92: 0 | Q92: 0 | R92: 0 | S92: 0 | U92: Unchanged
A93: CITY-35 | B93: 35 | C93: Kings Island | D93: Corbally | E93: Council | F93: New Resi | G93: Infill | H93: Permission Granted | I93: 0.454 | J93: 27 | K93: 0 | L93: 0 | M93: 27 | N93: 27 | O93: 0 | P93: 0 | Q93: 0 | R93: 23 | S93: 1 | T93: Edge match – check boundary | U93: Reinstated: removed because it already had approval (Part 8 19/8004, 27 older persons homes, not started), unlike the 28 permitted sites the council kept
A94: CITY-40 | B94: 40 | C94: Kings Island | D94: Corbally | E94: Council | F94: City C | G94: Brownfield | H94: Undeveloped/Permission Sought | I94: 0.132 | J94: 13 | K94: 0 | L94: 0 | M94: 0 | N94: 0 | O94: 13 | P94: 0 | Q94: 0 | R94: 0 | S94: 0 | U94: Unchanged
A95: CITY-41 | B95: 41 | C95: Kings Island | D95: Corbally | E95: Council | F95: City C | G95: Brownfield | H95: Undeveloped/Permission Sought | I95: 0.106 | J95: 11 | K95: 0 | L95: 0 | M95: 0 | N95: 0 | O95: 11 | P95: 0 | Q95: 30 | R95: 0 | S95: 1 | U95: Unchanged
A96: CITY-168 | B96: 168 | C96: Kings Island | E96: Unknown | I96: 0.042 | J96: 1 | K96: 0 | L96: 0 | M96: 0 | N96: 0 | O96: 1 | P96: 0 | Q96: 0 | R96: 0 | S96: 0 | U96: Addition
A97: CITY-43 | B97: 43 | C97: Singland/Garryowen | D97: Garryowen | E97: Private | F97: New Resi | G97: Brownfield | H97: Undeveloped/Permission Sought | I97: 4.191 | J97: 188 | K97: 0 | L97: 0 | M97: 0 | N97: 0 | O97: 188 | P97: 0 | Q97: 0 | R97: 0 | S97: 0 | U97: Unchanged
A98: CITY-45 | B98: 45 | C98: Singland/Garryowen | D98: Garryowen | E98: Private | F98: New Resi | G98: Infill | H98: Undeveloped/Permission Sought | I98: 0.452 | J98: 20 | K98: 0 | L98: 0 | M98: 0 | N98: 0 | O98: 20 | P98: 0 | Q98: 0 | R98: 0 | S98: 0 | U98: Unchanged
A99: CITY-46 | B99: 46 | C99: Singland/Garryowen | D99: Garryowen | E99: Private | F99: New Resi | G99: Infill | H99: Undeveloped/Permission Sought | I99: 0.912 | J99: 41 | K99: 0 | L99: 0 | M99: 0 | N99: 0 | O99: 41 | P99: 0 | Q99: 0 | R99: 0 | S99: 0 | U99: Unchanged
A100: CITY-47 | B100: 47 | C100: Singland/Garryowen | D100: Garryowen | E100: Private | F100: New Resi | G100: Infill | H100: Undeveloped/Permission Sought | I100: 0.373 | J100: 17 | K100: 0 | L100: 0 | M100: 0 | N100: 0 | O100: 17 | P100: 0 | Q100: 0 | R100: 0 | S100: 0 | U100: Unchanged
...

Sheet Schemes
A1: Perm id | B1: Planning ref | C1: Scheme | D1: Neighbourhood | E1: Settlement | F1: Location | G1: Site id | H1: Sector | I1: Tenure | J1: Route | K1: Status | L1: CIS stage | M1: Units | N1: Student bedspaces | O1: Final grant | P1: Start on site | Q1: Expiry | R1: Est. start | S1: Est. last completions | T1: Confidence | U1: Basis for estimate | V1: Complete | W1: Q4 2026 | X1: 2027 | Y1: 2028 | Z1: 2029 | AA1: 2030 | AB1: 2031+ | AC1: Not projected
A2: 1363929 | B2: 2460864 | C2: €4.2m - Residential Development | D2: Corbally/Grove Island | E2: Limerick City and Suburbs | F2: Audit land – partly on / edge (check) | G2: CITY-34 | H2: Private | I2: Market (incl. Part V) | J2: Standard planning application | K2: Not started – permission live | L2: Permission Granted | M2: 15 | O2: 2025-09-18 | Q2: 2030-09-17 | R2: 2027 Q1 | S2: 2029 Q1 | T2: Medium | U2: Permitted 2025-09; typical start 1.4 yrs after grant | V2: 0 | W2: 0 | X2: 0 | Y2: 15 | Z2: 0 | AA2: 0 | AB2: 0 | AC2: 0
A3: 1347165 | B3: 2460468 | C3: €3.6m - Housing/Creche Development, Crossagalla | D3: Southhill | E3: Kilmallock | F3: Audit land – partly on / edge (check) | G3: CITY-114 | H3: Private | I3: Market (incl. Part V) | J3: Standard planning application | K3: Under construction | L3: On Site | M3: 12 | O3: 2024-10-24 | P3: 2025-01-08 | Q3: 2029-10-23 | R3: 2025 Q1 | S3: 2027 Q4 | T3: High | U3: On site: started 2025-01 | V3: 0 | W3: 2.8 | X3: 9.2 | Y3: 0 | Z3: 0 | AA3: 0 | AB3: 0 | AC3: 0
A4: 1292276 | B4: 23283 | C4: €907k - Change of Use to 4 Apartments | D4: City Centre | E4: Other County Limerick | F4: Audit land – partly on / edge (check) | G4: CITY-104 | H4: Public – AHB | I4: Social | J4: Standard planning application | K4: Not started – permission live | L4: Permission Granted | M4: 4 | O4: 2023-08-16 | Q4: 2028-08-15 | R4: 2027 Q3 | S4: 2029 Q2 | T4: Low | U4: Permitted 2023-08, past typical start date with no commencement: start assumed in 9 months | V4: 0 | W4: 0 | X4: 0 | Y4: 2.5 | Z4: 1.5 | AA4: 0 | AB4: 0 | AC4: 0
A5: 1063948 | B5: Part 8 - 1063948 | C5: €9m - Rapid Housing Delivery | D5: Caherdavin | E5: Other County Limerick | F5: Audit land – partly on / edge (check) | G5: CITY-13 | H5: Public – local authority | I5: Social | J5: Part 8 / council | K5: Under construction | L5: On Site | M5: 38 | O5: 2019-12-06 | P5: 2021-04-22 | R5: 2021 Q2 | S5: 2027 Q4 | T5: High | U5: On site: started 2021-04 | V5: 0 | W5: 8.8 | X5: 29.2 | Y5: 0 | Z5: 0 | AA5: 0 | AB5: 0 | AC5: 0
A6: 1422145 | C6: €719k - Architect Led Integrated Design Team Services for 23 Residential Units, Limerick | D6: Kings Island | E6: Limerick City and Suburbs | F6: Audit land – partly on / edge (check) | G6: CITY-35 | H6: Public – local authority | I6: Social | J6: Standard planning application | K6: Not started – permission live | L6: Contract Awarded | M6: 23 | R6: 2027 Q2 | S6: 2030 Q1 | T6: Medium | U6: Contract Awarded (CIS): start assumed within 6 months | V6: 0 | W6: 0 | X6: 0 | Y6: 9.6 | Z6: 13.1 | AA6: 0.3 | AB6: 0 | AC6: 0
A7: 1264155 | B7: Part 8 - 1264155 | C7: €590k - Residential Development / Living Georgian Project, 58 O’Connell Street | D7: City Centre | E7: Other County Limerick | F7: Audit land – partly on / edge (check) | G7: CITY-93 | H7: Public – local authority | I7: Social | J7: Part 8 / council | K7: Not started – permission live | L7: Permission Granted | M7: 8 | O7: 2022-04-08 | R7: 2027 Q3 | S7: 2029 Q3 | T7: Low | U7: Permitted 2022-04, past typical start date with no commencement: start assumed in 9 months | V7: 0 | W7: 0 | X7: 0 | Y7: 4 | Z7: 4 | AA7: 0 | AB7: 0 | AC7: 0
A8: 1412368 | B8: PT8LL277 | C8: €1.5m - 5 Residential Units, Limerick | D8: Southhill | E8: Limerick City and Suburbs | F8: Audit land – partly on / edge (check) | G8: CITY-111 | H8: Public – local authority | I8: Social | J8: Part 8 / council | K8: Not started – permission live | L8: Tender | M8: 5 | O8: 2025-12-15 | R8: 2027 Q2 | S8: 2029 Q1 | T8: Medium | U8: At tender (CIS): start assumed in 6–12 months | V8: 0 | W8: 0 | X8: 0 | Y8: 4.4 | Z8: 0.6 | AA8: 0 | AB8: 0 | AC8: 0
A9: 1378081 | B9: Part 8 - 1378081 | C9: €879k - 4 Houses | D9: Southhill | E9: Limerick City and Suburbs | F9: Audit land – partly on / edge (check) | G9: CITY-127 | H9: Public – local authority | I9: Social | J9: Part 8 / council | K9: In planning | L9: Plans Submitted | M9: 4 | T9: Not projected | U9: Not yet decided – not projected | V9: 0 | W9: 0 | X9: 0 | Y9: 0 | Z9: 0 | AA9: 0 | AB9: 0 | AC9: 4
A10: 1417205 | C10: €1.4m - Architect Led Integrated Design Team for College Avenue Infill Housing Scheme, Moyross | D10: Caherdavin | E10: Limerick City and Suburbs | F10: Audit land – partly on / edge (check) | G10: CITY-14 | H10: Public – local authority | I10: Social | J10: Standard planning application | K10: Not started – permission live | L10: Contract Awarded | M10: 0 | T10: Not projected | U10: No units | V10: 0 | W10: 0 | X10: 0 | Y10: 0 | Z10: 0 | AA10: 0 | AB10: 0 | AC10: 0
A11: 1446288 | B11: 2660241 | C11: €125.6m - Large Residential Development, Castletroy | D11: Castletroy/Annacotty | E11: Limerick City and Suburbs | F11: Audit land – within site | G11: CITY-57 | H11: Private | I11: Market (incl. Part V) | J11: LRD | K11: Not started – permission live | L11: Permission Granted | M11: 523 | O11: 2026-04-28 | Q11: 2031-09-01 | R11: 2028 Q1 | S11: 2038 Q2 | T11: Medium | U11: Permitted 2026-04; typical start 1.7 yrs after grant | V11: 0 | W11: 0 | X11: 0 | Y11: 0 | Z11: 53.2 | AA11: 55.6 | AB11: 414.2 | AC11: 0
A12: 1423228 | B12: 2660089 | C12: €42m - Large Residential Development, Castletroy | D12: Castletroy/Annacotty | E12: Limerick City and Suburbs | F12: Audit land – within site | G12: CITY-71 | H12: Private | I12: Student (PBSA) | J12: LRD | K12: Not started – permission live | L12: Permission Granted | M12: 465 | N12: 309 | O12: 2026-07-22 | Q12: 2031-07-21 | R12: 2028 Q2 | S12: 2037 Q3 | T12: Medium | U12: Permitted 2026-07; typical start 1.7 yrs after grant | V12: 0 | W12: 0 | X12: 0 | Y12: 0 | Z12: 40.8 | AA12: 56.4 | AB12: 367.8 | AC12: 0
A13: 1437215 | B13: 2660603 | C13: €84m - Parkway Valley LRD, Singland | D13: Southhill | E13: Other County Limerick | F13: Audit land – within site | G13: CITY-76 | H13: Private | I13: Market (incl. Part V) | J13: LRD | K13: Not started – permission live | L13: Permission Granted | M13: 403 | O13: 2026-07-22 | Q13: 2031-07-22 | R13: 2028 Q2 | S13: 2036 Q2 | T13: Medium | U13: Permitted 2026-07; typical start 1.7 yrs after grant | V13: 0 | W13: 0 | X13: 0 | Y13: 0 | Z13: 41.6 | AA13: 57.4 | AB13: 304 | AC13: 0
A14: 1221693 | B14: ABPREF313124 | C14: €76m - Residential Development, Raheen | D14: Dooradoyle | E14: Limerick City and Suburbs | F14: Audit land – within site | G14: CITY-136 | H14: Private | I14: Market (incl. Part V) | J14: SHD (An Bord Pleanála) | K14: Under construction | L14: Commencement Expected | M14: 384 | O14: 2022-06-30 | P14: 2024-04-24 | Q14: 2032-06-29 | R14: 2024 Q2 | S14: 2031 Q4 | T14: High | U14: On site: started 2024-04 | V14: 0 | W14: 17.2 | X14: 74.1 | Y14: 74.1 | Z14: 74.1 | AA14: 74.1 | AB14: 70.4 | AC14: 0
A15: 1194302 | B15: ABPREF311588 | C15: €66m - Greenpark SHD Residential Development, Dock Road, Limerick | D15: Ballinacurra | E15: Other County Limerick | F15: Audit land – within site | G15: CITY-133 | H15: Private | I15: Market (incl. Part V) | J15: SHD (An Bord Pleanála) | K15: Under construction | L15: On Site | M15: 371 | O15: 2022-03-30 | P15: 2023-07-31 | Q15: 2027-03-29 | R15: 2023 Q3 | S15: 2030 Q4 | T15: High | U15: On site: started 2023-07 | V15: 0 | W15: 20.6 | X15: 88.5 | Y15: 88.5 | Z15: 88.5 | AA15: 84.9 | AB15: 0 | AC15: 0
A16: 1428325 | B16: 2660275 | C16: €42m - Large Residential Development,Limerick | D16: Castletroy/Annacotty | E16: Limerick City and Suburbs | F16: Audit land – within site | G16: CITY-72 | H16: Private | I16: Market (incl. Part V) | J16: LRD | K16: Not started – permission live | L16: Permission Granted | M16: 212 | O16: 2026-09-23 | Q16: 2031-09-22 | R16: 2028 Q2 | S16: 2032 Q3 | T16: Medium | U16: Permitted 2026-09; typical start 1.7 yrs after grant | V16: 0 | W16: 0 | X16: 0 | Y16: 0 | Z16: 36.4 | AA16: 65.9 | AB16: 109.7 | AC16: 0
A17: 1389800 | B17: 2560113 | C17: €87m - Student Accommodation, Castletroy | D17: Castletroy/Annacotty | E17: Limerick City and Suburbs | F17: Audit land – within site | G17: CITY-53 | H17: Private | I17: Student (PBSA) | J17: LRD | K17: Not started – permission live | L17: Commencement Expected | M17: 196 | N17: 1400 | O17: 2025-10-29 | Q17: 2030-10-28 | R17: 2027 Q2 | S17: 2029 Q2 | T17: Medium | U17: Commencement Expected (CIS): start assumed within 6 months; student block completes in one go | V17: 0 | W17: 0 | X17: 0 | Y17: 0 | Z17: 196 | AA17: 0 | AB17: 0 | AC17: 0
A18: 1432711 | B18: 2660396 | C18: €39m - Large Residential Development, Mungret | D18: Dooradoyle | E18: Mungret | F18: Audit land – within site | G18: CITY-144 | H18: Private | I18: Market (incl. Part V) | J18: LRD | K18: Not started – permission live | L18: Permission Granted | M18: 182 | O18: 2026-09-15 | Q18: 2031-09-15 | R18: 2028 Q2 | S18: 2032 Q1 | T18: Medium | U18: Permitted 2026-09; typical start 1.7 yrs after grant | V18: 0 | W18: 0 | X18: 0 | Y18: 0 | Z18: 39.8 | AA18: 69.4 | AB18: 72.8 | AC18: 0
A19: 1417769 | B19: 2561231 | C19: €32.5m - Large Residential Development, Mungret | D19: Dooradoyle | E19: Mungret | F19: Audit land – within site | G19: CITY-144 | H19: Private | I19: Market (incl. Part V) | J19: LRD | K19: Not started – permission live | L19: Permission Granted | M19: 169 | O19: 2026-07-30 | Q19: 2031-07-30 | R19: 2028 Q2 | S19: 2031 Q3 | T19: Medium | U19: Permitted 2026-07; typical start 1.7 yrs after grant | V19: 0 | W19: 0 | X19: 0 | Y19: 0 | Z19: 50.3 | AA19: 71.5 | AB19: 47.2 | AC19: 0
A20: 1319462 | B20: 23557 | C20: €33m - LRD Development, Limerick | D20: Caherdavin | E20: Other County Limerick | F20: Audit land – within site | G20: CITY-3 | H20: Private | I20: Market (incl. Part V) | J20: LRD | K20: Under construction | L20: On Site | M20: 167 | O20: 2024-08-23 | P20: 2025-09-04 | Q20: 2029-08-22 | R20: 2025 Q3 | S20: 2029 Q1 | T20: High | U20: On site: started 2025-09 | V20: 0 | W20: 17.4 | X20: 74.9 | Y20: 74.6 | Z20: 0 | AA20: 0 | AB20: 0.1 | AC20: 0
A21: 1214059 | B21: ABPREF312683 | C21: €27.5m - Clonmacken Gardens Housing Development, Limerick | D21: Caherdavin | E21: Other County Limerick | F21: Audit land – within site | G21: CITY-1 | H21: Private | I21: Market (incl. Part V) | J21: SHD (An Bord Pleanála) | K21: Not started – permission live | L21: Permission Granted | M21: 165 | O21: 2022-05-26 | Q21: 2027-05-25 | R21: 2027 Q3 | S21: 2030 Q4 | T21: Low | U21: Permitted 2022-05, past typical start date with no commencement: start assumed in 9 months; expiry falls before assumed start | V21: 0 | W21: 0 | X21: 0 | Y21: 34.9 | Z21: 72.3 | AA21: 57.8 | AB21: 0 | AC21: 0
A22: 1382991 | B22: 2461282 | C22: €32m - LRD, Mungret | D22: Dooradoyle | E22: Mungret | F22: Audit land – within site | G22: CITY-143 | H22: Private | I22: Market (incl. Part V) | J22: LRD | K22: Not started – permission live | L22: Permission Granted | M22: 139 | O22: 2025-09-24 | Q22: 2030-09-23 | R22: 2027 Q2 | S22: 2030 Q1 | T22: Medium | U22: Permitted 2025-09; typical start 1.7 yrs after grant | V22: 0 | W22: 0 | X22: 0 | Y22: 43.2 | Z22: 78.7 | AA22: 17 | AB22: 0.1 | AC22: 0
A23: 1163033 | B23: ABPREF309999 | C23: €30m - Residential Development, Annacotty | D23: Castletroy/Annacotty | E23: Annacotty | F23: Audit land – within site | G23: CITY-61 | H23: Private | I23: Market (incl. Part V) | J23: SHD (An Bord Pleanála) | K23: Not started – past expiry | L23: Permission Granted | M23: 137 | O23: 2021-08-05 | Q23: 2026-08-04 | T23: Not projected | U23: Permission expired – not projected | V23: 0 | W23: 0 | X23: 0 | Y23: 0 | Z23: 0 | AA23: 0 | AB23: 0 | AC23: 137
A24: 1397299 | B24: 2560271 | C24: €21m - Residential Development, Castletroy | D24: Castletroy/Annacotty | E24: Limerick City and Suburbs | F24: Audit land – within site | G24: CITY-56 | H24: Private | I24: Market (incl. Part V) | J24: LRD | K24: Not started – permission live | L24: Permission Granted | M24: 114 | O24: 2026-04-15 | Q24: 2031-04-14 | R24: 2028 Q1 | S24: 2030 Q2 | T24: Medium | U24: Permitted 2026-04; typical start 1.7 yrs after grant | V24: 0 | W24: 0 | X24: 0 | Y24: 0 | Z24: 89.3 | AA24: 24.7 | AB24: 0 | AC24: 0
A25: 1207014 | B25: 211800 | C25: €21m - Residential Development, Old Cratloe Road | D25: Caherdavin | E25: Other County Limerick | F25: Audit land – within site | G25: CITY-7 | H25: Private | I25: Market (incl. Part V) | J25: Standard planning application | K25: Not started – permission live | L25: Permission Granted | M25: 99 | O25: 2024-04-08 | Q25: 2029-04-07 | R25: 2027 Q3 | S25: 2030 Q2 | T25: Low | U25: Permitted 2024-04, past typical start date with no commencement: start assumed in 9 months | V25: 0 | W25: 0 | X25: 0 | Y25: 25.1 | Z25: 51.9 | AA25: 22 | AB25: 0 | AC25: 0
A26: 1327848 | B26: 2460032 | C26: €18.9m - Residential Development, Old Cratloe Road | D26: Caherdavin | E26: Other County Limerick | F26: Audit land – within site | G26: CITY-5 | H26: Private | I26: Market (incl. Part V) | J26: Standard planning application | K26: Under construction | L26: On Site | M26: 99 | O26: 2024-08-20 | P26: 2025-08-20 | Q26: 2029-08-19 | R26: 2025 Q3 | S26: 2028 Q3 | T26: High | U26: On site: started 2025-08 | V26: 0 | W26: 13 | X26: 55.8 | Y26: 30.2 | Z26: 0 | AA26: 0 | AB26: 0 | AC26: 0
A27: 1248019 | B27: 22959 | C27: €20m - Residential Development, Limerick. | D27: Caherdavin | E27: Other County Limerick | F27: Audit land – within site | G27: CITY-7 | H27: Private | I27: Market (incl. Part V) | J27: Standard planning application | K27: Not started – permission live | L27: Permission Granted | M27: 98 | O27: 2024-11-21 | Q27: 2029-11-20 | R27: 2027 Q3 | S27: 2030 Q2 | T27: Low | U27: Permitted 2024-11, past typical start date with no commencement: start assumed in 9 months | V27: 0 | W27: 0 | X27: 0 | Y27: 25.2 | Z27: 52.2 | AA27: 20.6 | AB27: 0 | AC27: 0
A28: 1242233 | B28: 22817 | C28: €11m - Residential Development, Limerick | D28: Caherdavin | E28: Other County Limerick | F28: Audit land – within site | G28: CITY-8 | H28: Private | I28: Market (incl. Part V) | J28: Standard planning application | K28: Not started – permission live | L28: Permission Granted | M28: 86 | O28: 2023-07-04 | Q28: 2028-07-03 | R28: 2027 Q3 | S28: 2030 Q1 | T28: Low | U28: Permitted 2023-07, past typical start date with no commencement: start assumed in 9 months | V28: 0 | W28: 0 | X28: 0 | Y28: 27.2 | Z28: 56.4 | AA28: 2.4 | AB28: 0 | AC28: 0
A29: 1402906 | B29: 2560399 | C29: €16.4m - Residential Development | D29: Castletroy/Annacotty | E29: Annacotty | F29: Audit land – within site | G29: CITY-62 | H29: Private | I29: Market (incl. Part V) | J29: Standard planning application | K29: Not started – permission live | L29: Permission Granted | M29: 76 | O29: 2026-07-13 | Q29: 2031-07-12 | R29: 2027 Q3 | S29: 2029 Q4 | T29: Medium | U29: Permitted 2026-07; typical start 1.1 yrs after grant | V29: 0 | W29: 0 | X29: 0 | Y29: 20.9 | Z29: 55.1 | AA29: 0 | AB29: 0 | AC29: 0
A30: 1172151 | B30: 217025 | C30: €3.7m - Ardhú Apartments Refurbishment, Ennis Road | D30: Caherdavin | E30: Other County Limerick | F30: Audit land – within site | G30: CITY-3 | H30: Private | I30: Market (incl. Part V) | J30: Standard planning application | K30: Complete | L30: Complete | M30: 65 | O30: 2021-07-14 | P30: 2022-08-29 | Q30: 2026-11-19 | T30: Delivered | U30: Complete (CIS) | V30: 65 | W30: 0 | X30: 0 | Y30: 0 | Z30: 0 | AA30: 0 | AB30: 0 | AC30: 0
A31: 1164424 | B31: 21580 | C31: €9.6m - Residential Development | D31: Singland/Garryowen | E31: Limerick City and Suburbs | F31: Audit land – within site | G31: CITY-79 | H31: Private | I31: Market (incl. Part V) | J31: Standard planning application | K31: Not started – permission live | L31: Contract Awarded | M31: 55 | O31: 2025-05-13 | Q31: 2030-05-12 | R31: 2027 Q1 | S31: 2029 Q2 | T31: Medium | U31: Contract Awarded (CIS): start assumed within 6 months | V31: 0 | W31: 0 | X31: 0 | Y31: 42.9 | Z31: 12.1 | AA31: 0 | AB31: 0 | AC31: 0
A32: 1254544 | B32: 221114 | C32: €12.2m - Residential Development, Limerick | D32: Caherdavin | E32: Other County Limerick | F32: Audit land – within site | G32: CITY-7 | H32: Private | I32: Market (incl. Part V) | J32: Standard planning application | K32: Not started – permission live | L32: Permission Granted | M32: 54 | O32: 2024-10-18 | Q32: 2029-10-17 | R32: 2027 Q3 | S32: 2029 Q4 | T32: Low | U32: Permitted 2024-10, past typical start date with no commencement: start assumed in 9 months | V32: 0 | W32: 0 | X32: 0 | Y32: 20.7 | Z32: 33.3 | AA32: 0 | AB32: 0 | AC32: 0
A33: 1247398 | B33: 22950 | C33: €13.9m - Lidl Mixed Use Development , Ballysimon | D33: Castletroy/Annacotty | E33: Limerick City and Suburbs | F33: Audit land – within site | G33: CITY-72 | H33: Private | I33: Market (incl. Part V) | J33: Standard planning application | K33: Under construction | L33: On Site | M33: 48 | O33: 2023-09-05 | P33: 2024-07-15 | Q33: 2028-09-04 | R33: 2024 Q3 | S33: 2027 Q4 | T33: High | U33: On site: started 2024-07 | V33: 0 | W33: 11.2 | X33: 36.8 | Y33: 0 | Z33: 0 | AA33: 0 | AB33: 0 | AC33: 0
A34: 1265188 | B34: 221400 | C34: €10.4m - Residential Development, Thomondgate | D34: Caherdavin | E34: Other County Limerick | F34: Audit land – within site | G34: CITY-24 | H34: Private | I34: Market (incl. Part V) | J34: Standard planning application | K34: Not started – permission live | L34: Permission Granted | M34: 46 | O34: 2024-07-26 | Q34: 2029-07-25 | R34: 2027 Q3 | S34: 2029 Q3 | T34: Low | U34: Permitted 2024-07, past typical start date with no commencement: start assumed in 9 months | V34: 0 | W34: 0 | X34: 0 | Y34: 19.4 | Z34: 26.6 | AA34: 0 | AB34: 0 | AC34: 0
A35: 973082 | B35: 1855 | C35: €4.8m - Residential Development, Castletroy | D35: Castletroy/Annacotty | E35: Limerick City and Suburbs | F35: Audit land – within site | G35: CITY-56 | H35: Private | I35: Market (incl. Part V) | J35: Standard planning application | K35: Under construction | L35: Commencement Expected | M35: 32 | O35: 2018-07-04 | P35: 2018-08-08 | Q35: 2023-07-03 | R35: 2018 Q3 | S35: 2027 Q4 | T35: High | U35: On site: started 2018-08 | V35: 0 | W35: 7.5 | X35: 24.5 | Y35: 0 | Z35: 0 | AA35: 0 | AB35: 0 | AC35: 0
A36: 1058796 | B36: 19710 | C36: €8.5m - Student Accommodation Development, Former Hassett’s Bar | D36: Caherdavin | E36: Other County Limerick | F36: Audit land – within site | G36: CITY-21 | H36: Private | I36: Student (PBSA) | J36: Standard planning application | K36: Stalled (CIS) | L36: Stalled or Suspended | M36: 31 | O36: 2021-03-15 | Q36: 2029-03-13 | T36: Not projected | U36: Stalled – not projected | V36: 0 | W36: 0 | X36: 0 | Y36: 0 | Z36: 0 | AA36: 0 | AB36: 0 | AC36: 31
A37: 1391659 | B37: 2560151 | C37: €6.2m - Residential Development, Limerick | D37: Singland/Garryowen | E37: Limerick City and Suburbs | F37: Audit land – within site | G37: CITY-74 | H37: Private | I37: Market (incl. Part V) | J37: Standard planning application | K37: Under construction | L37: Contract Awarded | M37: 31 | O37: 2025-11-27 | P37: 2026-05-12 | Q37: 2030-11-26 | R37: 2026 Q2 | S37: 2028 Q1 | T37: High | U37: On site: started 2026-05 | V37: 0 | W37: 0 | X37: 28.5 | Y37: 2.5 | Z37: 0 | AA37: 0 | AB37: 0 | AC37: 0
A38: 1393371 | B38: 2560169 | C38: €4.8m - Mixed Use Development, Limerick | D38: Singland/Garryowen | E38: Limerick City and Suburbs | F38: Audit land – within site | G38: CITY-83 | H38: Private | I38: Market (incl. Part V) | J38: Standard planning application | K38: Not started – permission live | L38: Permission Granted | M38: 30 | O38: 2025-08-13 | Q38: 2030-08-12 | R38: 2027 Q1 | S38: 2028 Q4 | T38: Medium | U38: Permitted 2025-08; typical start 1.6 yrs after grant | V38: 0 | W38: 0 | X38: 1.4 | Y38: 28.6 | Z38: 0 | AA38: 0 | AB38: 0 | AC38: 0
A39: 1162677 | B39: 21520 | C39: €6.5m - Housing Development Limerick | D39: Corbally/Grove Island | E39: Limerick City and Suburbs | F39: Audit land – within site | G39: CITY-31 | H39: Private | I39: Market (incl. Part V) | J39: Standard planning application | K39: Under construction | L39: On Site | M39: 26 | O39: 2023-12-04 | P39: 2024-07-17 | Q39: 2028-12-03 | R39: 2024 Q3 | S39: 2027 Q4 | T39: High | U39: On site: started 2024-07 | V39: 0 | W39: 6.1 | X39: 19.9 | Y39: 0 | Z39: 0 | AA39: 0 | AB39: 0 | AC39: 0
A40: 1259753 | B40: 221216 | C40: €14m - Old Dublin Road Student Village LRD, Limerick City | D40: Singland/Garryowen | E40: Limerick City and Suburbs | F40: Audit land – within site | G40: CITY-52 | H40: Private | I40: Student (PBSA) | J40: LRD | K40: Under construction | L40: On Site | M40: 26 | N40: 202 | O40: 2023-05-17 | P40: 2024-12-27 | Q40: 2028-05-16 | R40: 2024 Q4 | S40: 2027 Q2 | T40: High | U40: On site: started 2024-12; student block completes in one go | V40: 0 | W40: 0 | X40: 26 | Y40: 0 | Z40: 0 | AA40: 0 | AB40: 0 | AC40: 0
A41: 1357447 | B41: 2460713 | C41: €4.2m - Apartment Development, Limerick City | D41: Singland/Garryowen | E41: Limerick City and Suburbs | F41: Audit land – within site | G41: CITY-49 | H41: Private | I41: Market (incl. Part V) | J41: Standard planning application | K41: Not started – permission live | L41: Permission Granted | M41: 25 | O41: 2025-10-31 | Q41: 2030-10-30 | R41: 2027 Q2 | S41: 2029 Q1 | T41: Medium | U41: Permitted 2025-10; typical start 1.6 yrs after grant | V41: 0 | W41: 0 | X41: 0 | Y41: 20.8 | Z41: 4.2 | AA41: 0 | AB41: 0 | AC41: 0
A42: 1414128 | B42: 2560953 | C42: €4.8m - Residential Development, Limerick | D42: Corbally/Grove Island | E42: Limerick City and Suburbs | F42: Audit land – within site | G42: CITY-30 | H42: Private | I42: Market (incl. Part V) | J42: Standard planning application | K42: Not started – permission live | L42: Permission Granted | M42: 25 | O42: 2026-04-29 | Q42: 2031-04-28 | R42: 2027 Q4 | S42: 2029 Q3 | T42: Medium | U42: Permitted 2026-04; typical start 1.6 yrs after grant | V42: 0 | W42: 0 | X42: 0 | Y42: 8.5 | Z42: 16.5 | AA42: 0 | AB42: 0 | AC42: 0
A43: 1241529 | B43: 22793 | C43: €4.5m - Housing Development, Limerick City | D43: Singland/Garryowen | E43: Limerick City and Suburbs | F43: Audit land – within site | G43: CITY-81 | H43: Private | I43: Market (incl. Part V) | J43: Standard planning application | K43: Under construction | L43: Contract Awarded | M43: 20 | O43: 2024-02-01 | P43: 2024-12-31 | Q43: 2029-01-31 | R43: 2025 Q1 | S43: 2027 Q4 | T43: High | U43: On site: started 2024-12 | V43: 0 | W43: 4.7 | X43: 15.3 | Y43: 0 | Z43: 0 | AA43: 0 | AB43: 0 | AC43: 0
A44: 1173364 | B44: 21835 | C44: €3.5m - Apartment Development, Limerick | D44: Singland/Garryowen | E44: Other County Limerick | F44: Audit land – within site | G44: CITY-83 | H44: Private | I44: Market (incl. Part V) | J44: Standard planning application | K44: Not started – permission live | L44: Permission Granted | M44: 14 | O44: 2022-02-17 | Q44: 2027-02-16 | R44: 2027 Q3 | S44: 2029 Q2 | T44: Low | U44: Permitted 2022-02, past typical start date with no commencement: start assumed in 9 months; expiry falls before assumed start | V44: 0 | W44: 0 | X44: 0 | Y44: 8.2 | Z44: 5.8 | AA44: 0 | AB44: 0 | AC44: 0
A45: 1245941 | B45: 22917 | C45: €3.6m - Mixed Use Development, Limerick | D45: Caherdavin | E45: Other County Limerick | F45: Audit land – within site | G45: CITY-6 | H45: Private | I45: Market (incl. Part V) | J45: Standard planning application | K45: Not started – permission live | L45: Permission Granted | M45: 12 | O45: 2023-10-03 | Q45: 2028-10-02 | R45: 2027 Q3 | S45: 2029 Q2 | T45: Low | U45: Permitted 2023-10, past typical start date with no commencement: start assumed in 9 months | V45: 0 | W45: 0 | X45: 0 | Y45: 7 | Z45: 5 | AA45: 0 | AB45: 0 | AC45: 0
A46: 1412257 | B46: 2560778 | C46: €1.2m - 10 Houses, Crossagalla | D46: Southhill | E46: Kilmallock | F46: Audit land – within site | G46: CITY-113 | H46: Private | I46: Market (incl. Part V) | J46: Standard planning application | K46: Not started – permission live | L46: Contract Awarded | M46: 10 | O46: 2026-02-24 | Q46: 2031-02-23 | R46: 2027 Q2 | S46: 2029 Q1 | T46: Medium | U46: Contract Awarded (CIS): start assumed within 6 months | V46: 0 | W46: 0 | X46: 0 | Y46: 8.4 | Z46: 1.6 | AA46: 0 | AB46: 0 | AC46: 0
A47: 978022 | B47: 18168 | C47: €3m - Mixed Use Development | D47: City Centre | E47: Other County Limerick | F47: Audit land – within site | G47: CITY-101 | H47: Private | I47: Market (incl. Part V) | J47: Standard planning application | K47: Not started – past expiry | L47: Permission Granted | M47: 8 | O47: 2018-07-19 | Q47: 2023-07-18 | T47: Not projected | U47: Permission expired – not projected | V47: 0 | W47: 0 | X47: 0 | Y47: 0 | Z47: 0 | AA47: 0 | AB47: 0 | AC47: 8
A48: 1120093 | B48: 20827 | C48: €864k - 4 Houses | D48: Singland/Garryowen | E48: Other County Limerick | F48: Audit land – within site | G48: CITY-50 | H48: Private | I48: Market (incl. Part V) | J48: Standard planning application | K48: Not started – past expiry | L48: Permission Granted | M48: 4 | O48: 2021-08-26 | Q48: 2026-08-25 | T48: Not projected | U48: Permission expired – not projected | V48: 0 | W48: 0 | X48: 0 | Y48: 0 | Z48: 0 | AA48: 0 | AB48: 0 | AC48: 4
A49: 1442414 | B49: 2660652 | C49: €540k - 4 Apartments, Limerick | D49: City Centre | E49: Limerick City and Suburbs | F49: Audit land – within site | G49: CITY-107 | H49: Private | I49: Market (incl. Part V) | J49: Standard planning application | K49: In planning | L49: Plans Submitted | M49: 4 | T49: Not projected | U49: Not yet decided – not projected | V49: 0 | W49: 0 | X49: 0 | Y49: 0 | Z49: 0 | AA49: 0 | AB49: 0 | AC49: 4
A50: 1325143 | B50: 2360951 | C50: €28m - Mixed Use Development, Moyross | D50: Caherdavin | E50: Other County Limerick | F50: Audit land – within site | G50: CITY-12 | H50: Public – AHB | I50: Social | J50: Standard planning application | K50: Under construction | L50: On Site | M50: 115 | O50: 2024-03-27 | P50: 2026-06-04 | Q50: 2029-03-26 | R50: 2026 Q2 | S50: 2028 Q3 | T50: High | U50: On site: started 2026-06 | V50: 0 | W50: 0 | X50: 51.6 | Y50: 63.4 | Z50: 0 | AA50: 0 | AB50: 0 | AC50: 0
A51: 1202244 | B51: 211640 | C51: €3.8m - Residential Development, Curry Lane | D51: Singland/Garryowen | E51: Other County Limerick | F51: Audit land – within site | G51: CITY-84 | H51: Public – AHB | I51: Social | J51: Standard planning application | K51: Under construction | L51: Commencement Expected | M51: 30 | O51: 2022-03-08 | P51: 2024-07-11 | Q51: 2027-03-07 | R51: 2024 Q3 | S51: 2027 Q4 | T51: High | U51: On site: started 2024-07 | V51: 0 | W51: 7 | X51: 23 | Y51: 0 | Z51: 0 | AA51: 0 | AB51: 0 | AC51: 0
A52: 1412002 | B52: 2560780 | C52: €95m - Dock Road LRD, Limerick | D52: City Centre | E52: Limerick City and Suburbs | F52: Audit land – within site | G52: CITY-91 | H52: Public – LDA | I52: Affordable / cost rental | J52: LRD | K52: Not started – permission live | L52: Tender | M52: 285 | O52: 2026-02-11 | Q52: 2031-02-10 | R52: 2027 Q4 | S52: 2033 Q3 | T52: Medium | U52: At tender (CIS): start assumed in 6–12 months | V52: 0 | W52: 0 | X52: 0 | Y52: 10.1 | Z52: 61 | AA52: 61 | AB52: 152.9 | AC52: 0
A53: 1147240 | B53: 218000 | C53: €47m - The Mungret Project | D53: Dooradoyle | E53: Mungret | F53: Audit land – within site | G53: CITY-149 | H53: Public – local authority | I53: Social | J53: Part 8 / council | K53: Under construction | L53: On Site | M53: 250 | O53: 2021-07-13 | P53: 2026-07-29 | R53: 2026 Q3 | S53: 2031 Q3 | T53: High | U53: On site: started 2026-07 | V53: 0 | W53: 0 | X53: 26.9 | Y53: 62.9 | Z53: 62.9 | AA53: 62.9 | AB53: 34.4 | AC53: 0
A54: 1425841 | B54: 258328 | C54: €14m - Residential Development, Limerick | D54: Southhill | E54: Limerick City and Suburbs | F54: Audit land – within site | G54: CITY-128 | H54: Public – local authority | I54: Social | J54: Part 8 / council | K54: In planning | L54: Plans Submitted | M54: 57 | T54: Not projected | U54: Not yet decided – not projected | V54: 0 | W54: 0 | X54: 0 | Y54: 0 | Z54: 0 | AA54: 0 | AB54: 0 | AC54: 57
A55: 1245933 | B55: 228016 | C55: €6m - Apartment Development, Limerick | D55: City Centre | E55: Other County Limerick | F55: Audit land – within site | G55: CITY-106 | H55: Public – local authority | I55: Social | J55: Part 8 / council | K55: Under construction | L55: On Site | M55: 36 | O55: 2022-11-21 | P55: 2024-09-25 | R55: 2024 Q3 | S55: 2027 Q4 | T55: High | U55: On site: started 2024-09 | V55: 0 | W55: 8.4 | X55: 27.6 | Y55: 0 | Z55: 0 | AA55: 0 | AB55: 0 | AC55: 0
A56: 1419614 | B56: 258327 | C56: €4.8m - Apartment Development, Limerick | D56: Kings Island | E56: Limerick City and Suburbs | F56: Audit land – within site | G56: CITY-41 | H56: Public – local authority | I56: Social | J56: Part 8 / council | K56: In planning | L56: Plans Submitted | M56: 30 | T56: Not projected | U56: Not yet decided – not projected | V56: 0 | W56: 0 | X56: 0 | Y56: 0 | Z56: 0 | AA56: 0 | AB56: 0 | AC56: 30
A57: 1054214 | B57: 198004 | C57: €6m - Residential Development, King's Island | D57: Kings Island | E57: Other County Limerick | F57: Audit land – within site | G57: CITY-35 | H57: Public – local authority | I57: Social | J57: Part 8 / council | K57: Not started – permission live | L57: Permission Granted | M57: 27 | O57: 2019-10-02 | R57: 2027 Q3 | S57: 2029 Q1 | T57: Low | U57: Permitted 2019-10, past typical start date with no commencement: start assumed in 9 months | V57: 0 | W57: 0 | X57: 0 | Y57: 20.5 | Z57: 6.5 | AA57: 0 | AB57: 0 | AC57: 0
A58: 999958 | B58: 188010 | C58: €2.2m - Residential Development | D58: City Centre | E58: Other County Limerick | F58: Audit land – within site | G58: CITY-107 | H58: Public – local authority | I58: Social | J58: Part 8 / council | K58: Complete | L58: Complete | M58: 11 | O58: 2018-08-31 | P58: 2020-02-13 | T58: Delivered | U58: Complete (CIS) | V58: 11 | W58: 0 | X58: 0 | Y58: 0 | Z58: 0 | AA58: 0 | AB58: 0 | AC58: 0
A59: 1447625 | B59: 248153 | C59: €1.4m - Part 8 - 2 Houses & 4 Apartments, Thomondghate | D59: Caherdavin | E59: Limerick City and Suburbs | F59: Audit land – within site | G59: CITY-25 | H59: Public – local authority | I59: Social | J59: Part 8 / council | K59: In planning | L59: Plans Submitted | M59: 6 | T59: Not projected | U59: Not yet decided – not projected | V59: 0 | W59: 0 | X59: 0 | Y59: 0 | Z59: 0 | AA59: 0 | AB59: 0 | AC59: 6
A60: 1114461 | B60: ABPREF307631 | C60: €44m - Residential Development, Castletroy | D60: Castletroy/Annacotty | E60: Limerick City and Suburbs | F60: City – outside audit land | H60: Private | I60: Market (incl. Part V) | J60: SHD (An Bord Pleanála) | K60: Complete | L60: Complete | M60: 200 | O60: 2020-11-02 | P60: 2022-08-30 | Q60: 2025-11-01 | T60: Delivered | U60: Complete (CIS) | V60: 200 | W60: 0 | X60: 0 | Y60: 0 | Z60: 0 | AA60: 0 | AB60: 0 | AC60: 0
A61: 990309 | B61: 18434 | C61: €10m - Residential Development, Singland | D61: Southhill | E61: Other County Limerick | F61: City – outside audit land | H61: Private | I61: Market (incl. Part V) | J61: Standard planning application | K61: Complete | L61: Complete | M61: 133 | O61: 2018-11-06 | P61: 2020-06-22 | Q61: 2023-11-05 | T61: Delivered | U61: Complete (CIS) | V61: 133 | W61: 0 | X61: 0 | Y61: 0 | Z61: 0 | AA61: 0 | AB61: 0 | AC61: 0
A62: 1319159 | B62: 2360842 | C62: €22m - Golf Links Road LRD, Monaleen | D62: Castletroy/Annacotty | E62: Limerick City and Suburbs | F62: City – outside audit land | H62: Private | I62: Market (incl. Part V) | J62: LRD | K62: Under construction | L62: On Site | M62: 122 | O62: 2024-05-23 | P62: 2024-12-20 | Q62: 2029-05-22 | R62: 2024 Q4 | S62: 2027 Q4 | T62: High | U62: On site: started 2024-12 | V62: 0 | W62: 28.4 | X62: 93.6 | Y62: 0 | Z62: 0 | AA62: 0 | AB62: 0 | AC62: 0
A63: 1184347 | B63: 211152 | C63: €16.6m - Residential Development, Castletroy | D63: Castletroy/Annacotty | E63: Limerick City and Suburbs | F63: City – outside audit land | H63: Private | I63: Market (incl. Part V) | J63: Standard planning application | K63: Complete | L63: Complete | M63: 105 | O63: 2022-04-20 | P63: 2024-04-11 | Q63: 2027-04-19 | T63: Delivered | U63: Complete (CIS) | V63: 105 | W63: 0 | X63: 0 | Y63: 0 | Z63: 0 | AA63: 0 | AB63: 0 | AC63: 0
A64: 1310780 | B64: 2360703 | C64: €27m - Mixed Use Development, Dooradoyle | D64: Dooradoyle | E64: Limerick City and Suburbs | F64: City – outside audit land | H64: Private | I64: Market (incl. Part V) | J64: Standard planning application | K64: Not started – permission live | L64: Tender | M64: 104 | O64: 2025-04-14 | Q64: 2030-04-13 | R64: 2027 Q2 | S64: 2029 Q2 | T64: Medium | U64: At tender (CIS): start assumed in 6–12 months | V64: 0 | W64: 0 | X64: 0 | Y64: 70 | Z64: 34 | AA64: 0 | AB64: 0 | AC64: 0
A65: 1186980 | B65: 211217 | C65: €15.2m - Residential Development Mungret | D65: Dooradoyle | E65: Mungret | F65: City – outside audit land | H65: Private | I65: Market (incl. Part V) | J65: Standard planning application | K65: Under construction | L65: On Site | M65: 101 | O65: 2023-07-28 | P65: 2024-02-13 | Q65: 2028-07-27 | R65: 2024 Q1 | S65: 2027 Q4 | T65: High | U65: On site: started 2024-02 | V65: 0 | W65: 23.5 | X65: 77.5 | Y65: 0 | Z65: 0 | AA65: 0 | AB65: 0 | AC65: 0
A66: 1019118 | B66: 181104 | C66: €11.8m - Residential Development, Castletroy | D66: Castletroy/Annacotty | E66: Limerick City and Suburbs | F66: City – outside audit land | H66: Private | I66: Market (incl. Part V) | J66: Standard planning application | K66: Under construction | L66: Part Complete | M66: 99 | O66: 2019-06-04 | P66: 2023-07-07 | Q66: 2027-06-02 | R66: 2023 Q3 | S66: 2027 Q4 | T66: High | U66: On site: started 2023-07 | V66: 0 | W66: 23.1 | X66: 75.9 | Y66: 0 | Z66: 0 | AA66: 0 | AB66: 0 | AC66: 0
A67: 1187172 | B67: 211216 | C67: €21m - Residential Development, Mungret | D67: Dooradoyle | E67: Mungret | F67: City – outside audit land | H67: Private | I67: Market (incl. Part V) | J67: Standard planning application | K67: Under construction | L67: Part Complete | M67: 99 | O67: 2023-07-28 | P67: 2024-04-20 | Q67: 2028-07-27 | R67: 2024 Q2 | S67: 2027 Q4 | T67: High | U67: On site: started 2024-04 | V67: 0 | W67: 23.1 | X67: 75.9 | Y67: 0 | Z67: 0 | AA67: 0 | AB67: 0 | AC67: 0
A68: 1193936 | B68: 211400 | C68: €21m - Newtow Meadows Development, Phase 4, Castletroy | D68: Castletroy/Annacotty | E68: Limerick City and Suburbs | F68: City – outside audit land | H68: Private | I68: Market (incl. Part V) | J68: Standard planning application | K68: Under construction | L68: Commencement Expected | M68: 98 | O68: 2022-06-09 | P68: 2024-07-01 | Q68: 2027-06-08 | R68: 2024 Q3 | S68: 2027 Q4 | T68: High | U68: On site: started 2024-07 | V68: 0 | W68: 22.8 | X68: 75.2 | Y68: 0 | Z68: 0 | AA68: 0 | AB68: 0 | AC68: 0
A69: 1131237 | B69: 201115 | C69: €16.5m - Residential Development, Mungret | D69: Dooradoyle | E69: Mungret | F69: City – outside audit land | H69: Private | I69: Market (incl. Part V) | J69: Standard planning application | K69: Under construction | L69: On Site | M69: 96 | O69: 2021-05-27 | P69: 2026-04-07 | Q69: 2029-07-09 | R69: 2026 Q2 | S69: 2029 Q1 | T69: High | U69: On site: started 2026-04 | V69: 0 | W69: 0 | X69: 38.9 | Y69: 52.8 | Z69: 4.3 | AA69: 0 | AB69: 0 | AC69: 0
A70: 1136132 | B70: 201114 | C70: €19.4m - Residential Development, Mungret | D70: Dooradoyle | E70: Mungret | F70: City – outside audit land | H70: Private | I70: Market (incl. Part V) | J70: Standard planning application | K70: Under construction | L70: Commencement Expected | M70: 96 | O70: 2021-05-27 | P70: 2022-02-21 | Q70: 2026-05-26 | R70: 2022 Q1 | S70: 2027 Q4 | T70: High | U70: On site: started 2022-02 | V70: 0 | W70: 22.4 | X70: 73.6 | Y70: 0 | Z70: 0 | AA70: 0 | AB70: 0 | AC70: 0
A71: 1081200 | B71: 191236 | C71: €16m - Housing Development | D71: Castletroy/Annacotty | E71: Limerick City and Suburbs | F71: City – outside audit land | H71: Private | I71: Market (incl. Part V) | J71: Standard planning application | K71: Complete | L71: Complete | M71: 92 | O71: 2021-03-04 | P71: 2022-11-01 | Q71: 2026-03-03 | T71: Delivered | U71: Complete (CIS) | V71: 92 | W71: 0 | X71: 0 | Y71: 0 | Z71: 0 | AA71: 0 | AB71: 0 | AC71: 0
A72: 1069596 | B72: 19970 | C72: €16m - Residential Development, Ennis Road | D72: Caherdavin | E72: Other County Limerick | F72: City – outside audit land | H72: Private | I72: Market (incl. Part V) | J72: Standard planning application | K72: Under construction | L72: Commencement Expected | M72: 92 | O72: 2020-11-16 | P72: 2023-04-10 | Q72: 2028-11-14 | R72: 2023 Q2 | S72: 2027 Q4 | T72: High | U72: On site: started 2023-04 | V72: 0 | W72: 21.4 | X72: 70.6 | Y72: 0 | Z72: 0 | AA72: 0 | AB72: 0 | AC72: 0
A73: 1051816 | B73: 19547 | C73: €18m - Residential Development, Castletroy | D73: Castletroy/Annacotty | E73: Limerick City and Suburbs | F73: City – outside audit land | H73: Private | I73: Market (incl. Part V) | J73: Standard planning application | K73: Under construction | L73: Commencement Expected | M73: 90 | O73: 2020-05-28 | P73: 2022-05-26 | Q73: 2025-05-27 | R73: 2022 Q2 | S73: 2027 Q4 | T73: High | U73: On site: started 2022-05 | V73: 0 | W73: 21 | X73: 69 | Y73: 0 | Z73: 0 | AA73: 0 | AB73: 0 | AC73: 0
A74: 1417885 | B74: 2561242 | C74: €14.5m - Residential Development, Limerick | D74: City Centre | E74: Other County Limerick | F74: City – outside audit land | H74: Private | I74: Market (incl. Part V) | J74: Standard planning application | K74: Not started – permission live | L74: Permission Granted | M74: 76 | O74: 2026-06-10 | Q74: 2031-06-09 | R74: 2027 Q3 | S74: 2029 Q4 | T74: Medium | U74: Permitted 2026-06; typical start 1.1 yrs after grant | V74: 0 | W74: 0 | X74: 0 | Y74: 26.3 | Z74: 49.7 | AA74: 0 | AB74: 0 | AC74: 0
A75: 1306162 | B75: 2360615 | C75: €11.3m - Housing Development, Mungret | D75: Dooradoyle | E75: Limerick City and Suburbs | F75: City – outside audit land | H75: Private | I75: Market (incl. Part V) | J75: Standard planning application | K75: Under construction | L75: On Site | M75: 66 | O75: 2024-01-15 | P75: 2024-04-22 | Q75: 2029-01-14 | R75: 2024 Q2 | S75: 2027 Q4 | T75: High | U75: On site: started 2024-04 | V75: 0 | W75: 15.4 | X75: 50.6 | Y75: 0 | Z75: 0 | AA75: 0 | AB75: 0 | AC75: 0
A76: 1134847 | B76: 201195 | C76: €9m - Residential Development, Mungret | D76: Dooradoyle | E76: Mungret | F76: City – outside audit land | H76: Private | I76: Market (incl. Part V) | J76: Standard planning application | K76: Complete | L76: Complete | M76: 66 | O76: 2021-06-23 | P76: 2022-04-08 | Q76: 2026-06-22 | T76: Delivered | U76: Complete (CIS) | V76: 66 | W76: 0 | X76: 0 | Y76: 0 | Z76: 0 | AA76: 0 | AB76: 0 | AC76: 0
A77: 1129627 | B77: 201074 | C77: €13m - Residential Development, Castletroy | D77: Castletroy/Annacotty | E77: Limerick City and Suburbs | F77: City – outside audit land | H77: Private | I77: Market (incl. Part V) | J77: Standard planning application | K77: Under construction | L77: On Site | M77: 62 | O77: 2021-05-06 | P77: 2023-06-01 | Q77: 2026-05-05 | R77: 2023 Q2 | S77: 2027 Q4 | T77: High | U77: On site: started 2023-06 | V77: 0 | W77: 14.4 | X77: 47.6 | Y77: 0 | Z77: 0 | AA77: 0 | AB77: 0 | AC77: 0
A78: 1157003 | B78: 21350 | C78: €14m - Residential Development,Castletroy | D78: Castletroy/Annacotty | E78: Limerick City and Suburbs | F78: City – outside audit land | H78: Private | I78: Market (incl. Part V) | J78: Standard planning application | K78: Under construction | L78: On Site | M78: 62 | O78: 2021-12-03 | P78: 2022-03-25 | Q78: 2026-12-02 | R78: 2022 Q1 | S78: 2027 Q4 | T78: High | U78: On site: started 2022-03 | V78: 0 | W78: 14.4 | X78: 47.6 | Y78: 0 | Z78: 0 | AA78: 0 | AB78: 0 | AC78: 0
A79: 1010675 | B79: 187031 | C79: €11m - Residential Development, Castletroy | D79: Castletroy/Annacotty | E79: Limerick City and Suburbs | F79: City – outside audit land | H79: Private | I79: Market (incl. Part V) | J79: Standard planning application | K79: Under construction | L79: On Site | M79: 54 | O79: 2018-10-23 | P79: 2021-04-12 | Q79: 2021-12-31 | R79: 2021 Q2 | S79: 2027 Q4 | T79: High | U79: On site: started 2021-04 | V79: 0 | W79: 12.6 | X79: 41.4 | Y79: 0 | Z79: 0 | AA79: 0 | AB79: 0 | AC79: 0
A80: 1024750 | B80: 181243 | C80: €6.4m - Residential Development, Crossagalla | D80: Southhill | E80: Kilmallock | F80: City – outside audit land | H80: Private | I80: Market (incl. Part V) | J80: Standard planning application | K80: Complete | L80: Complete | M80: 53 | O80: 2019-09-04 | P80: 2021-04-28 | Q80: 2024-09-03 | T80: Delivered | U80: Complete (CIS) | V80: 53 | W80: 0 | X80: 0 | Y80: 0 | Z80: 0 | AA80: 0 | AB80: 0 | AC80: 0
A81: 1408292 | B81: 2560540 | C81: €7m - Apartment Development, Limerick City | D81: City Centre | E81: Limerick City and Suburbs | F81: City – outside audit land | H81: Private | I81: Market (incl. Part V) | J81: Standard planning application | K81: Not started – permission live | L81: Permission Granted | M81: 48 | O81: 2025-11-10 | Q81: 2030-11-09 | R81: 2027 Q2 | S81: 2029 Q3 | T81: Medium | U81: Permitted 2025-11; typical start 1.6 yrs after grant | V81: 0 | W81: 0 | X81: 0 | Y81: 20.5 | Z81: 27.5 | AA81: 0 | AB81: 0 | AC81: 0
A82: 1350852 | B82: 2460570 | C82: €4.5m - Apartment Development, Limerick City | D82: City Centre | E82: Limerick City and Suburbs | F82: City – outside audit land | H82: Private | I82: Market (incl. Part V) | J82: Standard planning application | K82: Not started – permission live | L82: Permission Granted | M82: 40 | O82: 2025-02-06 | Q82: 2030-02-05 | R82: 2027 Q3 | S82: 2029 Q2 | T82: Low | U82: Permitted 2025-02, past typical start date with no commencement: start assumed in 9 months | V82: 0 | W82: 0 | X82: 0 | Y82: 22 | Z82: 18 | AA82: 0 | AB82: 0 | AC82: 0
A83: 999946 | B83: 18698 | C83: €4.6m - Residential Development | D83: Castletroy/Annacotty | E83: Limerick City and Suburbs | F83: City – outside audit land | H83: Private | I83: Market (incl. Part V) | J83: Standard planning application | K83: Complete | L83: Complete | M83: 38 | O83: 2018-11-21 | P83: 2019-09-18 | Q83: 2029-01-23 | T83: Delivered | U83: Complete (CIS) | V83: 38 | W83: 0 | X83: 0 | Y83: 0 | Z83: 0 | AA83: 0 | AB83: 0 | AC83: 0
A84: 1201033 | B84: 211598 | C84: €5.8m - Apartment/Retail Development, Limerick | D84: City Centre | E84: Other County Limerick | F84: City – outside audit land | H84: Private | I84: Market (incl. Part V) | J84: Standard planning application | K84: Not started – permission live | L84: Permission Granted | M84: 37 | O84: 2022-05-25 | Q84: 2027-05-24 | R84: 2027 Q3 | S84: 2029 Q2 | T84: Low | U84: Permitted 2022-05, past typical start date with no commencement: start assumed in 9 months; expiry falls before assumed start | V84: 0 | W84: 0 | X84: 0 | Y84: 23 | Z84: 14 | AA84: 0 | AB84: 0 | AC84: 0
A85: 1408496 | B85: 2560546 | C85: €7m - Residential/Commercial Development, Limerick | D85: City Centre | E85: Other County Limerick | F85: City – outside audit land | H85: Private | I85: Market (incl. Part V) | J85: Standard planning application | K85: Not started – permission live | L85: Permission Granted | M85: 37 | O85: 2025-09-04 | Q85: 2030-09-03 | R85: 2027 Q2 | S85: 2029 Q1 | T85: Medium | U85: Permitted 2025-09; typical start 1.6 yrs after grant | V85: 0 | W85: 0 | X85: 0 | Y85: 31.4 | Z85: 5.6 | AA85: 0 | AB85: 0 | AC85: 0
A86: 895586 | B86: 191060 | C86: €50m - 1 BQ Development, Limerick City | D86: City Centre | E86: Limerick City and Suburbs | F86: City – outside audit land | H86: Private | I86: Market (incl. Part V) | J86: Standard planning application | K86: Complete | L86: Complete | M86: 35 | O86: 2020-03-04 | P86: 2022-06-20 | Q86: 2022-06-18 | T86: Delivered | U86: Complete (CIS) | V86: 35 | W86: 0 | X86: 0 | Y86: 0 | Z86: 0 | AA86: 0 | AB86: 0 | AC86: 0
A87: 1254537 | B87: 221107 | C87: €5m - Apartment/Retail Development, Dooradoyle | D87: Dooradoyle | E87: Limerick City and Suburbs | F87: City – outside audit land | H87: Private | I87: Market (incl. Part V) | J87: Standard planning application | K87: Not started – permission live | L87: Permission Granted | M87: 30 | O87: 2023-06-14 | Q87: 2028-06-13 | R87: 2027 Q3 | S87: 2029 Q1 | T87: Low | U87: Permitted 2023-06, past typical start date with no commencement: start assumed in 9 months | V87: 0 | W87: 0 | X87: 0 | Y87: 22.8 | Z87: 7.2 | AA87: 0 | AB87: 0 | AC87: 0
A88: 1103803 | B88: 20467 | C88: €5.4m - Patricks Well Housing Development, Mungret | D88: Dooradoyle | E88: Mungret | F88: City – outside audit land | H88: Private | I88: Market (incl. Part V) | J88: Standard planning application | K88: Under construction | L88: On Site | M88: 29 | O88: 2021-01-29 | P88: 2021-10-11 | Q88: 2029-03-12 | R88: 2021 Q4 | S88: 2027 Q4 | T88: High | U88: On site: started 2021-10 | V88: 0 | W88: 6.8 | X88: 22.2 | Y88: 0 | Z88: 0 | AA88: 0 | AB88: 0 | AC88: 0
A89: 1250272 | B89: 221003 | C89: €6.5m - Apartment Development, Limerick | D89: City Centre | E89: Limerick City and Suburbs | F89: City – outside audit land | H89: Private | I89: Market (incl. Part V) | J89: Standard planning application | K89: Not started – permission live | L89: Permission Granted | M89: 29 | O89: 2023-07-12 | Q89: 2028-07-11 | R89: 2027 Q3 | S89: 2029 Q1 | T89: Low | U89: Permitted 2023-07, past typical start date with no commencement: start assumed in 9 months | V89: 0 | W89: 0 | X89: 0 | Y89: 22 | Z89: 7 | AA89: 0 | AB89: 0 | AC89: 0
A90: 1258052 | B90: 221189 | C90: €6.3m - Apartment Development, Limerick | D90: Caherdavin | E90: Other County Limerick | F90: City – outside audit land | H90: Private | I90: Market (incl. Part V) | J90: Standard planning application | K90: Under construction | L90: On Site | M90: 28 | O90: 2024-12-19 | P90: 2026-02-20 | Q90: 2029-12-18 | R90: 2026 Q1 | S90: 2027 Q4 | T90: High | U90: On site: started 2026-02 | V90: 0 | W90: 3.9 | X90: 24.1 | Y90: 0 | Z90: 0 | AA90: 0 | AB90: 0 | AC90: 0
A91: 1022341 | B91: 187040 | C91: €5.7m - Residential Development, Rhebogue | D91: Singland/Garryowen | E91: Other County Limerick | F91: City – outside audit land | H91: Private | I91: Market (incl. Part V) | J91: Standard planning application | K91: Under construction | L91: Commencement Expected | M91: 26 | O91: 2018-12-14 | P91: 2020-10-21 | Q91: 2023-12-30 | R91: 2020 Q4 | S91: 2027 Q4 | T91: High | U91: On site: started 2020-10 | V91: 0 | W91: 6.1 | X91: 19.9 | Y91: 0 | Z91: 0 | AA91: 0 | AB91: 0 | AC91: 0
A92: 1256924 | B92: 221172 | C92: €5.9m - Student Accommodation Development | D92: City Centre | E92: Other County Limerick | F92: City – outside audit land | H92: Private | I92: Student (PBSA) | J92: Standard planning application | K92: Not started – permission live | L92: Permission Granted | M92: 25 | N92: 116 | O92: 2024-05-30 | Q92: 2029-05-29 | R92: 2027 Q3 | S92: 2028 Q4 | T92: Low | U92: Permitted 2024-05, past typical start date with no commencement: start assumed in 9 months; student block completes in one go | V92: 0 | W92: 0 | X92: 0 | Y92: 25 | Z92: 0 | AA92: 0 | AB92: 0 | AC92: 0
A93: 990340 | B93: 18465 | C93: €3.4m - Residential Development, Mungret | D93: Dooradoyle | E93: Mungret | F93: City – outside audit land | H93: Private | I93: Market (incl. Part V) | J93: Standard planning application | K93: Complete | L93: Complete | M93: 25 | O93: 2018-09-18 | P93: 2020-07-16 | Q93: 2023-09-17 | T93: Delivered | U93: Complete (CIS) | V93: 25 | W93: 0 | X93: 0 | Y93: 0 | Z93: 0 | AA93: 0 | AB93: 0 | AC93: 0
A94: 1005377 | B94: 187029 | C94: €1.9m - Housing Development | D94: Corbally/Grove Island | E94: Limerick City and Suburbs | F94: City – outside audit land | H94: Private | I94: Market (incl. Part V) | J94: Standard planning application | K94: Complete | L94: Complete | M94: 24 | O94: 2018-10-04 | P94: 2018-03-13 | Q94: 2021-12-31 | T94: Delivered | U94: Complete (CIS) | V94: 24 | W94: 0 | X94: 0 | Y94: 0 | Z94: 0 | AA94: 0 | AB94: 0 | AC94: 0
A95: 1094519 | B95: 20222 | C95: €8.9m - Mixed Use Development, 34-41 Catherine Street | D95: City Centre | E95: Other County Limerick | F95: City – outside audit land | H95: Private | I95: Market (incl. Part V) | J95: Standard planning application | K95: Not started – past expiry | L95: Permission Granted | M95: 24 | O95: 2021-01-06 | Q95: 2026-01-05 | T95: Not projected | U95: Permission expired – not projected | V95: 0 | W95: 0 | X95: 0 | Y95: 0 | Z95: 0 | AA95: 0 | AB95: 0 | AC95: 24
A96: 1263713 | B96: 221367 | C96: €5.2m - Residential Development, Limerick | D96: City Centre | E96: Other County Limerick | F96: City – outside audit land | H96: Private | I96: Market (incl. Part V) | J96: Standard planning application | K96: Not started – permission live | L96: Permission Granted | M96: 24 | O96: 2023-09-13 | Q96: 2028-09-12 | R96: 2027 Q3 | S96: 2030 Q2 | T96: Low | U96: Permitted 2023-09, past typical start date with no commencement: start assumed in 9 months | V96: 0 | W96: 0 | X96: 0 | Y96: 6.2 | Z96: 12.8 | AA96: 5 | AB96: 0 | AC96: 0
A97: 1403973 | B97: 2560425 | C97: €4.4m - Apartment Development | D97: Dooradoyle | E97: Limerick City and Suburbs | F97: City – outside audit land | H97: Private | I97: Market (incl. Part V) | J97: Standard planning application | K97: Not started – permission live | L97: Permission Granted | M97: 24 | O97: 2026-04-14 | Q97: 2031-04-13 | R97: 2027 Q3 | S97: 2030 Q3 | T97: Medium | U97: Permitted 2026-04; typical start 1.4 yrs after grant | V97: 0 | W97: 0 | X97: 0 | Y97: 4.2 | Z97: 12.8 | AA97: 7 | AB97: 0 | AC97: 0
A98: 1278374 | B98: 2360150 | C98: €3m - Apartment Development, Limerick | D98: City Centre | E98: Limerick City and Suburbs | F98: City – outside audit land | H98: Private | I98: Market (incl. Part V) | J98: Standard planning application | K98: Under construction | L98: On Site | M98: 24 | O98: 2023-08-22 | P98: 2025-12-01 | Q98: 2028-08-21 | R98: 2025 Q4 | S98: 2028 Q4 | T98: High | U98: On site: started 2025-12 | V98: 0 | W98: 1.1 | X98: 12.8 | Y98: 10.1 | Z98: 0 | AA98: 0 | AB98: 0 | AC98: 0
A99: 1019119 | B99: 181105 | C99: €2.3m - Housing Development | D99: Castletroy/Annacotty | E99: Limerick City and Suburbs | F99: City – outside audit land | H99: Private | I99: Market (incl. Part V) | J99: Standard planning application | K99: Under construction | L99: Part Complete | M99: 23 | O99: 2019-09-19 | P99: 2023-07-06 | Q99: 2024-09-18 | R99: 2023 Q3 | S99: 2027 Q4 | T99: High | U99: On site: started 2023-07 | V99: 0 | W99: 5.4 | X99: 17.6 | Y99: 0 | Z99: 0 | AA99: 0 | AB99: 0 | AC99: 0
A100: 1196488 | B100: 211475 | C100: €4.9m - Residential Development, Castletroy | D100: Castletroy/Annacotty | E100: Limerick City and Suburbs | F100: City – outside audit land | H100: Private | I100: Market (incl. Part V) | J100: Standard planning application | K100: Under construction | L100: On Site | M100: 23 | O100: 2022-05-03 | P100: 2022-08-15 | Q100: 2027-05-02 | R100: 2022 Q3 | S100: 2027 Q4 | T100: High | U100: On site: started 2022-08 | V100: 0 | W100: 5.4 | X100: 17.6 | Y100: 0 | Z100: 0 | AA100: 0 | AB100: 0 | AC100: 0
...

Sheet CSO reconciliation
A1: CSO planning permissions vs the planning register and the tracker
A2: CSO: BHQ17, units for which permission granted, Limerick City & County Council (downloaded 08/10/2026). Register: National Planning Applications dataset, Limerick, granted permissions with residential units, by decision date. 2026 covers 2026Q1, 2026Q2 only.
A4: Year | B4: CSO one-off houses | C4: CSO scheme houses | D4: CSO apartments | E4: CSO total | F4: Register: single dwellings, not in tracker | G4: Register: 2–9 unit schemes, not in tracker | H4: Register: 10+ amendments to earlier permissions | I4: Register: other 10+ not in tracker | J4: Register: schemes in tracker | K4: Register total | L4: CSO minus register
A5: 2018 | B5: 224 | C5: 575 | D5: 89 | E5: 888 | F5: 276 | G5: 114 | H5: 91 | I5: 372 | J5: 490 | K5: 1343 | L5: =E5-K5 -> -455
A6: 2019 | B6: 229 | C6: 452 | D6: 155 | E6: 836 | F6: 285 | G6: 111 | H6: 67 | I6: 86 | J6: 474 | K6: 1023 | L6: =E6-K6 -> -187
A7: 2020 | B7: 225 | C7: 308 | D7: 248 | E7: 781 | F7: 253 | G7: 83 | H7: 77 | I7: 219 | J7: 390 | K7: 1022 | L7: =E7-K7 -> -241
A8: 2021 | B8: 368 | C8: 288 | D8: 403 | E8: 1059 | F8: 445 | G8: 99 | H8: 41 | I8: 0 | J8: 592 | K8: 1177 | L8: =E8-K8 -> -118
A9: 2022 | B9: 402 | C9: 688 | D9: 718 | E9: 1808 | F9: 401 | G9: 173 | H9: 83 | I9: 35 | J9: 1215 | K9: 1907 | L9: =E9-K9 -> -99
A10: 2023 | B10: 182 | C10: 427 | D10: 433 | E10: 1042 | F10: 205 | G10: 69 | H10: 138 | I10: 57 | J10: 767 | K10: 1236 | L10: =E10-K10 -> -194
A11: 2024 | B11: 184 | C11: 865 | D11: 455 | E11: 1504 | F11: 213 | G11: 80 | H11: 49 | I11: 0 | J11: 586 | K11: 928 | L11: =E11-K11 -> 576
A12: 2025 | B12: 183 | C12: 350 | D12: 395 | E12: 928 | F12: 233 | G12: 87 | H12: 28 | I12: 40 | J12: 392 | K12: 780 | L12: =E12-K12 -> 148
A13: 2026 (Q1–Q2) | B13: 106 | C13: 201 | D13: 810 | E13: 1117 | F13: 132 | G13: 17 | H13: 38 | I13: 0 | J13: 392 | K13: 579 | L13: =E13-K13 -> 538
A14: Total 2018–2025 (full years) | B14: =SUM(B5:B12) -> 1997 | C14: =SUM(C5:C12) -> 3953 | D14: =SUM(D5:D12) -> 2896 | E14: =SUM(E5:E12) -> 8846 | F14: =SUM(F5:F12) -> 2311 | G14: =SUM(G5:G12) -> 816 | H14: =SUM(H5:H12) -> 574 | I14: =SUM(I5:I12) -> 809 | ... L14: =SUM(L5:L12) -> -570
A15: Year-to-year differences are likely due to timing (decision date vs grant), appeals decided by An Bord Pleanála / An Coimisiún Pleanála, and amendments that re-permit units already counted. Over the full years the two sources are close.
A17: Small-scheme and one-off allowance (supply the tracker does not hold)
A18: Averaging period | B18: 2023–2025 (latest three full years)
A19: One-off houses permitted per year (CSO average) | B19: =AVERAGE(B10:B12) -> 183
A20: 2–9 unit schemes not in tracker, units per year (register average) | B20: =AVERAGE(G10:G12) -> 78.666667
A21: Share of permitted units built (input) | B21: 0.73
A22: Annual allowance (completions per year) | B22: =(B19+B20)*B21 -> 191.01667
A23: Share of 2026 remaining after 08/10/2026 | B23: =(DATE(2027,1,1)-DATE(2026,10,8))/365 -> 0.23287671
A24: Share built: 73% of units in 1–9 unit schemes permitted two or more years before the report date had started (delivery study, implementation by size). It comes from CIS small schemes, not one-off houses, so treat it as an assumption; change the blue cell to test others. Steady state assumed: recent permissions run at the same rate as past ones, and each year’s completions come from permissions granted about three years earlier.
A26: Allowance by year | B26: Q4 2026 | C26: 2027 | D26: 2028 | E26: 2029 | F26: 2030 | G26: 2031+ | H26: Q4 2026–2030
A27: Small schemes and one-off houses | B27: =B22*B23 -> 44.483333 | C27: =$B$22 -> 191.01667 | D27: =$B$22 -> 191.01667 | E27: =$B$22 -> 191.01667 | F27: =$B$22 -> 191.01667 | G27: 0 | H27: =SUM(B27:F27) -> 808.55
A28: 2031+ left at zero: the allowance is a yearly rate, and the tracker’s 2031+ column is the tail of known schemes.
A30: Register grants of 10+ units since 2021 not in CIS: checked 08/10/2026
A31: Description | B31: Register ref | C31: Decided | D31: Units (register) | E31: Address | F31: Finding
A32: a residential development comprising 96 no. residential units, (2 no. detached houses; 16 no. semi-detached houses; 40 no. terrace units and 38 no. in 2 no. fou | B32: 22841 | C32: 02/05/2023 | D32: 57 | E32: Baunacloka , Raheen , Co. Limerick | F32: Refused on appeal, PL91.317106 (20/10/2025). Not live.
A33: the construction of 40 No. residential units comprising of 20 No. Houses and 20 No. Apartments, all two-storey in height. The units proposed are a mix of 1 and | B33: 2460606 | C33: 03/04/2025 | D33: 40 | E33: Saint Ita's Road , Abbeyfeale West , Abbeyfeale | F33: Refused on appeal, PL91.322380 (20/08/2025). Not live.
A34: change of use from Medical Centre previously granted under permission ref. 19/710 to 19no. student spaces of 507.6sqm on ground floor. Provision of 12no. car p | B34: 211820 | C34: 25/02/2022 | D34: 35 | E34: Hassett's Cross , Limerick. | F34: Change of use within 19/710 (Hassett’s Cross, already tracked); expired 14/03/2026. Not new supply.
A35: the construction of 14 dwelling houses, including 2 no semi-detached 2 bedroom bungalows, 12 no 2 storey semi-detached 3 bedroom houses, of which 4 will have an | B35: 20525 | C35: 16/03/2021 | D35: 14 | E35: Skagh , Croom , Co. Limerick | F35: Added to tracker. Granted on appeal PL91.309917 (02/12/2021); expires 01/12/2026; no commencement notice.
A36: the construction of 10 dwelling units to include 2 no. detached 5 bedroom bungalow dwellings & 8 no. 3 bed semi-detached dwellings, all necessary ancillary site | B36: 24151 | C36: 04/12/2024 | D36: 10 | E36: Cois Sruthain , Croom , Co. Limerick | F36: Added to tracker. Granted 15/01/2025; expires 14/01/2030; no commencement notice.
A37: Two live schemes (Croom, 24 homes) added to the tracker as register-only records. The others are refused or not new supply.

Sheet Assumptions
A1: Method and assumptions
A3: Audit land | B3: Council city sites audit (in_sca/sca.gpkg): sites drawn twice under one reference merged; rsca 2 and 112 reinstated (removed in the council’s 04/12/25 review with no reason recorded; checked as still developable); rsca 35 reinstated (removed because it already had Part 8 approval 19/8004, unlike the 28 permitted sites the council kept). County audit not yet supplied.
A4: Capacity | B4: The council’s estimate per site (area × density band). Not a design-led figure. rsca 112 has a narrow, irregular shape, so its capacity is likely an upper figure.
A5: Permissions | B5: Counted residential schemes from the pipeline tracker after primacy rules (no double counting of amendments, repeats or superseded applications), plus register-only Part 8s, KPMG additions and granted PBSA. PBSA counted in the units recorded for the scheme (cluster apartments); bedspaces are shown separately and are not added to unit totals.
A6: Location | B6: Matched on the planning application boundary (national Planning Application Sites layer, joined by planning reference; SHDs via the council’s yy + case number copy) for 240 of 265 schemes. Within site = at least half the boundary on an audit site, or the boundary covers at least half the site (red lines often take in access roads). Partly on = 10–50% overlap; check. Schemes with no boundary (mostly CIS Part 8s without a council file number) use the scheme point: inside a site, within 50 m (edge, check) or further. City – outside audit land = no meaningful overlap with any audit site. County = outside the city audit area; cannot be assessed until the county audit is supplied.
A7: Consented | B7: Complete + under construction + permitted not started (live) + stalled. Expired permissions and applications still in planning are shown separately and not counted as consent.
A8: Sector | B8: Private; Public – local authority (incl. Part 8 and council own-build); Public – AHB; Public – LDA. From the tracker’s owner classification.
A9: Delivery year: on site | B9: Build period = the larger of (a) the median start-to-completion time for the scheme’s size band and (b) units ÷ median build rate for the band. First homes complete a year after start, or halfway through the build if shorter. Units are spread evenly from then until the end of the build, counting only time after 08/10/2026. Schemes past their estimated finish, or within a year of it, have their units spread over the next 12 months.
A10: Delivery year: student (PBSA) | B10: Purpose-built student schemes finish as one block: all units placed in the year the build ends (start + median build period for the size band). The Castletroy mixed scheme (26/60089) is phased like housing.
A11: Delivery year: permitted | B11: Start = final grant + median grant-to-start time for the size band. Contract awarded / commencement expected (CIS): start within 6 months. At tender: start in 6–12 months. Past the usual start date with no commencement notice: start assumed in 9 months, low confidence. Then the same build profile as above.
A12: Not projected | B12: Stalled (CIS), expired and in-planning units are not placed in a year.
A13: No probability weighting | B13: Every permitted unit is assumed to be built. In practice some live permissions will lapse; the study found a share of permissions never start. Read Medium and Low rows as upper figures.
A14: Timings used | B14: Medians from Limerick schemes with recorded dates (building control commencements and CIS completions):
A16: Size band | B16: Grant to start (yrs) | C16: Schemes | D16: Start to completion (yrs) | E16: Schemes | F16: Build rate (homes / yr)
A17: 1–9 | B17: 1.28 | C17: 45 | D17: 1.7 | E17: 18 | F17: 4.1
A18: 10–24 | B18: 1.39 | C18: 34 | D18: 1.79 | E18: 15 | F18: 8.3
A19: 25–49 | B19: 1.62 | C19: 23 | D19: 1.45 | E19: 6 | F19: 21.5
A20: 50–99 | B20: 1.13 | C20: 23 | D20: 2.26 | E20: 4 | F20: 34
A21: 100+ | B21: 1.72 | C21: 10 | D21: 2.09 | E21: 3 | F21: 50.3
A22: Start-to-completion medians for 50–99 and 100+ rest on few schemes, so the build-rate rule usually sets the build period for large schemes.
